specimen_id,archive_specimen_path,track_id,observed_plane_count,width_available_plane_count,width_mean_um,width_sd_um,width_cv,width_min_um,width_max_um,width_range_um,representative_z,representative_width_um,representative_instance_mask_area_px,adjacent_width_plane_count,adjacent_z,adjacent_widths_um,max_adjacent_absolute_difference_um,max_adjacent_relative_difference,representative_materially_differs_from_adjacent
KJ-01,kj_sv_40xx0.75-1,1,5,5,1.1487,0.11085675441758158,0.09650627180080228,1.0743,1.3397,0.26539999999999986,1,1.3397,92.0,2,0;2,1.1505;1.0975,0.24219999999999997,0.18078674330073896,False
KJ-01,kj_sv_40xx0.75-1,2,9,9,1.2493666666666665,0.13280523333061844,0.10629804434029386,1.0703,1.3379,0.26760000000000006,3,1.3379,115.0,2,2;4,1.3379;1.3379,0.0,0.0,False
KJ-01,kj_sv_40xx0.75-1,3,9,9,1.3485111111111112,0.019709670497273946,0.01461587549029098,1.3046,1.3711,0.0665,3,1.3711,96.0,2,2;4,1.361;1.3675,0.010099999999999998,0.007366348187586608,False
KJ-01,kj_sv_40xx0.75-1,4,6,6,1.3767833333333332,0.17805752347673112,0.12932864537634664,1.0831,1.6096,0.5265,3,1.3704,123.0,2,2;4,1.3516;1.6096,0.23919999999999986,0.17454757734967882,False
KJ-01,kj_sv_40xx0.75-1,5,3,3,1.2848333333333333,0.16677198006060054,0.12980047741128595,1.1379,1.4661,0.32820000000000005,0,1.4661,99.0,1,1,1.2505,0.2156,0.14705681740672533,False
KJ-01,kj_sv_40xx0.75-1,6,8,8,1.3114625,0.08633962734457451,0.06583461390971874,1.1068,1.3646,0.25780000000000003,7,1.3646,115.0,1,6,1.3509,0.013700000000000045,0.010039572035761429,False
KJ-01,kj_sv_40xx0.75-1,7,5,5,1.2120599999999997,0.1554493261484269,0.128252170807078,1.1353,1.4899,0.3546,2,1.1476,103.0,2,1;3,1.1502;1.4899,0.34230000000000005,0.29827466016033466,False
KJ-01,kj_sv_40xx0.75-1,10,17,17,1.6287823529411762,0.5404472386774842,0.33181059317199185,0.7598,3.1619,2.4021,17,1.7217,267.0,1,16,3.1619,1.4402000000000001,0.8364988093163734,True
KJ-01,kj_sv_40xx0.75-1,11,8,8,1.3541625000000002,0.18446648892336595,0.1362218263490282,1.1353,1.5137,0.37840000000000007,5,1.5137,115.0,2,4;6,1.5137;1.5137,0.0,0.0,False
KJ-01,kj_sv_40xx0.75-1,12,10,10,1.40081,0.16771276006580088,0.11972555883081994,1.1677,1.5601,0.3924000000000001,7,1.5601,118.0,2,6;8,1.557;1.5593,0.0031000000000001027,0.0019870521120441656,False
KJ-01,kj_sv_40xx0.75-1,13,4,4,1.398125,0.1891112084638736,0.13526058718918094,1.1585,1.5788,0.4202999999999999,2,1.5788,114.0,2,1;3,1.3396;1.5156,0.23920000000000008,0.1515074740309096,False
KJ-01,kj_sv_40xx0.75-1,14,3,3,1.1920333333333333,0.01858610592171835,0.015591934723624913,1.1713,1.2072,0.03590000000000004,1,1.2072,98.0,2,0;2,1.1713;1.1976,0.03590000000000004,0.029738237243207455,False
KJ-01,kj_sv_40xx0.75-1,16,5,5,1.2725399999999998,0.1762010868297923,0.1384640850816417,1.1357,1.5137,0.3780000000000001,4,1.4082,114.0,1,3,1.1453,0.2628999999999999,0.1866922312171566,False
KJ-01,kj_sv_40xx0.75-1,17,7,6,1.9129833333333337,0.5012818066384084,0.2620419100907352,1.3166,2.6292,1.3126,4,2.0431,203.0,2,3;5,1.6198;2.3114,0.4233,0.2071851598061769,False
KJ-01,kj_sv_40xx0.75-1,20,8,7,1.2432571428571428,0.13019882049059767,0.10472396739373348,1.091,1.3661,0.2751000000000001,4,1.3661,110.0,2,3;5,1.3203;1.3661,0.04580000000000006,0.0335260961862236,False
KJ-01,kj_sv_40xx0.75-1,21,5,5,1.3339,0.16796524938212667,0.12592042085773048,1.0712,1.5285,0.45730000000000004,5,1.4101,222.0,1,4,1.5285,0.11840000000000006,0.08396567619317784,False
KJ-01,kj_sv_40xx0.75-1,22,3,3,1.2507666666666666,0.15751286719926508,0.125933054819123,1.1353,1.4302,0.29489999999999994,3,1.1868,164.0,0,,,,,False
KJ-01,kj_sv_40xx0.75-1,24,4,4,1.1861249999999999,0.11430973638904665,0.09637241976102574,1.091,1.3411,0.2501,1,1.2028,114.0,1,0,1.3411,0.13829999999999987,0.11498170934486188,False
KJ-01,kj_sv_40xx0.75-1,25,11,11,1.5620090909090907,0.37564855238519274,0.24049063131032417,1.2423,2.4453,1.203,7,1.9143,194.0,2,6;8,2.4453;1.408,0.5310000000000001,0.2773859896567937,True
KJ-01,kj_sv_40xx0.75-1,26,4,4,1.514675,0.09732441882693167,0.0642543244108021,1.4281,1.6543,0.22620000000000018,3,1.4912,175.0,1,2,1.4851,0.006099999999999994,0.004090665236051498,False
KJ-01,kj_sv_40xx0.75-1,27,6,6,1.2680833333333335,0.09201144312892108,0.07255946096780265,1.1557,1.368,0.21230000000000016,4,1.368,111.0,2,3;5,1.2016;1.338,0.1664000000000001,0.12163742690058486,False
KJ-01,kj_sv_40xx0.75-1,28,5,5,1.3308399999999998,0.16559768416255102,0.12443094899653681,1.1475,1.5137,0.3662000000000001,0,1.5137,108.0,1,1,1.1986,0.31509999999999994,0.20816542247473074,False
KJ-01,kj_sv_40xx0.75-1,29,6,6,1.2867333333333333,0.12235727467815989,0.09509140045450487,1.0987,1.3987,0.30000000000000004,2,1.3987,107.0,2,1;3,1.3647;1.3689,0.03400000000000003,0.02430828626581828,False
KJ-01,kj_sv_40xx0.75-1,31,11,10,1.3373000000000002,0.18706975526079386,0.13988615513407152,1.0417,1.6338,0.5920999999999998,7,1.6338,161.0,1,8,1.4995,0.13429999999999986,0.08220100379483405,False
KJ-01,kj_sv_40xx0.75-1,33,8,8,1.1598875,0.04364995295366471,0.03763291953199315,1.1353,1.2642,0.12890000000000001,2,1.2642,112.0,2,1;3,1.16;1.1651,0.10420000000000007,0.08242366714127516,False
KJ-01,kj_sv_40xx0.75-1,35,4,4,1.220125,0.10838371264478197,0.08883000729005797,1.1381,1.3753,0.23720000000000008,2,1.1539,115.0,2,1;3,1.2132;1.1381,0.05930000000000013,0.05139093508969593,False
KJ-01,kj_sv_40xx0.75-1,36,6,6,1.1824333333333332,0.031975407216588626,0.027042038071143092,1.1518,1.2271,0.07530000000000014,2,1.1704,108.0,2,1;3,1.2271;1.1681,0.05669999999999997,0.048444976076555,False
KJ-01,kj_sv_40xx0.75-1,37,7,6,1.1152666666666666,0.10907077824360965,0.09779793613809222,1.0703,1.3379,0.26760000000000006,5,1.3379,94.0,1,4,1.0703,0.26760000000000006,0.2000149488003588,False
KJ-01,kj_sv_40xx0.75-1,38,6,6,1.14645,0.07209981275981237,0.0628896269002681,1.0823,1.2422,0.15989999999999993,5,1.2422,96.0,1,4,1.0832,0.15900000000000003,0.12799871196264695,False
KJ-01,kj_sv_40xx0.75-1,39,6,6,1.1497666666666666,0.009742826420842482,0.008473742284674412,1.1388,1.1651,0.02629999999999999,1,1.1541,84.0,2,0;2,1.1404;1.1526,0.013699999999999823,0.011870721774542781,False
KJ-01,kj_sv_40xx0.75-1,40,8,8,1.210425,0.24605258874592525,0.20327784765344836,0.6844,1.5604,0.876,1,1.5604,96.0,2,0;2,1.2058;1.328,0.3546,0.22724942322481417,False
KJ-01,kj_sv_40xx0.75-1,41,7,7,1.2417142857142858,0.11306610792764012,0.09105646059520027,1.0739,1.3398,0.2659,1,1.3398,110.0,2,0;2,1.2698;1.2301,0.10970000000000013,0.0818778922227199,False
KJ-01,kj_sv_40xx0.75-1,42,9,9,1.1892111111111112,0.06920819034703268,0.058196723609796795,1.0914,1.3475,0.2561,3,1.1786,78.0,2,2;4,1.1406;1.0914,0.08720000000000017,0.07398608518581382,False
KJ-01,kj_sv_40xx0.75-1,43,11,11,1.7036090909090909,0.6513241857240455,0.38232021019357304,1.1283,2.9449,1.8166,7,2.54,203.0,2,6;8,1.5137;2.9449,1.0263,0.4040551181102362,True
KJ-01,kj_sv_40xx0.75-1,44,7,7,1.1218857142857144,0.15186938937314337,0.13536975062547796,0.8537,1.3379,0.4842000000000001,2,1.0794,95.0,2,1;3,1.084;1.2209,0.14150000000000018,0.1310913470446546,False
KJ-01,kj_sv_40xx0.75-1,45,8,8,1.2311875,0.15567315978861423,0.1264414719842544,1.0703,1.4955,0.4252,7,1.4955,96.0,1,6,1.3379,0.15759999999999996,0.10538281511200265,False
KJ-01,kj_sv_40xx0.75-1,46,6,5,1.2381199999999999,0.08201613865575483,0.06624247944928992,1.1142,1.3379,0.2237,1,1.2434,95.0,2,0;2,1.1142;1.3379,0.12919999999999998,0.10390863760656263,False
KJ-01,kj_sv_40xx0.75-1,47,8,7,1.2496285714285713,0.06039011271959774,0.0483264500351172,1.1702,1.3504,0.18020000000000014,2,1.2006,102.0,2,1;3,1.2637;1.2131,0.06310000000000016,0.0525570548059305,False
KJ-01,kj_sv_40xx0.75-1,48,11,11,1.3782999999999999,0.20931407979397848,0.15186394819268556,0.9739,1.8186,0.8447,7,1.3759,175.0,1,8,1.3478,0.028099999999999792,0.020422995857256918,False
KJ-01,kj_sv_40xx0.75-1,49,7,7,1.2095571428571428,0.12527992466396812,0.10357503604008278,0.9574,1.3559,0.3985000000000001,4,1.2379,111.0,2,3;5,1.2091;1.3003,0.06240000000000001,0.050407948945795304,False
KJ-01,kj_sv_40xx0.75-1,50,8,7,1.272342857142857,0.10177663217626558,0.07999151455513553,1.1089,1.3954,0.2865,1,1.3827,126.0,2,0;2,1.1852;1.2935,0.1975,0.14283647935199248,False
KJ-01,kj_sv_40xx0.75-1,51,8,7,1.2322,0.12417601754498865,0.10077586231536168,1.1471,1.448,0.30089999999999995,5,1.3738,101.0,2,4;6,1.1564;1.448,0.21739999999999982,0.15824719755422903,False
KJ-01,kj_sv_40xx0.75-1,52,6,6,1.2309,0.12348094589854743,0.1003176097965289,1.0276,1.3732,0.3455999999999999,2,1.3732,111.0,2,1;3,1.3304;1.2687,0.10450000000000004,0.07609962132245852,False
KJ-01,kj_sv_40xx0.75-1,53,15,13,1.1224230769230767,0.09321082871503499,0.08304429108011205,0.8674,1.1942,0.3268,6,1.1942,98.0,2,5;7,1.1695;1.1695,0.024699999999999944,0.020683302629375268,False
KJ-01,kj_sv_40xx0.75-1,54,10,10,1.1658,0.10056213115393996,0.08626019141700117,1.0819,1.3589,0.2769999999999999,9,1.3589,103.0,2,8;10,1.1886;1.3401,0.1702999999999999,0.12532195157848253,False
KJ-01,kj_sv_40xx0.75-1,55,9,9,1.2850444444444444,0.2936314318627653,0.22849904774282667,0.6409,1.5137,0.8728,5,1.5137,103.0,2,4;6,1.5137;1.1353,0.37840000000000007,0.2499834841778424,False
KJ-01,kj_sv_40xx0.75-1,56,8,8,1.4662250000000001,0.1287011682708658,0.08777722946400845,1.1532,1.5513,0.3980999999999999,5,1.5262,129.0,2,4;6,1.4835;1.4745,0.05170000000000008,0.03387498361944705,False
KJ-01,kj_sv_40xx0.75-1,57,12,11,1.2179818181818183,0.0876274707860705,0.07194481024099296,1.0815,1.3457,0.2642,6,1.1908,176.0,2,5;7,1.2249;1.2403,0.04949999999999988,0.0415686933154181,False
KJ-01,kj_sv_40xx0.75-1,58,9,9,1.4754444444444443,0.09658101665326253,0.0654589313863516,1.2836,1.5945,0.31089999999999995,6,1.526,217.0,2,5;7,1.423;1.5846,0.10299999999999998,0.06749672346002619,False
KJ-01,kj_sv_40xx0.75-1,59,4,4,1.9513500000000001,0.4751932413941372,0.24352025079772321,1.2449,2.2728,1.0279000000000003,4,2.1225,209.0,1,3,2.2728,0.1503000000000001,0.07081272084805658,False
KJ-01,kj_sv_40xx0.75-1,61,7,7,1.2553,0.11289970475308313,0.08993842488097117,1.0993,1.3761,0.27680000000000016,6,1.3761,117.0,2,5;7,1.3664;1.3675,0.009700000000000042,0.007048906329481899,False
KJ-01,kj_sv_40xx0.75-1,64,6,6,1.6916166666666668,0.4403360235850192,0.2603048505384509,1.338,2.4082,1.0701999999999998,4,1.4043,245.0,1,5,1.6231,0.21879999999999988,0.15580716371145756,False
KJ-01,kj_sv_40xx0.75-1,66,5,5,1.16692,0.1315804012761779,0.11275871634403208,1.0706,1.3325,0.2619,5,1.0723,73.0,2,4;6,1.3325;1.0717,0.2602,0.24265597314184462,False
KJ-01,kj_sv_40xx0.75-1,67,9,9,1.2588222222222223,0.14928787440527266,0.11859329440636343,1.073,1.5355,0.46250000000000013,9,1.5355,99.0,1,8,1.2571,0.2784,0.18130901986323672,False
KJ-01,kj_sv_40xx0.75-1,68,5,5,1.24922,0.12265177128765814,0.0981826830243337,1.1058,1.3787,0.27290000000000014,5,1.3787,147.0,1,4,1.3457,0.03300000000000014,0.023935591499238514,False
KJ-01,kj_sv_40xx0.75-1,69,10,10,1.44512,0.31234496527610833,0.2161377361576259,1.2069,2.0322,0.8252999999999999,5,2.0322,143.0,2,4;6,1.4333;1.999,0.5989,0.29470524554669814,True
KJ-01,kj_sv_40xx0.75-1,70,5,5,1.1832799999999999,0.12071398841890696,0.10201641912219168,1.0703,1.3402,0.26990000000000003,2,1.3402,96.0,2,1;3,1.2802;1.141,0.19920000000000004,0.14863453215937922,False
KJ-01,kj_sv_40xx0.75-1,71,6,6,1.1289333333333333,0.07501537620159394,0.06644801246155127,0.9935,1.1973,0.20379999999999998,4,1.1973,103.0,2,3;5,1.1329;1.151,0.06440000000000001,0.05378768896684207,False
KJ-01,kj_sv_40xx0.75-1,72,8,8,1.11285,0.14648900495063977,0.13163409709362428,0.7803,1.3032,0.5228999999999999,5,1.3032,75.0,2,4;6,1.1353;1.1379,0.16789999999999994,0.12883670963781457,False
KJ-01,kj_sv_40xx0.75-1,74,8,8,1.1546750000000001,0.06766691003944032,0.05860255919582594,1.0802,1.2926,0.21239999999999992,6,1.1165,92.0,2,5;7,1.0844;1.1627,0.04620000000000002,0.0413793103448276,False
KJ-01,kj_sv_40xx0.75-1,76,5,5,1.10626,0.053221170599677715,0.048109097860970944,1.0799,1.2014,0.12149999999999994,5,1.0813,78.0,2,4;6,1.0848;1.0839,0.0035000000000000586,0.0032368445389809107,False
KJ-01,kj_sv_40xx0.75-1,77,14,13,1.3951153846153848,0.16766224404117663,0.12017804827476614,1.0703,1.5876,0.5172999999999999,10,1.5137,191.0,2,9;11,1.5137;1.5001,0.013600000000000056,0.008984607253749128,False
KJ-01,kj_sv_40xx0.75-1,78,5,5,1.16862,0.10826752514027467,0.09264562059546702,1.0703,1.3379,0.26760000000000006,4,1.0988,78.0,2,3;5,1.3379;1.211,0.2391000000000001,0.21760101929377512,False
KJ-01,kj_sv_40xx0.75-1,79,7,7,1.3921142857142856,0.1369521744815982,0.09837710587915477,1.1698,1.5701,0.4003000000000001,7,1.5333,120.0,2,6;8,1.4007;1.5701,0.13260000000000005,0.08648014087262769,False
KJ-01,kj_sv_40xx0.75-1,80,6,6,1.3939000000000001,0.18871482188741823,0.13538619835527527,1.1385,1.5588,0.4202999999999999,5,1.5137,109.0,2,4;6,1.1701;1.525,0.3436000000000001,0.22699345973442567,False
KJ-01,kj_sv_40xx0.75-1,81,4,4,1.15235,0.0028313718700775626,0.002457041584655324,1.1492,1.1555,0.006299999999999972,5,1.1538,104.0,1,4,1.1492,0.0045999999999999375,0.003986826139712202,False
KJ-01,kj_sv_40xx0.75-1,82,6,6,1.2093666666666667,0.10338088153361176,0.08548348849282965,1.0948,1.399,0.3042,5,1.2358,115.0,2,4;6,1.169;1.1876,0.06679999999999997,0.05405405405405403,False
KJ-01,kj_sv_40xx0.75-1,85,7,7,1.2989,0.1246441735501503,0.0959613315498886,1.1103,1.5067,0.39639999999999986,7,1.5067,109.0,2,6;8,1.3471;1.307,0.1997,0.13254131545762263,False
KJ-01,kj_sv_40xx0.75-1,86,4,4,1.333925,0.03544802533287287,0.02657422668656249,1.2819,1.3616,0.07969999999999988,3,1.3467,202.0,1,2,1.3455,0.0012000000000000899,0.0008910670527957896,False
KJ-01,kj_sv_40xx0.75-1,88,6,6,1.3508333333333333,0.04929761319442014,0.03649422321610374,1.307,1.4481,0.1411,6,1.4481,115.0,2,5;7,1.338;1.3417,0.11009999999999986,0.0760306608659622,False
KJ-01,kj_sv_40xx0.75-1,92,6,5,1.1878799999999998,0.16812698177270657,0.14153532492567145,0.9422,1.3507,0.4085,4,1.3379,97.0,2,3;5,1.1275;1.3507,0.21040000000000014,0.1572613797742732,False
KJ-01,kj_sv_40xx0.75-1,94,7,7,1.1957,0.13731313362772937,0.11483911819664579,1.0704,1.4146,0.34420000000000006,7,1.4146,99.0,2,6;8,1.3407;1.1504,0.2642,0.18676657712427538,False
KJ-01,kj_sv_40xx0.75-1,95,7,7,1.2021571428571427,0.11817622232839196,0.09830347307800785,1.0703,1.3667,0.2964,7,1.3667,102.0,1,6,1.3523,0.014399999999999968,0.010536328382234556,False
KJ-01,kj_sv_40xx0.75-1,102,4,3,1.1020999999999999,0.05588175015154777,0.0507047909913327,1.049,1.1604,0.11140000000000017,4,1.1604,94.0,1,5,1.0969,0.06350000000000011,0.05472250947948992,False
KJ-01,kj_sv_40xx0.75-1,103,12,12,1.2752000000000001,0.11736088863764703,0.09203331919514351,1.1379,1.4034,0.26550000000000007,7,1.272,119.0,2,6;8,1.1682;1.4023,0.13030000000000008,0.10243710691823905,False
KJ-01,kj_sv_40xx0.75-1,104,10,10,1.29736,0.2019473704816293,0.1556602411679328,1.1353,1.5761,0.4408000000000001,9,1.5144,186.0,1,8,1.5137,0.0006999999999999229,0.00046222926571574415,False
KJ-01,kj_sv_40xx0.75-1,105,11,10,1.29148,0.12359217702679333,0.09569809600364956,1.1368,1.4616,0.3248,10,1.2274,159.0,2,9;11,1.4616;1.3729,0.23419999999999996,0.19080984194231707,False
KJ-01,kj_sv_40xx0.75-1,106,5,5,1.40456,0.10962421265395701,0.07804879297000983,1.2553,1.5307,0.27539999999999987,5,1.5307,107.0,2,4;6,1.4923;1.2553,0.27539999999999987,0.17991768471940933,False
KJ-01,kj_sv_40xx0.75-1,107,7,7,1.1496,0.12870821004634223,0.11195912495332483,1.0703,1.3379,0.26760000000000006,5,1.0703,69.0,2,4;6,1.077;1.0703,0.006699999999999928,0.006259927123236408,False
KJ-01,kj_sv_40xx0.75-1,108,7,7,1.237757142857143,0.12794648434850747,0.10336961906207683,1.0711,1.3381,0.2670000000000001,5,1.3379,101.0,2,4;6,1.1587;1.3379,0.17920000000000003,0.13394125121459005,False
KJ-01,kj_sv_40xx0.75-1,109,5,5,1.37726,0.17623485183129928,0.12796048083244943,1.1592,1.5603,0.4011,6,1.5603,116.0,2,5;7,1.4187;1.518,0.14159999999999995,0.09075177850413378,False
KJ-01,kj_sv_40xx0.75-1,110,6,6,1.4095333333333333,0.18489585897652402,0.1311752298466566,1.1027,1.6536,0.5509,8,1.6536,136.0,1,7,1.5266,0.127,0.07680212868892114,False
KJ-01,kj_sv_40xx0.75-1,113,9,9,2.0304555555555552,0.5598076167557724,0.2757054273973521,1.494,2.7064,1.2124,7,2.7064,214.0,2,6;8,2.6313;2.6975,0.07509999999999994,0.02774903931421813,False
KJ-01,kj_sv_40xx0.75-1,115,7,6,1.2822333333333333,0.14429628777853803,0.11253512447958357,1.1401,1.5209,0.3808,8,1.5209,108.0,1,7,1.3337,0.1871999999999998,0.12308501545137736,False
KJ-01,kj_sv_40xx0.75-1,117,8,8,2.1612875,0.8655925772679827,0.4004985811781092,0.7538,2.9687,2.2149,6,2.9687,208.0,2,5;7,2.7111;2.716,0.25760000000000005,0.08677198773874088,False
KJ-01,kj_sv_40xx0.75-1,119,4,4,1.351525,0.009229075432205167,0.0068286383398051586,1.3403,1.3629,0.022599999999999953,4,1.3512,109.0,2,3;5,1.3629;1.3517,0.011700000000000044,0.00865896980461815,False
KJ-01,kj_sv_40xx0.75-1,121,6,6,1.3827666666666667,0.14976123218866316,0.10830549781018477,1.1861,1.616,0.42990000000000017,3,1.3907,175.0,1,4,1.2656,0.1251,0.08995469907240956,False
KJ-01,kj_sv_40xx0.75-1,122,6,6,1.1505500000000002,0.10351772312024643,0.08997238113966921,1.0703,1.3379,0.26760000000000006,7,1.174,101.0,2,6;8,1.3379;1.0819,0.16390000000000016,0.13960817717206148,False
KJ-01,kj_sv_40xx0.75-1,123,8,8,1.3232875,0.15211118525135298,0.11494946128589062,1.1985,1.5274,0.3289000000000002,8,1.4986,106.0,2,7;9,1.2718;1.5274,0.2267999999999999,0.151341251835046,False
KJ-01,kj_sv_40xx0.75-1,124,8,8,1.1515875,0.06554881359937582,0.056920393456316457,1.0085,1.2455,0.2370000000000001,4,1.171,106.0,2,3;5,1.1553;1.2455,0.07450000000000001,0.0636208368915457,False
KJ-01,kj_sv_40xx0.75-1,126,6,6,1.317116666666667,0.04132870269760074,0.03137816394214691,1.2465,1.3646,0.1181000000000001,3,1.3403,152.0,1,4,1.3646,0.02429999999999999,0.018130269342684465,False
KJ-01,kj_sv_40xx0.75-1,127,6,5,1.3236,0.0934541866370897,0.07060606424681905,1.2089,1.4282,0.21929999999999983,5,1.4104,112.0,2,4;6,1.2718;1.2987,0.13860000000000006,0.09826999432785029,False
KJ-01,kj_sv_40xx0.75-1,128,6,6,1.2534333333333334,0.13244888322166656,0.10566886941600395,1.0811,1.3406,0.25950000000000006,8,1.3384,100.0,1,7,1.338,0.00039999999999995595,0.00029886431560068434,False
KJ-01,kj_sv_40xx0.75-1,129,5,5,1.3509,0.07366793739477165,0.05453248752296369,1.2537,1.4602,0.2064999999999999,7,1.4602,218.0,1,6,1.3541,0.10609999999999986,0.0726612792768113,False
KJ-01,kj_sv_40xx0.75-1,130,4,4,1.152975,0.019951169556361004,0.017304078194549755,1.1353,1.1705,0.03520000000000012,5,1.1353,85.0,2,4;6,1.1361;1.17,0.03469999999999995,0.030564608473531183,False
KJ-01,kj_sv_40xx0.75-1,131,6,6,1.3195,0.14909422524028215,0.11299297100438209,1.1833,1.5167,0.3333999999999999,7,1.4741,190.0,2,6;8,1.3453;1.5167,0.12880000000000003,0.08737534766976462,False
KJ-01,kj_sv_40xx0.75-1,132,9,9,1.2004,0.10786416225976077,0.08985684959993401,1.0703,1.3391,0.26879999999999993,8,1.2706,83.0,2,7;9,1.0703;1.338,0.20029999999999992,0.1576420588698252,False
KJ-01,kj_sv_40xx0.75-1,135,4,3,1.1819666666666666,0.017093956046899596,0.014462299596914405,1.1682,1.2011,0.03290000000000015,4,1.2011,84.0,2,3;5,1.1766;1.1682,0.03290000000000015,0.027391557738739615,False
KJ-01,kj_sv_40xx0.75-1,136,7,7,1.2635285714285713,0.1483814309393836,0.11743417148978319,1.1374,1.5137,0.3763000000000001,5,1.1799,150.0,2,4;6,1.1421;1.162,0.037800000000000056,0.03203661327231126,False
KJ-01,kj_sv_40xx0.75-1,137,6,6,1.2611666666666668,0.11555425853972956,0.09162489113762089,1.1544,1.4043,0.2499,8,1.361,106.0,1,9,1.4043,0.043300000000000116,0.03181484202792073,False
KJ-01,kj_sv_40xx0.75-1,138,5,5,1.11418,0.029754781128417007,0.026705542307721382,1.0809,1.1609,0.08000000000000007,6,1.109,91.0,2,5;7,1.1003;1.0809,0.028100000000000014,0.02533814247069433,False
KJ-01,kj_sv_40xx0.75-1,139,5,5,1.20176,0.1332335092985245,0.11086532194325366,1.0703,1.3379,0.26760000000000006,4,1.3379,90.0,2,3;5,1.3379;1.0703,0.26760000000000006,0.2000149488003588,False
KJ-01,kj_sv_40xx0.75-1,140,5,5,1.31074,0.1916854924087893,0.14624219327157886,1.1353,1.5137,0.37840000000000007,4,1.5137,105.0,2,3;5,1.5137;1.2557,0.258,0.17044328466671071,False
KJ-01,kj_sv_40xx0.75-1,141,3,3,1.1039333333333332,0.06282613575044489,0.05691116832276547,1.0316,1.1449,0.11329999999999996,6,1.1449,49.0,1,5,1.0316,0.11329999999999996,0.09896060791335484,False
KJ-01,kj_sv_40xx0.75-1,142,4,3,1.4995666666666665,0.06258676643934681,0.0417365681903751,1.4585,1.5716,0.1131000000000002,6,1.5716,110.0,1,5,1.4686,0.1030000000000002,0.06553830491219152,False
KJ-01,kj_sv_40xx0.75-1,146,10,8,1.2459625,0.13879528540263897,0.11139603752331147,0.9652,1.3531,0.3879,11,1.3479,112.0,1,10,1.3531,0.005199999999999871,0.0038578529564506797,False
KJ-01,kj_sv_40xx0.75-1,147,11,11,1.2209727272727273,0.2093836005560564,0.17148917078905943,0.6279,1.4439,0.816,11,1.4439,106.0,2,10;12,1.3627;1.2444,0.1995,0.13816746312071473,False
KJ-01,kj_sv_40xx0.75-1,148,8,8,1.2043125000000001,0.1114069430703747,0.09250667336789636,1.0898,1.346,0.2562,11,1.346,101.0,1,10,1.343,0.0030000000000001137,0.0022288261515602628,False
KJ-01,kj_sv_40xx0.75-1,149,9,9,1.5195333333333332,0.08173637501137425,0.0537904455390082,1.305,1.5605,0.25550000000000006,10,1.5396,131.0,2,9;11,1.5546;1.5415,0.014999999999999902,0.009742790335151923,False
KJ-01,kj_sv_40xx0.75-1,151,5,5,1.5462799999999999,0.07773169881071686,0.05027013141909412,1.4122,1.6058,0.1936,7,1.5549,181.0,2,6;8,1.6058;1.5934,0.050899999999999945,0.03273522413016911,False
KJ-01,kj_sv_40xx0.75-1,153,9,9,1.2985111111111112,0.134743278537785,0.10376752065100757,0.947,1.3639,0.41689999999999994,8,1.3639,113.0,2,7;9,1.3516;1.3437,0.020199999999999996,0.014810469975804676,False
KJ-01,kj_sv_40xx0.75-1,154,9,8,1.3328,0.19181097838385433,0.14391580010793392,1.0392,1.5584,0.5192000000000001,11,1.4962,163.0,1,10,1.5584,0.06220000000000003,0.041571982355300116,False
KJ-01,kj_sv_40xx0.75-1,160,9,8,1.4686124999999999,0.08725555958545812,0.059413602693330014,1.3556,1.5691,0.21350000000000002,10,1.5691,129.0,2,9;11,1.5603;1.4423,0.12680000000000002,0.0808106557899433,False
KJ-01,kj_sv_40xx0.75-1,161,7,6,1.3639833333333333,0.21139641829195369,0.15498460510902162,1.082,1.6055,0.5234999999999999,9,1.6055,133.0,2,8;10,1.6055;1.3379,0.26759999999999984,0.16667704764870747,False
KJ-01,kj_sv_40xx0.75-1,162,8,8,1.6550375000000002,0.42432309434304566,0.2563827673651175,1.1353,2.4157,1.2804000000000002,7,2.4157,202.0,2,6;8,1.5253;1.8189,0.8904000000000001,0.36858881483627937,True
KJ-01,kj_sv_40xx0.75-1,163,4,4,1.318225,0.11567953938935505,0.08775401724998012,1.1741,1.4571,0.28300000000000014,4,1.3269,108.0,1,5,1.4571,0.1302000000000001,0.09812344562514137,False
KJ-01,kj_sv_40xx0.75-1,164,4,3,1.3729000000000002,0.05369953444863377,0.03911394453247415,1.3109,1.4047,0.0938000000000001,6,1.4047,82.0,2,5;7,1.4031;1.3109,0.0938000000000001,0.06677582401936363,False
KJ-01,kj_sv_40xx0.75-1,165,6,5,1.47404,0.17286444978653068,0.11727256369333985,1.1651,1.5573,0.3921999999999999,7,1.5573,125.0,2,6;8,1.5386;1.5561,0.01869999999999994,0.01200796249919729,False
KJ-01,kj_sv_40xx0.75-1,166,13,12,1.3726666666666667,0.15616329642881888,0.11376636456689088,1.0889,1.5806,0.4917,8,1.5581,124.0,2,7;9,1.5629;1.5806,0.022499999999999964,0.014440664912393276,False
KJ-01,kj_sv_40xx0.75-1,169,8,8,1.31445,0.1333069819198208,0.10141654830523854,1.1941,1.5409,0.3468,11,1.5409,97.0,1,10,1.4741,0.06679999999999997,0.04335128820819,False
KJ-01,kj_sv_40xx0.75-1,170,10,9,1.728122222222222,0.7543433432094727,0.43651041200051793,1.1726,3.1946,2.022,8,3.1946,196.0,2,7;9,2.866;1.6,1.5945999999999998,0.49915482376510356,True
KJ-01,kj_sv_40xx0.75-1,172,7,6,1.2289666666666668,0.1318258649380563,0.10726561469369086,1.091,1.3508,0.25980000000000003,9,1.3508,99.0,1,8,1.349,0.0018000000000000238,0.0013325436778205684,False
KJ-01,kj_sv_40xx0.75-1,174,7,7,1.1519142857142857,0.09222419112451694,0.08006167843237574,1.0281,1.3126,0.2845,8,1.3126,91.0,2,7;9,1.1978;1.0993,0.21330000000000005,0.16250190461679115,False
KJ-01,kj_sv_40xx0.75-1,175,7,7,1.2211285714285716,0.13762400122902152,0.11270230215645369,1.0221,1.4382,0.4160999999999999,7,1.4382,103.0,2,6;8,1.1658;1.2434,0.2724,0.1894034209428452,False
KJ-01,kj_sv_40xx0.75-1,176,9,9,1.1969111111111113,0.18012956062543178,0.15049535337525166,0.8544,1.4547,0.6003000000000001,10,1.4547,128.0,2,9;11,1.4101;1.2718,0.18290000000000006,0.12573039114594078,False
KJ-01,kj_sv_40xx0.75-1,177,5,5,1.42712,0.21772307411021005,0.1525611540096208,1.0411,1.5492,0.5081,8,1.5492,150.0,1,7,1.5437,0.005499999999999838,0.00355021946811247,False
KJ-01,kj_sv_40xx0.75-1,178,8,8,1.18305,0.0775680346534576,0.0655661507573286,1.1406,1.3732,0.23259999999999992,7,1.1774,94.0,2,6;8,1.1539;1.1626,0.023500000000000076,0.019959232206556887,False
KJ-01,kj_sv_40xx0.75-1,179,5,4,1.200125,0.21921566815961555,0.1826606963104806,1.0025,1.5137,0.5112000000000001,8,1.5137,83.0,1,9,1.1367,0.377,0.24905859813701525,False
KJ-01,kj_sv_40xx0.75-1,180,7,7,1.3872428571428572,0.17349102625345258,0.1250617549480643,1.0738,1.5923,0.5185,6,1.5923,124.0,2,5;7,1.4568;1.4833,0.13549999999999995,0.08509702945424855,False
KJ-01,kj_sv_40xx0.75-1,182,8,8,1.3887375,0.18947421941105488,0.1364363095336987,1.1478,1.559,0.4112,7,1.4896,122.0,2,6;8,1.1671;1.5137,0.3225,0.21650107411385608,False
KJ-01,kj_sv_40xx0.75-1,183,5,4,2.2438000000000002,0.9635405924678696,0.4294235638059852,1.3223,3.0759,1.7535999999999998,7,3.0759,236.0,2,6;8,3.0758;1.5012,1.5746999999999998,0.5119477226177703,True
KJ-01,kj_sv_40xx0.75-1,185,7,7,1.2190857142857143,0.08788394674363509,0.07209004724916163,1.1184,1.3776,0.2591999999999999,8,1.1878,92.0,2,7;9,1.222;1.3776,0.18979999999999997,0.15979121064152213,False
KJ-01,kj_sv_40xx0.75-1,186,9,9,1.2869111111111111,0.14541123963129915,0.1129924501978633,1.0911,1.4561,0.365,7,1.4055,109.0,2,6;8,1.273;1.3671,0.13250000000000006,0.09427250088936326,False
KJ-01,kj_sv_40xx0.75-1,190,5,4,1.05145,0.26410868343669935,0.251185204657092,0.6559,1.2039,0.5479999999999999,6,1.2039,80.0,2,5;7,1.1707;1.1753,0.033199999999999896,0.027577041282498462,False
KJ-01,kj_sv_40xx0.75-1,191,8,8,1.0404125,0.09184417607323517,0.08827669417008654,0.8132,1.0788,0.26559999999999995,6,1.0714,76.0,2,5;7,1.073;1.0712,0.0016000000000000458,0.0014933731566175528,False
KJ-01,kj_sv_40xx0.75-1,194,6,6,1.2456500000000001,0.0473845016856778,0.03803998048061478,1.1965,1.3117,0.11520000000000019,9,1.291,92.0,1,8,1.2224,0.0686,0.05313710302091402,False
KJ-01,kj_sv_40xx0.75-1,195,9,8,1.2180875,0.14042908161875056,0.11528653041653458,1.0672,1.3715,0.3043,11,1.3715,96.0,2,10;12,1.338;1.3577,0.03349999999999986,0.024425811155668876,False
KJ-01,kj_sv_40xx0.75-1,196,7,6,1.2932,0.21699282937461323,0.16779525933700373,0.8599,1.4678,0.6079,10,1.4678,116.0,2,9;11,1.364;1.3655,0.10379999999999989,0.07071808148249073,False
KJ-01,kj_sv_40xx0.75-1,197,5,4,1.442125,0.15125061707863102,0.10488037935590258,1.2154,1.5255,0.31010000000000004,7,1.5255,115.0,2,6;8,1.5139;1.5137,0.011800000000000033,0.00773516879711572,False
KJ-01,kj_sv_40xx0.75-1,198,9,9,1.2664,0.11318022132864029,0.08937162139027187,1.1593,1.4233,0.264,11,1.4233,100.0,2,10;12,1.3903;1.3778,0.045500000000000096,0.031967961778964445,False
KJ-01,kj_sv_40xx0.75-1,202,12,9,1.3143333333333334,0.18797159359860735,0.14301668293071826,1.0365,1.5224,0.4859,8,1.5224,86.0,2,7;9,1.491;1.3796,0.14280000000000004,0.09379926431949556,False
KJ-01,kj_sv_40xx0.75-1,203,7,6,1.3181,0.19765182518762636,0.14995207130538377,1.1353,1.5138,0.37850000000000006,7,1.5137,70.0,2,6;8,1.1356;1.4659,0.3781000000000001,0.2497852943119509,False
KJ-01,kj_sv_40xx0.75-1,204,10,9,1.2708333333333333,0.09317955784398203,0.07332161928706783,1.1606,1.3816,0.22099999999999986,9,1.3621,80.0,2,8;10,1.2459;1.3816,0.11620000000000008,0.08530944864547395,False
KJ-01,kj_sv_40xx0.75-1,205,9,9,1.342511111111111,0.19007596799993184,0.14158241702939656,1.0886,1.5196,0.43100000000000005,11,1.5139,120.0,2,10;12,1.5185;1.5196,0.005700000000000038,0.0037651099808442027,False
KJ-01,kj_sv_40xx0.75-1,206,6,6,1.4633,0.12703360185399762,0.08681309495933685,1.3381,1.5972,0.2590999999999999,9,1.5972,190.0,2,8;10,1.5754;1.563,0.03420000000000001,0.021412471825694973,False
KJ-01,kj_sv_40xx0.75-1,207,10,10,1.4290300000000002,0.1810929905386242,0.12672441483987332,1.0408,1.5183,0.47750000000000004,8,1.5137,124.0,2,7;9,1.5137;1.5137,0.0,0.0,False
KJ-01,kj_sv_40xx0.75-1,209,8,8,1.3844500000000002,0.18911220403317633,0.13659735204101,1.1416,1.557,0.4154,11,1.557,136.0,2,10;12,1.5559;1.1693,0.38769999999999993,0.24900449582530504,False
KJ-01,kj_sv_40xx0.75-1,210,4,3,1.2261,0.11607958476838207,0.09467383147245907,1.0922,1.2983,0.20609999999999995,5,1.2878,163.0,1,6,1.2983,0.010499999999999954,0.008153439975151385,False
KJ-01,kj_sv_40xx0.75-1,212,3,3,1.2309666666666665,0.1416611920510813,0.1150812575897652,1.0703,1.3379,0.26760000000000006,7,1.3379,100.0,1,6,1.2847,0.053200000000000136,0.039763808954331514,False
KJ-01,kj_sv_40xx0.75-1,213,9,9,1.4256555555555555,0.12360339913520897,0.08669934238571579,1.1688,1.5522,0.38339999999999996,11,1.5522,144.0,2,10;12,1.5402;1.5276,0.024599999999999955,0.015848473134905266,False
KJ-01,kj_sv_40xx0.75-1,214,7,7,1.5233,0.14745403803671614,0.09679907965385422,1.244,1.6186,0.37460000000000004,8,1.6055,122.0,2,7;9,1.6055;1.6055,0.0,0.0,False
KJ-01,kj_sv_40xx0.75-1,215,3,3,2.849466666666667,0.17642597125517925,0.061915436077574486,2.649,2.9811,0.33210000000000006,7,2.9183,322.0,1,6,2.9811,0.06280000000000019,0.02151937771990549,False
KJ-01,kj_sv_40xx0.75-1,216,8,8,1.4088749999999999,0.07740353904791984,0.05493996206045238,1.3543,1.5936,0.23929999999999985,9,1.5936,123.0,2,8;10,1.4057;1.4103,0.18789999999999996,0.11790913654618472,False
KJ-01,kj_sv_40xx0.75-1,217,7,7,1.3298428571428573,0.11222728214272529,0.08439138620020377,1.0956,1.436,0.34040000000000004,11,1.436,182.0,1,10,1.4256,0.010399999999999965,0.007242339832869056,False
KJ-01,kj_sv_40xx0.75-1,219,7,7,1.2711428571428571,0.09840231801373475,0.07741247764622873,1.0739,1.3504,0.27649999999999997,9,1.3385,101.0,2,8;10,1.3446;1.2243,0.11420000000000008,0.0853193873739261,False
KJ-01,kj_sv_40xx0.75-1,220,8,8,1.5005375,0.14388431799291296,0.09588851860944025,1.1708,1.6196,0.44879999999999987,8,1.5925,130.0,2,7;9,1.4833;1.5634,0.10919999999999996,0.06857142857142855,False
KJ-01,kj_sv_40xx0.75-1,221,13,13,1.4594538461538464,0.1233922513462968,0.08454686776938992,1.3381,1.635,0.29689999999999994,18,1.635,156.0,2,17;19,1.5428;1.6167,0.09220000000000006,0.05639143730886854,False
KJ-01,kj_sv_40xx0.75-1,222,8,8,1.2260749999999998,0.17152008420506992,0.1398936314703994,0.909,1.4526,0.5435999999999999,9,1.3567,183.0,2,8;10,1.1768;1.3608,0.17989999999999995,0.13260116459055057,False
KJ-01,kj_sv_40xx0.75-1,223,4,4,1.42605,0.18082460193974345,0.1268010251672406,1.2115,1.6025,0.391,10,1.6025,181.0,0,,,,,False
KJ-01,kj_sv_40xx0.75-1,224,10,10,1.38428,0.14984024678154917,0.10824417515354492,1.0899,1.5862,0.49629999999999996,11,1.5697,221.0,1,12,1.4399,0.12980000000000014,0.08269096005606175,False
KJ-01,kj_sv_40xx0.75-1,225,10,9,1.3878555555555556,0.24785178590798526,0.17858615395228988,0.8144,1.6055,0.7910999999999999,10,1.6055,121.0,2,9;11,1.4958;1.6055,0.10969999999999991,0.06832762379321078,False
KJ-01,kj_sv_40xx0.75-1,226,9,8,1.3634125,0.01750530021777081,0.012839327949370283,1.3212,1.3764,0.05520000000000014,9,1.3711,102.0,2,8;10,1.3685;1.3661,0.004999999999999893,0.0036467070235576497,False
KJ-01,kj_sv_40xx0.75-1,227,7,7,1.3379285714285714,4.879500364742128e-05,3.6470559557092415e-05,1.3379,1.338,9.999999999998899e-05,8,1.338,104.0,2,7;9,1.3379;1.338,9.999999999998899e-05,7.47384155455822e-05,False
KJ-01,kj_sv_40xx0.75-1,229,9,9,1.184222222222222,0.20665888426207196,0.17451022315243458,0.8029,1.3488,0.5459,10,1.3423,107.0,2,9;11,1.3446;1.3488,0.00649999999999995,0.004842434627132497,False
KJ-01,kj_sv_40xx0.75-1,230,8,8,1.2979500000000002,0.2050098394851191,0.1579489498710421,0.956,1.5482,0.5922000000000001,10,1.5482,111.0,2,9;11,1.5137;1.4874,0.060799999999999965,0.039271411962278756,False
KJ-01,kj_sv_40xx0.75-1,235,4,3,1.0501333333333334,0.03810384932435746,0.036284772718725364,1.0267,1.0941,0.06740000000000013,5,1.0941,52.0,1,6,1.0296,0.0645,0.05895256375102824,False
KJ-01,kj_sv_40xx0.75-1,239,6,6,1.2362833333333334,0.11285561424522342,0.0912862053562884,1.0723,1.3379,0.26560000000000006,8,1.3379,103.0,2,7;9,1.3379;1.3222,0.015700000000000047,0.011734808281635433,False
KJ-01,kj_sv_40xx0.75-1,241,6,6,1.2981,0.1055364960570513,0.08130074420849803,1.0828,1.3458,0.2630000000000001,7,1.3388,94.0,2,6;8,1.0828;1.3453,0.256,0.19121601434120108,False
KJ-01,kj_sv_40xx0.75-1,242,5,5,1.28782,0.2079396835623254,0.16146641888022037,1.1353,1.5175,0.3822000000000001,8,1.5175,167.0,1,7,1.5137,0.0038000000000000256,0.002504118616144992,False
KJ-01,kj_sv_40xx0.75-1,244,9,9,1.1982000000000002,0.03944106362663162,0.032916928414815236,1.1396,1.2735,0.13390000000000013,13,1.2735,153.0,1,12,1.2294,0.04410000000000003,0.03462897526501769,False
KJ-01,kj_sv_40xx0.75-1,245,6,6,1.3317833333333333,0.17320945028105902,0.13005828046183115,1.1242,1.5199,0.39569999999999994,8,1.3927,111.0,2,7;9,1.2895;1.5139,0.12119999999999997,0.0870252028433977,False
KJ-01,kj_sv_40xx0.75-1,246,6,6,1.1219166666666667,0.0700863300984341,0.0624701746402146,0.9812,1.1695,0.18830000000000002,7,1.1354,77.0,2,6;8,1.1371;1.1526,0.017200000000000104,0.015148846221596006,False
KJ-01,kj_sv_40xx0.75-1,248,8,7,1.139742857142857,0.07611412171082,0.06678183700280015,1.0394,1.2819,0.24249999999999994,7,1.2819,72.0,2,6;8,1.1538;1.1548,0.1281000000000001,0.0999297917154225,False
KJ-01,kj_sv_40xx0.75-1,249,9,8,1.2785125,0.14911789619051669,0.11663389774485325,1.0012,1.4385,0.4372999999999998,10,1.4385,100.0,2,9;11,1.3603;1.3947,0.07819999999999983,0.054362182829336,False
KJ-01,kj_sv_40xx0.75-1,253,5,5,1.25216,0.10920108973815232,0.0872101726122479,1.1289,1.3428,0.21389999999999998,7,1.3081,176.0,2,6;8,1.3428;1.3427,0.03469999999999995,0.026527023927834226,False
KJ-01,kj_sv_40xx0.75-1,254,5,5,1.2812800000000002,0.13328959824382397,0.10402847015782964,1.1521,1.4659,0.3138000000000001,8,1.3654,97.0,2,7;9,1.4659;1.2532,0.11219999999999986,0.08217372198623103,False
KJ-01,kj_sv_40xx0.75-1,255,6,6,1.14675,0.21417111616648968,0.1867635632583298,0.8542,1.4634,0.6092000000000001,8,1.3197,70.0,2,7;9,1.1017;1.0703,0.24940000000000007,0.18898234447222859,False
KJ-01,kj_sv_40xx0.75-1,256,8,7,1.1642428571428571,0.10159169679232088,0.08725988411183801,1.0816,1.3399,0.2583000000000002,9,1.3399,75.0,2,8;10,1.2761;1.1291,0.2108000000000001,0.15732517352041203,False
KJ-01,kj_sv_40xx0.75-1,257,7,7,1.2938428571428573,0.15109133945115072,0.1167771948633699,1.0672,1.5068,0.4396,11,1.3709,117.0,1,10,1.3421,0.028799999999999937,0.021008096870668857,False
KJ-01,kj_sv_40xx0.75-1,258,4,4,1.3745,0.1614087977775685,0.11743091871776537,1.1449,1.5113,0.36640000000000006,8,1.4557,188.0,2,7;9,1.3861;1.5113,0.06959999999999988,0.04781204918595856,False
KJ-01,kj_sv_40xx0.75-1,259,3,3,1.5493333333333335,0.0371742294248763,0.023993693690754922,1.5167,1.5898,0.07310000000000016,8,1.5898,215.0,1,7,1.5415,0.04830000000000001,0.030381180022644363,False
KJ-01,kj_sv_40xx0.75-1,260,17,16,1.46735625,0.24236874102284725,0.16517375451452043,1.0129,1.8963,0.8834000000000002,14,1.8963,163.0,2,13;15,1.7058;1.5951,0.30120000000000013,0.15883562727416553,False
KJ-01,kj_sv_40xx0.75-1,261,5,5,1.4001800000000002,0.14930521424250393,0.10663287166114635,1.1968,1.5843,0.38749999999999996,10,1.5843,115.0,1,9,1.4903,0.09400000000000008,0.05933219718487665,False
KJ-01,kj_sv_40xx0.75-1,264,7,7,1.3926714285714286,0.1226408403195514,0.08806157561899124,1.2073,1.5547,0.34739999999999993,9,1.5547,118.0,2,8;10,1.4787;1.4868,0.07600000000000007,0.04888402907313313,False
KJ-01,kj_sv_40xx0.75-1,265,5,5,1.24662,0.14488330476628417,0.11622090514052731,1.0738,1.4362,0.36239999999999983,10,1.4362,90.0,1,9,1.3496,0.08660000000000001,0.06029800863389501,False
KJ-01,kj_sv_40xx0.75-1,266,7,6,1.3394333333333333,0.1646657665292536,0.12293688863145132,1.1405,1.5566,0.4160999999999999,9,1.5566,119.0,2,8;10,1.4607;1.4236,0.133,0.08544263137607606,False
KJ-01,kj_sv_40xx0.75-1,267,12,12,1.3129166666666667,0.17591495276428495,0.1339879043587064,0.8337,1.4825,0.6487999999999999,12,1.4825,150.0,2,11;13,1.3768;1.3634,0.11909999999999998,0.08033726812816189,False
KJ-01,kj_sv_40xx0.75-1,270,7,7,1.320142857142857,0.15471931421279048,0.11719891781079249,1.1485,1.5139,0.36539999999999995,12,1.4392,148.0,1,11,1.5139,0.07469999999999999,0.05190383546414674,False
KJ-01,kj_sv_40xx0.75-1,273,5,4,1.4844,0.06476300384221434,0.04362907830922551,1.3873,1.5192,0.13190000000000013,9,1.5192,173.0,2,8;10,1.5144;1.5167,0.0048000000000001375,0.0031595576619274203,False
KJ-01,kj_sv_40xx0.75-1,274,3,3,1.5171333333333334,0.15522565294864543,0.1023151027916545,1.3379,1.608,0.2701,8,1.6055,203.0,1,7,1.608,0.0025000000000001688,0.0015571473061352656,False
KJ-01,kj_sv_40xx0.75-1,275,8,8,1.360075,0.025774225774709825,0.018950591529665516,1.3387,1.4169,0.07820000000000005,8,1.3708,121.0,2,7;9,1.3414;1.3664,0.029400000000000093,0.021447330026262104,False
KJ-01,kj_sv_40xx0.75-1,276,8,8,1.7296624999999999,0.24418991986625022,0.14117778460610103,1.3503,2.1784,0.8280999999999998,9,2.1784,192.0,2,8;10,1.8463;1.8103,0.36809999999999987,0.1689772309952258,False
KJ-01,kj_sv_40xx0.75-1,279,8,8,1.280475,0.1979994931450944,0.15462972189624508,0.8833,1.4826,0.5992999999999999,11,1.4226,113.0,2,10;12,1.3381;1.338,0.08460000000000001,0.059468578658793764,False
KJ-01,kj_sv_40xx0.75-1,281,10,8,1.8866999999999998,0.4020387579041887,0.21309098314739425,1.5137,2.4325,0.9188000000000001,14,1.5177,235.0,2,13;15,1.6083;1.5137,0.09060000000000001,0.059695592014232066,False
KJ-01,kj_sv_40xx0.75-1,283,8,8,1.339725,0.0017119329092327726,0.0012778241125848756,1.3379,1.3425,0.0045999999999999375,11,1.3425,115.0,2,10;12,1.3406;1.338,0.0044999999999999485,0.0033519553072625316,False
KJ-01,kj_sv_40xx0.75-1,293,8,8,2.1593625000000003,1.4422305372854132,0.6678964450320004,1.1397,5.2986,4.158900000000001,9,5.2986,417.0,2,8;10,3.3442;1.5588,3.7398000000000007,0.705809081644208,True
KJ-01,kj_sv_40xx0.75-1,294,13,13,1.5035153846153848,0.058433236064102015,0.038864408480296236,1.4126,1.6394,0.2267999999999999,12,1.6394,187.0,2,11;13,1.5249;1.4287,0.2106999999999999,0.1285226302305721,False
KJ-01,kj_sv_40xx0.75-1,295,6,6,1.3730499999999999,0.15972549890358773,0.1163289748396546,1.1577,1.5146,0.3569,11,1.5137,98.0,1,10,1.264,0.24970000000000003,0.16496003171037857,False
KJ-01,kj_sv_40xx0.75-1,296,4,4,1.3382999999999998,0.010238163897887093,0.007650126203307998,1.3241,1.3475,0.023399999999999865,7,1.3436,105.0,2,6;8,1.3475;1.338,0.005599999999999827,0.004167907115212733,False
KJ-01,kj_sv_40xx0.75-1,297,8,8,1.24845,0.07855438516449248,0.06292153082982296,1.1582,1.3813,0.22310000000000008,9,1.3238,86.0,2,8;10,1.1979;1.1582,0.1656000000000002,0.12509442513974933,False
KJ-01,kj_sv_40xx0.75-1,298,8,7,1.3431285714285714,0.14063842189915854,0.10470957501080737,1.1798,1.6002,0.4204000000000001,8,1.3447,106.0,2,7;9,1.1889;1.3516,0.15579999999999994,0.11586227411318505,False
KJ-01,kj_sv_40xx0.75-1,300,11,11,1.4794818181818181,0.17533299072440317,0.1185097299403621,1.1702,1.6699,0.49970000000000003,11,1.6353,137.0,2,10;12,1.6699;1.5768,0.058499999999999996,0.035773252614199225,False
KJ-01,kj_sv_40xx0.75-1,301,7,7,1.3263714285714285,0.19640298465388042,0.14807540363366897,0.965,1.5143,0.5493,11,1.5143,123.0,2,10;12,1.5138;1.3597,0.15460000000000007,0.10209337647758045,False
KJ-01,kj_sv_40xx0.75-1,303,21,20,1.700375,0.38813493838449636,0.22826431721502397,1.0965,2.5871,1.4906,23,2.2515,212.0,2,22;24,1.5016;2.3145,0.7499,0.33306684432600486,True
KJ-01,kj_sv_40xx0.75-1,305,7,7,1.4277,0.1567093700665875,0.10976351479063354,1.1899,1.5809,0.391,10,1.5667,199.0,2,9;11,1.5183;1.5809,0.0484,0.030892959724261187,False
KJ-01,kj_sv_40xx0.75-1,306,6,5,1.13618,0.0013330416347586912,0.0011732662384117756,1.1353,1.1385,0.0032000000000000917,10,1.1385,98.0,1,9,1.1358,0.0027000000000001467,0.002371541501976413,False
KJ-01,kj_sv_40xx0.75-1,307,7,6,1.4383,0.1423836507468466,0.09899440363404478,1.1926,1.5821,0.38949999999999996,10,1.5821,90.0,2,9;11,1.5179;1.4574,0.12470000000000003,0.07881929081600406,False
KJ-01,kj_sv_40xx0.75-1,308,8,8,1.214275,0.16898121408690886,0.13916222773828735,0.912,1.3388,0.42679999999999996,10,1.3388,114.0,2,9;11,1.3379;1.3379,0.0008999999999999009,0.000672243800418211,False
KJ-01,kj_sv_40xx0.75-1,309,11,10,1.26731,0.1352389691537827,0.1067134080483723,1.0822,1.4991,0.41690000000000005,10,1.3519,125.0,2,9;11,1.2905;1.3682,0.06140000000000012,0.045417560470449085,False
KJ-01,kj_sv_40xx0.75-1,310,8,8,1.361575,0.2119207382152919,0.15564382293688697,1.0704,1.6055,0.5350999999999999,9,1.6055,113.0,2,8;10,1.338;1.5746,0.26749999999999985,0.1666147617564621,False
KJ-01,kj_sv_40xx0.75-1,311,15,14,1.3857285714285716,0.15690786825675485,0.11323131491399921,1.0634,1.5601,0.49670000000000014,11,1.4632,102.0,2,10;12,1.3976;1.4767,0.0656000000000001,0.044833242208857364,False
KJ-01,kj_sv_40xx0.75-1,312,5,4,1.284875,0.13794673790996292,0.10736199078506697,1.1499,1.404,0.2541,8,1.4036,155.0,2,7;9,1.182;1.404,0.22160000000000002,0.1578797378170419,False
KJ-01,kj_sv_40xx0.75-1,315,4,4,0.7977,0.20083238450674895,0.25176430300457436,0.5129,0.9852,0.47229999999999994,8,0.8464,33.0,2,7;9,0.8463;0.9852,0.13879999999999992,0.16398865784499045,False
KJ-01,kj_sv_40xx0.75-1,317,8,8,1.2496,0.12239111779163434,0.09794423638895193,1.103,1.4189,0.31590000000000007,11,1.3482,100.0,2,10;12,1.1939;1.4189,0.1543000000000001,0.11444889482272667,False
KJ-01,kj_sv_40xx0.75-1,318,9,9,1.2870555555555554,0.10628798275335632,0.08258228037986852,1.1696,1.4415,0.27190000000000003,9,1.3372,163.0,2,8;10,1.1696;1.3141,0.16759999999999997,0.1253365240801675,False
KJ-01,kj_sv_40xx0.75-1,320,4,4,1.2413,0.3361613204003896,0.2708139212119468,0.7696,1.5354,0.7658000000000001,10,1.4145,150.0,2,9;11,1.2457;1.5354,0.16880000000000006,0.11933545422410749,False
KJ-01,kj_sv_40xx0.75-1,325,8,8,1.5455625,0.2894989757568854,0.1873097825269993,0.8393,1.7557,0.9164,13,1.6619,237.0,2,12;14,1.6266;1.7557,0.0938000000000001,0.05644142246825929,False
KJ-01,kj_sv_40xx0.75-1,326,12,12,1.4414166666666668,0.17174840390065998,0.11915250313973057,1.1301,1.7059,0.5757999999999999,12,1.7059,167.0,2,11;13,1.5196;1.5374,0.1862999999999999,0.10920921507708536,False
KJ-01,kj_sv_40xx0.75-1,327,6,6,1.446016666666667,0.1301785299758246,0.09002560826349944,1.1887,1.5138,0.32509999999999994,11,1.5137,112.0,2,10;12,1.5137;1.4325,0.08119999999999994,0.05364339036797248,False
KJ-01,kj_sv_40xx0.75-1,328,12,11,1.2566181818181819,0.17026185608163572,0.13549211570000239,0.8096,1.3493,0.5397,16,1.3406,94.0,2,15;17,1.3379;1.3493,0.00869999999999993,0.006489631508279823,False
KJ-01,kj_sv_40xx0.75-1,330,3,3,1.5987666666666664,0.02753621857360467,0.017223412989348878,1.568,1.6211,0.053099999999999925,10,1.6072,215.0,1,9,1.6211,0.013900000000000023,0.008648581383773037,False
KJ-01,kj_sv_40xx0.75-1,332,4,4,1.5300250000000002,0.04460525940588917,0.029153287956660293,1.4632,1.5553,0.09209999999999985,7,1.5516,182.0,1,8,1.55,0.0016000000000000458,0.0010311936065996686,False
KJ-01,kj_sv_40xx0.75-1,334,7,7,1.2989285714285717,0.21989686002219097,0.16929095629973456,0.8157,1.4605,0.6447999999999999,8,1.4125,120.0,2,7;9,0.8157;1.4605,0.5968000000000001,0.4225132743362832,True
KJ-01,kj_sv_40xx0.75-1,335,7,7,1.5106857142857142,0.2540618063160447,0.16817648033176164,1.1353,1.8413,0.706,11,1.7897,118.0,2,10;12,1.8413;1.5137,0.276,0.15421579035592559,False
KJ-01,kj_sv_40xx0.75-1,336,6,5,1.43654,0.11292735718150854,0.07861065976687634,1.2928,1.5644,0.27160000000000006,8,1.4213,122.0,2,7;9,1.5644;1.3706,0.1431,0.10068247379159924,False
KJ-01,kj_sv_40xx0.75-1,338,9,9,1.305588888888889,0.1586637989936933,0.12152661557094198,0.8846,1.3728,0.48819999999999997,7,1.3661,109.0,1,8,1.3728,0.006699999999999928,0.0049044725861942225,False
KJ-01,kj_sv_40xx0.75-1,340,3,3,1.3483,0.0022912878474778855,0.001699390230273593,1.3458,1.3503,0.0044999999999999485,8,1.3503,105.0,2,7;9,1.3488;1.3458,0.0044999999999999485,0.003332592757165036,False
KJ-01,kj_sv_40xx0.75-1,341,8,8,1.3694875,0.16374846073431393,0.11956915323017839,1.0703,1.6061,0.5358,11,1.6061,109.0,2,10;12,1.3506;1.338,0.2681,0.16692609426561233,False
KJ-01,kj_sv_40xx0.75-1,343,8,7,1.4851857142857143,0.09191150505733632,0.06188552998676012,1.3239,1.609,0.2850999999999999,9,1.5536,126.0,2,8;10,1.5074;1.609,0.055399999999999894,0.03565911431513896,False
KJ-01,kj_sv_40xx0.75-1,344,9,9,1.254522222222222,0.16178182668162838,0.12895891664242745,0.8903,1.3646,0.47430000000000005,12,1.3646,111.0,2,11;13,1.3515;1.3493,0.015300000000000091,0.011212076799062063,False
KJ-01,kj_sv_40xx0.75-1,345,9,8,1.7257125000000002,0.5276115438938007,0.3057354825289848,1.4762,3.0254,1.5492,15,3.0254,307.0,0,,,,,False
KJ-01,kj_sv_40xx0.75-1,346,3,3,1.1848666666666667,0.17231892912078264,0.1454331816132189,1.0818,1.3838,0.3019999999999998,7,1.3838,159.0,0,,,,,False
KJ-01,kj_sv_40xx0.75-1,347,8,8,1.177625,0.16936020573238061,0.14381505634848157,0.8606,1.4251,0.5645,14,1.4251,99.0,1,13,1.2565,0.16860000000000008,0.11830748719388119,False
KJ-01,kj_sv_40xx0.75-1,349,4,4,1.36175,0.11337138086836548,0.08325418092040791,1.1928,1.4343,0.24149999999999983,9,1.4343,113.0,2,8;10,1.4027;1.4172,0.03159999999999985,0.022031653071184445,False
KJ-01,kj_sv_40xx0.75-1,351,9,8,1.3976,0.14156564353179563,0.10129196016871468,1.1353,1.5812,0.44589999999999996,9,1.5137,95.0,2,8;10,1.42;1.5137,0.09370000000000012,0.06190130144678609,False
KJ-01,kj_sv_40xx0.75-1,352,6,6,1.3216666666666665,0.22823457815735693,0.17268694438135457,0.8593,1.4642,0.6049,11,1.4102,97.0,2,10;12,1.4642;1.4119,0.05400000000000005,0.03829244078854067,False
KJ-01,kj_sv_40xx0.75-1,353,8,7,1.1938285714285715,0.157574455568214,0.13199085642560526,0.8547,1.3383,0.48360000000000003,12,1.3383,111.0,1,11,1.233,0.10529999999999995,0.07868190988567582,False
KJ-01,kj_sv_40xx0.75-1,355,4,3,0.8872,0.2148936248472718,0.24221553747438213,0.7594,1.1353,0.3759,10,1.1353,42.0,1,9,0.7669,0.36839999999999995,0.3244957280014093,False
KJ-01,kj_sv_40xx0.75-1,356,9,9,1.2279666666666667,0.21703162787944064,0.17674065084240123,0.7753,1.4104,0.6351000000000001,11,1.4002,110.0,2,10;12,1.4104;1.3879,0.012299999999999978,0.008784459362948135,False
KJ-01,kj_sv_40xx0.75-1,357,6,5,0.9719999999999999,0.14123871636346738,0.14530732136159197,0.7571,1.1078,0.3506999999999999,8,1.1078,50.0,2,7;9,0.7571;0.9055,0.3506999999999999,0.3165733886983209,False
KJ-01,kj_sv_40xx0.75-1,359,8,8,1.1945999999999999,0.07151505336041396,0.05986527152219485,1.09,1.2935,0.20350000000000001,13,1.2935,90.0,2,12;14,1.2012;1.2216,0.09230000000000005,0.07135678391959802,False
KJ-01,kj_sv_40xx0.75-1,360,7,7,1.4101428571428571,0.10003249234028674,0.07093784281045559,1.1962,1.4968,0.3006,11,1.4968,112.0,2,10;12,1.4078;1.4703,0.08899999999999997,0.05946018172100479,False
KJ-01,kj_sv_40xx0.75-1,361,8,7,2.6052,0.5515762503951742,0.21172126915214734,1.3943,3.0172,1.6228999999999998,12,3.0172,210.0,2,11;13,2.8281;2.8229,0.1942999999999997,0.0643974545936629,False
KJ-01,kj_sv_40xx0.75-1,363,7,7,1.299642857142857,0.17017031524468712,0.1309362139832712,1.1618,1.5142,0.35240000000000005,13,1.5137,130.0,2,12;14,1.5142;1.1699,0.3438000000000001,0.22712558631168667,False
KJ-01,kj_sv_40xx0.75-1,365,3,3,1.473,0.12297914457337872,0.08348889651960537,1.3701,1.6092,0.23909999999999987,8,1.4397,168.0,1,9,1.3701,0.06959999999999988,0.04834340487601576,False
KJ-01,kj_sv_40xx0.75-1,367,5,5,1.26684,0.1719682616066116,0.13574584131114553,1.1353,1.514,0.37870000000000004,10,1.514,108.0,2,9;11,1.1353;1.1353,0.37870000000000004,0.25013210039630124,False
KJ-01,kj_sv_40xx0.75-1,378,4,4,1.445775,0.11554803835057809,0.07992117608243197,1.2863,1.5628,0.27649999999999997,11,1.5628,109.0,1,10,1.4706,0.09220000000000006,0.05899667263885338,False
KJ-01,kj_sv_40xx0.75-1,379,6,5,1.40564,0.10642465879672812,0.07571259980985752,1.3424,1.5927,0.25029999999999997,9,1.5927,119.0,2,8;10,1.3585;1.3913,0.23419999999999996,0.14704589690462733,False
KJ-01,kj_sv_40xx0.75-1,382,17,13,1.4723384615384616,0.14135978646973552,0.09601038766726723,1.1711,1.6214,0.4502999999999999,19,1.5651,100.0,2,18;20,1.5303;1.5471,0.03479999999999994,0.022235000958405176,False
KJ-01,kj_sv_40xx0.75-1,385,9,7,1.4516571428571428,0.2803230508844088,0.1931055499321821,0.8234,1.6481,0.8246999999999999,10,1.6481,149.0,2,9;11,0.8234;1.5397,0.8246999999999999,0.500394393544081,True
KJ-01,kj_sv_40xx0.75-1,387,3,3,2.3143666666666665,1.2213853623379203,0.5277406471192639,1.5574,3.7234,2.166,10,3.7234,418.0,1,11,1.5574,2.166,0.5817263791158619,True
KJ-01,kj_sv_40xx0.75-1,389,4,4,1.552625,0.03042612638287471,0.01959657121511937,1.5074,1.5734,0.06599999999999984,10,1.564,185.0,2,9;11,1.5734;1.5657,0.009399999999999853,0.006010230179028039,False
KJ-01,kj_sv_40xx0.75-1,392,8,8,1.5260375,0.12590918425028189,0.0825072675149083,1.2845,1.6593,0.3748,12,1.5208,129.0,2,11;13,1.52;1.6593,0.13850000000000007,0.09107048921620205,False
KJ-01,kj_sv_40xx0.75-1,394,8,8,1.218975,0.17732070824195512,0.14546705899789178,0.8508,1.3905,0.5397000000000001,12,1.3905,108.0,2,11;13,1.3714;1.2869,0.10360000000000014,0.07450557353469985,False
KJ-01,kj_sv_40xx0.75-1,397,8,7,1.3667285714285715,0.03549937625206556,0.025973976833571187,1.3124,1.4124,0.10000000000000009,15,1.3899,115.0,1,14,1.3724,0.01749999999999985,0.012590833872940391,False
KJ-01,kj_sv_40xx0.75-1,398,7,7,1.3946714285714286,0.1453063397823797,0.10418679038346543,1.2115,1.5684,0.3569,10,1.4131,112.0,2,9;11,1.3632;1.4378,0.049900000000000055,0.035312433656499935,False
KJ-01,kj_sv_40xx0.75-1,399,8,7,1.3404,0.07428169357250813,0.05541755712661007,1.2194,1.4202,0.20079999999999987,12,1.4031,116.0,2,11;13,1.4202;1.3283,0.07479999999999998,0.05331052669089871,False
KJ-01,kj_sv_40xx0.75-1,402,7,7,1.4230571428571428,0.17996978317801812,0.1264670108866351,1.1213,1.5655,0.44419999999999993,14,1.5572,172.0,1,13,1.5655,0.008299999999999974,0.005330079630105301,False
KJ-01,kj_sv_40xx0.75-1,403,8,6,1.6059666666666665,0.159715267481436,0.09945117217964425,1.3922,1.8798,0.4875999999999998,12,1.8798,215.0,2,11;13,1.5833;1.6561,0.2965,0.15772954569635067,False
KJ-01,kj_sv_40xx0.75-1,406,6,6,1.3101333333333331,0.11574272619334082,0.08834423432221211,1.1453,1.4679,0.3226,10,1.4679,113.0,2,9;11,1.3099;1.3736,0.15799999999999992,0.10763675999727497,False
KJ-01,kj_sv_40xx0.75-1,408,5,5,1.5176,0.3146355113460653,0.20732440125597346,1.0726,1.8731,0.8005,12,1.6056,177.0,1,11,1.697,0.09140000000000015,0.05692575984055814,False
KJ-01,kj_sv_40xx0.75-1,409,4,4,1.17385,0.19567649322287023,0.1666963353263792,0.906,1.347,0.44099999999999995,10,1.347,94.0,2,9;11,1.287;0.906,0.44099999999999995,0.3273942093541202,False
KJ-01,kj_sv_40xx0.75-1,411,6,5,1.6235199999999999,0.6208931405644613,0.38243639780505406,1.1353,2.6647,1.5293999999999999,14,2.6647,211.0,1,13,1.1681,1.4966,0.5616392089165759,True
KJ-01,kj_sv_40xx0.75-1,412,4,4,1.274625,0.1661612545089859,0.13036089399547782,1.1504,1.5188,0.36839999999999984,8,1.1976,120.0,1,9,1.1504,0.04719999999999991,0.03941215764863052,False
KJ-01,kj_sv_40xx0.75-1,413,6,5,1.4627599999999998,0.10961855682319487,0.0749395367819703,1.3432,1.581,0.2378,9,1.578,289.0,1,10,1.581,0.0029999999999998916,0.0019011406844105776,False
KJ-01,kj_sv_40xx0.75-1,414,8,8,1.060575,0.09343013814763261,0.08809385300203437,0.8358,1.1204,0.2846000000000001,16,1.095,68.0,2,15;17,1.0752;0.8358,0.2592,0.23671232876712328,False
KJ-01,kj_sv_40xx0.75-1,418,8,8,1.3294125,0.256484683126637,0.19293084962465526,0.8948,1.6058,0.7109999999999999,11,1.6055,163.0,2,10;12,1.3404;1.549,0.2650999999999999,0.16511990034257235,False
KJ-01,kj_sv_40xx0.75-1,419,6,5,1.8004800000000003,0.5994572770431601,0.3329430357699947,1.338,2.806,1.468,14,2.806,272.0,1,13,1.863,0.9430000000000001,0.33606557377049184,True
KJ-01,kj_sv_40xx0.75-1,420,8,8,1.1038875,0.15162689581902775,0.13735719973188187,0.8816,1.3379,0.45630000000000004,14,1.3143,61.0,2,13;15,1.081;1.3379,0.23330000000000006,0.17750894012021612,False
KJ-01,kj_sv_40xx0.75-1,421,3,3,1.0236333333333334,0.20915841683597944,0.20432943127680428,0.7822,1.1498,0.3675999999999999,10,1.1389,40.0,2,9;11,1.1498;0.7822,0.3567,0.31319694442005447,False
KJ-01,kj_sv_40xx0.75-1,422,3,3,1.4997666666666667,0.024133241252126392,0.016091330597288282,1.4719,1.5137,0.04180000000000006,9,1.5137,218.0,1,10,1.5137,0.0,0.0,False
KJ-01,kj_sv_40xx0.75-1,424,7,7,1.318657142857143,0.11326490861608253,0.08589413042625373,1.093,1.4106,0.3176000000000001,12,1.4106,110.0,2,11;13,1.3685;1.3944,0.042100000000000026,0.02984545583439673,False
KJ-01,kj_sv_40xx0.75-1,425,6,5,1.35052,0.09003308836200168,0.06666549800225223,1.1962,1.4182,0.22199999999999998,10,1.4182,100.0,2,9;11,1.1962;1.4113,0.22199999999999998,0.15653645466083768,False
KJ-01,kj_sv_40xx0.75-1,429,11,10,1.1227900000000002,0.05613322347574365,0.049994409885859015,1.0106,1.193,0.18240000000000012,14,1.1041,85.0,2,13;15,1.101;1.193,0.08889999999999998,0.0805180690154877,False
KJ-01,kj_sv_40xx0.75-1,431,18,17,1.4653,0.1775861516278789,0.1211943981627509,1.1383,1.826,0.6877,14,1.826,124.0,2,13;15,1.56;1.5602,0.266,0.1456736035049288,False
KJ-01,kj_sv_40xx0.75-1,435,8,8,1.4597125000000002,0.083223596198949,0.057013690160870024,1.3192,1.5633,0.24409999999999998,10,1.5185,128.0,2,9;11,1.4109;1.4309,0.10759999999999992,0.07085940072439903,False
KJ-01,kj_sv_40xx0.75-1,437,15,14,1.4036714285714287,0.1376289573095353,0.09804926887313342,1.0794,1.5601,0.4807000000000001,24,1.5173,129.0,1,23,1.5344,0.017099999999999893,0.01127001911289784,False
KJ-01,kj_sv_40xx0.75-1,439,5,5,1.4450600000000002,0.14646121670940734,0.10135303496699606,1.3379,1.6055,0.26759999999999984,11,1.6055,124.0,2,10;12,1.3379;1.3379,0.26759999999999984,0.16667704764870747,False
KJ-01,kj_sv_40xx0.75-1,440,10,9,1.5102111111111112,0.2856258454886586,0.18912974708450822,0.795,1.7322,0.9371999999999999,15,1.628,139.0,2,14;16,1.6715;1.5603,0.06769999999999987,0.04158476658476651,False
KJ-01,kj_sv_40xx0.75-1,441,4,3,1.4256333333333335,0.17616538630881298,0.12356991253628537,1.2228,1.5404,0.3175999999999999,11,1.2228,216.0,1,12,1.5137,0.29089999999999994,0.23789663068367672,False
KJ-01,kj_sv_40xx0.75-1,443,11,11,1.4690636363636365,0.10803592247699166,0.07354066890145908,1.1681,1.534,0.3659000000000001,14,1.5305,123.0,2,13;15,1.5137;1.534,0.016799999999999926,0.010976804965697437,False
KJ-01,kj_sv_40xx0.75-1,452,10,9,1.339288888888889,0.2550790683515821,0.19045858624512502,0.7612,1.5423,0.7811,13,1.4031,117.0,2,12;14,1.3915;1.5202,0.11709999999999998,0.08345805715914759,False
KJ-01,kj_sv_40xx0.75-1,453,8,8,2.227325,0.4866254345710144,0.21847976140483064,1.3379,2.712,1.3741,12,2.712,202.0,2,11;13,2.4698;2.4898,0.24219999999999997,0.08930678466076694,False
KJ-01,kj_sv_40xx0.75-1,454,9,9,1.3939777777777778,0.10578558240348471,0.07588756728398048,1.2669,1.6001,0.33320000000000016,12,1.3512,122.0,2,11;13,1.5043;1.3404,0.1531,0.11330669034931913,False
KJ-01,kj_sv_40xx0.75-1,455,14,14,1.7212785714285714,0.5001957158161984,0.2905954469653695,1.0892,2.791,1.7018,14,2.6757,256.0,2,13;15,2.791;1.9144,0.7612999999999999,0.28452367604738943,True
KJ-01,kj_sv_40xx0.75-1,458,7,7,1.5400428571428573,0.07391948000229388,0.047998326578671945,1.3935,1.595,0.2015,12,1.595,133.0,2,11;13,1.5646;1.5851,0.030399999999999983,0.019059561128526636,False
KJ-01,kj_sv_40xx0.75-1,459,6,6,1.2605833333333332,0.222924188159712,0.17684208752009944,0.8062,1.369,0.5628,12,1.357,104.0,2,11;13,1.338;1.3554,0.018999999999999906,0.014001473839351441,False
KJ-01,kj_sv_40xx0.75-1,461,7,7,1.4284999999999999,0.17637709601872908,0.12347014072014638,1.0575,1.6003,0.5428,10,1.6003,112.0,2,9;11,1.0575;1.415,0.5428,0.3391864025495219,True
KJ-01,kj_sv_40xx0.75-1,462,10,9,1.3412444444444445,0.17187071530012837,0.128142722985383,1.0542,1.5474,0.4932000000000001,14,1.4424,100.0,2,13;15,1.3469;1.5474,0.1050000000000002,0.07279534109816986,False
KJ-01,kj_sv_40xx0.75-1,464,4,4,1.37725,0.1530218829666747,0.11110683097961496,1.1679,1.4993,0.33140000000000014,10,1.4993,121.0,2,9;11,1.483;1.3588,0.14050000000000007,0.0937103981858201,False
KJ-01,kj_sv_40xx0.75-1,465,9,9,1.3820888888888887,0.12386497128369714,0.08962156651391408,1.0936,1.5144,0.42080000000000006,17,1.4637,122.0,1,16,1.3907,0.07299999999999995,0.049873607979777246,False
KJ-01,kj_sv_40xx0.75-1,466,8,7,1.1378714285714286,0.3784952783249557,0.33263448648161226,0.3784,1.5137,1.1353,13,1.5137,105.0,2,12;14,1.1353;1.5137,0.37840000000000007,0.2499834841778424,False
KJ-01,kj_sv_40xx0.75-1,467,11,11,1.4064727272727273,0.20762484962503452,0.1476209567373817,0.8438,1.5632,0.7193999999999999,14,1.5632,95.0,2,13;15,1.3029;1.4982,0.2603,0.1665174002047083,False
KJ-01,kj_sv_40xx0.75-1,468,4,4,1.152925,0.054183784474693186,0.04699679898926052,1.1089,1.2316,0.12270000000000003,11,1.2316,71.0,2,10;12,1.1089;1.1293,0.12270000000000003,0.09962650211107504,False
KJ-01,kj_sv_40xx0.75-1,470,20,20,1.56706,0.13468372464485281,0.08594675675778389,1.1694,1.8013,0.6318999999999999,14,1.6584,229.0,2,13;15,1.6393;1.5608,0.09760000000000013,0.05885190545103722,False
KJ-01,kj_sv_40xx0.75-1,479,6,6,1.1998166666666665,0.3605350047729993,0.3004917457719924,0.5324,1.5244,0.992,12,1.5244,109.0,2,11;13,1.4182;1.4162,0.10820000000000007,0.07097874573602733,False
KJ-01,kj_sv_40xx0.75-1,482,5,3,0.9926666666666666,0.14781110693494368,0.14890306272828444,0.849,1.1443,0.2953000000000001,13,1.1443,65.0,1,12,0.849,0.2953000000000001,0.258061697107402,False
KJ-01,kj_sv_40xx0.75-1,485,13,12,1.314275,0.10856576662013755,0.08260506105658065,1.0718,1.3878,0.31599999999999984,18,1.3878,118.0,2,17;19,1.3787;1.3452,0.04259999999999997,0.03069606571552095,False
KJ-01,kj_sv_40xx0.75-1,487,7,6,1.4274499999999997,0.10523286083728793,0.07372087347177692,1.3484,1.5983,0.2499,14,1.5983,124.0,1,15,1.52,0.07830000000000004,0.04898955139836078,False
KJ-01,kj_sv_40xx0.75-1,493,7,7,1.4324857142857144,0.17697228058438447,0.12354209107951127,1.0953,1.6347,0.5394000000000001,11,1.6347,188.0,2,10;12,1.3829;1.5733,0.2518,0.15403437939683123,False
KJ-01,kj_sv_40xx0.75-1,494,8,7,1.352542857142857,0.0948600347379031,0.07013458703873357,1.1893,1.4645,0.2751999999999999,17,1.4109,95.0,1,16,1.1893,0.22160000000000002,0.15706286767311645,False
KJ-01,kj_sv_40xx0.75-1,496,4,4,1.28475,0.13570965330439835,0.10563117595205164,1.0818,1.3663,0.2845,10,1.3663,91.0,1,11,1.3501,0.016199999999999992,0.011856839639903383,False
KJ-01,kj_sv_40xx0.75-1,498,8,7,1.2694000000000003,0.11590198445238119,0.09130454108427695,1.0703,1.3379,0.26760000000000006,13,1.3379,90.0,2,12;14,1.3379;1.3379,0.0,0.0,False
KJ-01,kj_sv_40xx0.75-1,500,8,8,1.3344375,0.0505655426861302,0.037892777058596,1.2114,1.3657,0.15429999999999988,13,1.3657,96.0,2,12;14,1.3582;1.3433,0.022399999999999975,0.016401845207585836,False
KJ-01,kj_sv_40xx0.75-1,502,9,9,1.4628555555555556,0.14097628445159763,0.09637061151814022,1.2113,1.6069,0.39559999999999995,14,1.4509,121.0,2,13;15,1.6069;1.6055,0.15599999999999992,0.10751947067337508,False
KJ-01,kj_sv_40xx0.75-1,504,8,8,1.53295,0.053229342069415604,0.03472346917343397,1.4374,1.6326,0.19520000000000004,15,1.5345,182.0,2,14;16,1.5196;1.5295,0.014899999999999913,0.009710003258390299,False
KJ-01,kj_sv_40xx0.75-1,505,8,7,1.4927714285714286,0.09103954661365052,0.06098692999555511,1.3527,1.5609,0.20819999999999994,15,1.5606,124.0,2,14;16,1.5544;1.5609,0.006199999999999983,0.003972830962450329,False
KJ-01,kj_sv_40xx0.75-1,507,8,8,1.381275,0.05141099798959085,0.037219958364258274,1.3391,1.4759,0.13680000000000003,14,1.4759,122.0,2,13;15,1.3475;1.3475,0.12840000000000007,0.08699776407615697,False
KJ-01,kj_sv_40xx0.75-1,509,4,4,1.491425,0.1223026130819234,0.08200386414464247,1.3482,1.6055,0.25729999999999986,10,1.6055,132.0,1,11,1.4321,0.1734,0.10800373715353473,False
KJ-01,kj_sv_40xx0.75-1,511,9,9,1.618377777777778,0.09260153586439289,0.05721873912007469,1.5184,1.7764,0.258,14,1.6353,148.0,2,13;15,1.6176;1.7635,0.1282000000000001,0.0783954014553905,False
KJ-01,kj_sv_40xx0.75-1,513,7,7,1.4023428571428571,0.04876309592109103,0.034772591932647125,1.3394,1.4825,0.1431,10,1.4825,127.0,1,11,1.4409,0.04159999999999986,0.028060708263069046,False
KJ-01,kj_sv_40xx0.75-1,515,5,5,2.1961799999999996,0.12954499990350837,0.058986512901268745,2.0263,2.3484,0.32209999999999983,11,2.1495,235.0,2,10;12,2.1547;2.3484,0.19889999999999963,0.09253314724354483,False
KJ-01,kj_sv_40xx0.75-1,516,6,6,1.5653999999999997,0.07362350168254699,0.04703175014855436,1.4355,1.6148,0.17930000000000001,14,1.6069,140.0,2,13;15,1.5176;1.4355,0.1714,0.106665007156637,False
KJ-01,kj_sv_40xx0.75-1,517,8,8,1.4740375000000001,0.06625640535072815,0.044948927928039915,1.3709,1.5562,0.18530000000000002,15,1.4965,117.0,2,14;16,1.5142;1.5148,0.018299999999999983,0.01222853324423654,False
KJ-01,kj_sv_40xx0.75-1,520,5,5,1.43256,0.24213357470619398,0.16902159400387695,1.1353,1.6402,0.5049000000000001,15,1.6029,192.0,1,14,1.6402,0.03730000000000011,0.023270322540395603,False
KJ-01,kj_sv_40xx0.75-1,522,12,12,1.4771083333333335,0.1570153753810772,0.10629916021578908,1.0918,1.6146,0.5227999999999999,21,1.6055,212.0,2,20;22,1.5531;1.6055,0.0524,0.03263780753659296,False
KJ-01,kj_sv_40xx0.75-1,524,5,3,0.7430333333333333,0.12382020567473365,0.16664152214983668,0.6003,0.8216,0.22130000000000005,11,0.8216,21.0,1,12,0.8072,0.014399999999999968,0.01752677702044787,False
KJ-01,kj_sv_40xx0.75-1,530,10,10,1.36288,0.19103710401676186,0.14017162480685155,0.91,1.6056,0.6955999999999999,14,1.5855,113.0,2,13;15,1.6056;1.3509,0.23459999999999992,0.14796594134342475,False
KJ-01,kj_sv_40xx0.75-1,531,10,8,1.313025,0.09993843461994845,0.07611312398465257,1.0785,1.4098,0.33129999999999993,17,1.4098,106.0,2,16;18,1.3497;1.3443,0.06549999999999989,0.04646049084976585,False
KJ-01,kj_sv_40xx0.75-1,532,11,11,1.6779090909090906,0.2634813179508007,0.15702955504463392,1.2275,2.2972,1.0697,14,2.2972,154.0,2,13;15,1.6646;1.7843,0.6326,0.27537872192234025,True
KJ-01,kj_sv_40xx0.75-1,535,7,6,1.3159000000000003,0.12839957943856362,0.09757548403264958,1.1794,1.5203,0.3409,15,1.2941,76.0,2,14;16,1.1794;1.2613,0.11470000000000002,0.08863302681400202,False
KJ-01,kj_sv_40xx0.75-1,536,6,6,1.2986166666666668,0.09943788848656568,0.0765721640873486,1.1698,1.3729,0.20310000000000006,12,1.3619,86.0,2,11;13,1.1698;1.3729,0.19210000000000016,0.14105294074454816,False
KJ-01,kj_sv_40xx0.75-1,537,8,8,1.2673125,0.1391321410694575,0.10978518800174188,0.9957,1.3442,0.34850000000000003,15,1.3438,78.0,2,14;16,1.3442;1.3403,0.0035000000000000586,0.0026045542491442615,False
KJ-01,kj_sv_40xx0.75-1,538,11,10,1.49246,0.06716677750197643,0.045004072137260924,1.3013,1.5137,0.21240000000000014,14,1.5137,135.0,2,13;15,1.5137;1.5137,0.0,0.0,False
KJ-01,kj_sv_40xx0.75-1,540,6,6,1.1602166666666667,0.04536798063245344,0.039103024405602496,1.0695,1.1955,0.1260000000000001,15,1.1775,101.0,1,14,1.1776,9.999999999998899e-05,8.492569002122206e-05,False
KJ-01,kj_sv_40xx0.75-1,546,4,3,0.8283666666666667,0.01313481379134603,0.01585627997828582,0.8135,0.8384,0.024900000000000033,12,0.8332,24.0,1,13,0.8384,0.005199999999999982,0.006240998559769542,False
KJ-01,kj_sv_40xx0.75-1,547,6,5,1.2980800000000001,0.16367669962459533,0.12609138082752627,1.1353,1.5137,0.37840000000000007,13,1.5137,112.0,2,12;14,1.3245;1.3816,0.18920000000000003,0.1249917420889212,False
KJ-01,kj_sv_40xx0.75-1,548,7,7,1.3591142857142857,0.15722390009761483,0.11568114745772497,1.1048,1.5242,0.4194,14,1.5242,120.0,2,13;15,1.3705;1.3613,0.16290000000000004,0.10687573809211393,False
KJ-01,kj_sv_40xx0.75-1,550,9,8,1.3755,0.19885765907157965,0.14457118071361663,1.0452,1.5137,0.46850000000000014,16,1.5137,117.0,2,15;17,1.5137;1.5137,0.0,0.0,False
KJ-01,kj_sv_40xx0.75-1,551,4,3,1.0779,0.18929722660408954,0.1756166867094253,0.8599,1.2007,0.3408000000000001,11,1.1731,90.0,2,10;12,1.2007;0.8599,0.31320000000000003,0.26698491177222744,False
KJ-01,kj_sv_40xx0.75-1,552,10,9,1.4566555555555556,0.11986346515005218,0.08228675934602625,1.3382,1.6055,0.26729999999999987,15,1.6055,129.0,2,14;16,1.6055;1.3491,0.25639999999999996,0.15970102771722203,False
KJ-01,kj_sv_40xx0.75-1,557,10,8,1.21755,0.19825921704389218,0.16283455878107034,0.9823,1.5585,0.5762,13,1.5585,64.0,2,12;14,1.1688;1.3478,0.38969999999999994,0.2500481231953801,False
KJ-01,kj_sv_40xx0.75-1,558,7,6,1.5673000000000001,0.05273230508900588,0.03364531684362016,1.536,1.674,0.1379999999999999,15,1.5536,149.0,2,14;16,1.674;1.536,0.12039999999999984,0.07749742533470638,False
KJ-01,kj_sv_40xx0.75-1,559,7,7,1.42,0.15613069311744351,0.10995119233622783,1.0967,1.537,0.4402999999999999,16,1.5126,114.0,2,15;17,1.4979;1.5165,0.014699999999999935,0.009718365727885717,False
KJ-01,kj_sv_40xx0.75-1,563,9,8,1.4131749999999998,0.29436267596283333,0.20829881363796654,0.6847,1.5214,0.8367000000000001,15,1.5195,136.0,2,14;16,1.5184;1.5141,0.005400000000000071,0.0035538005923001457,False
KJ-01,kj_sv_40xx0.75-1,564,3,3,1.3872333333333333,0.017047384941196522,0.012288765365977741,1.3695,1.4035,0.03400000000000003,12,1.3887,216.0,2,11;13,1.3695;1.4035,0.019200000000000106,0.013825880319723559,False
KJ-01,kj_sv_40xx0.75-1,565,8,8,1.525075,0.11627370111692742,0.0762413003405914,1.3766,1.6894,0.31279999999999997,14,1.5985,242.0,2,13;15,1.6894;1.6056,0.09089999999999998,0.0568658116984673,False
KJ-01,kj_sv_40xx0.75-1,566,7,7,1.5237714285714286,0.09228285709862757,0.06056213902444996,1.3171,1.5891,0.272,16,1.5562,125.0,2,15;17,1.5446;1.5891,0.03289999999999993,0.021141241485670176,False
KJ-01,kj_sv_40xx0.75-1,567,5,5,1.37258,0.13992275368931245,0.10194141958159995,1.2069,1.5865,0.37959999999999994,11,1.3792,149.0,1,12,1.5865,0.20730000000000004,0.150304524361949,False
KJ-01,kj_sv_40xx0.75-1,572,5,5,1.6530999999999998,0.13219052537909062,0.07996523221770652,1.5698,1.8863,0.3165,12,1.5698,248.0,2,11;13,1.5781;1.6071,0.03729999999999989,0.023760988660975847,False
KJ-01,kj_sv_40xx0.75-1,579,8,7,1.5576285714285714,0.008271983697137792,0.005310626582530637,1.5439,1.5694,0.025499999999999856,15,1.5549,130.0,2,14;16,1.5655;1.5439,0.010999999999999899,0.007074409929898964,False
KJ-01,kj_sv_40xx0.75-1,583,7,7,1.3242857142857143,0.2533798099597482,0.19133318982936756,0.805,1.6326,0.8276,11,1.6326,93.0,0,,,,,False
KJ-01,kj_sv_40xx0.75-1,584,4,4,1.9621,0.3757437690767474,0.19150082517544845,1.7303,2.5228,0.7925000000000002,13,1.7717,281.0,2,12;14,2.5228;1.8236,0.7511000000000001,0.42394310549190045,True
KJ-01,kj_sv_40xx0.75-1,585,5,5,1.42032,0.11980532959764349,0.08435094175794433,1.3419,1.6236,0.28169999999999984,15,1.3524,129.0,2,14;16,1.3488;1.3419,0.010499999999999954,0.007763975155279468,False
KJ-01,kj_sv_40xx0.75-1,587,9,8,1.3712499999999999,0.08667896432897003,0.06321164217244853,1.2096,1.4759,0.2663,15,1.4087,116.0,2,14;16,1.4496;1.3486,0.06010000000000004,0.04266344856960321,False
KJ-01,kj_sv_40xx0.75-1,590,11,11,1.5679363636363635,0.28938723977648795,0.18456567912318844,0.8451,1.8921,1.047,18,1.5522,161.0,2,17;19,1.8921;1.8799,0.33989999999999987,0.2189795129493621,False
KJ-01,kj_sv_40xx0.75-1,591,9,9,1.3012444444444444,0.08590497818972877,0.06601755616056074,1.0844,1.3406,0.2562,18,1.3381,119.0,2,17;19,1.3379;1.2551,0.08299999999999996,0.06202824900978997,False
KJ-01,kj_sv_40xx0.75-1,593,8,7,1.4719,0.18838143043658348,0.1279852098896552,1.0713,1.6055,0.5342,17,1.594,229.0,1,16,1.4674,0.12660000000000005,0.07942283563362612,False
KJ-01,kj_sv_40xx0.75-1,594,10,10,1.3914199999999999,0.11283006691480771,0.08108986999957433,1.3379,1.6055,0.26759999999999984,15,1.6055,121.0,2,14;16,1.3379;1.3379,0.26759999999999984,0.16667704764870747,False
KJ-01,kj_sv_40xx0.75-1,596,7,7,1.3668999999999998,0.09605609472247631,0.07027294953725681,1.1884,1.502,0.3136000000000001,15,1.502,116.0,2,14;16,1.3406;1.3619,0.1614,0.10745672436750998,False
KJ-01,kj_sv_40xx0.75-1,599,6,6,1.4037,0.06248702265270766,0.044515938343454915,1.3029,1.4842,0.18130000000000002,16,1.4842,109.0,1,15,1.4063,0.07789999999999986,0.052486187845303775,False
KJ-01,kj_sv_40xx0.75-1,603,6,6,1.4670499999999997,0.07770427916144645,0.05296634686032955,1.3798,1.5536,0.17380000000000018,13,1.5536,173.0,2,12;14,1.5149;1.5405,0.03870000000000018,0.0249098867147272,False
KJ-01,kj_sv_40xx0.75-1,608,8,5,1.12368,0.08980449320607513,0.0799199889702363,0.9808,1.2305,0.24969999999999992,13,1.2305,80.0,1,14,0.9808,0.24969999999999992,0.20292563998374638,False
KJ-01,kj_sv_40xx0.75-1,609,10,10,1.24138,0.13876874287821445,0.11178586965974517,1.0133,1.4157,0.40239999999999987,13,1.4157,79.0,2,12;14,1.1751;1.3938,0.24059999999999993,0.16995126086035173,False
KJ-01,kj_sv_40xx0.75-1,610,9,9,1.1934777777777779,0.26503616629517646,0.22207046601962407,0.7661,1.5143,0.7482,13,1.3676,105.0,2,12;14,1.3103;1.3314,0.05729999999999991,0.04189821585258841,False
KJ-01,kj_sv_40xx0.75-1,612,11,10,1.9531800000000001,0.5235985926472896,0.2680749304453709,1.4113,2.6789,1.2676,15,2.6789,219.0,2,14;16,2.5428;2.5459,0.1360999999999999,0.05080443465601549,False
KJ-01,kj_sv_40xx0.75-1,615,6,5,1.31568,0.17199651740660335,0.13072822981773938,1.0245,1.4648,0.44030000000000014,14,1.4648,115.0,2,13;15,1.4183;1.3353,0.12950000000000017,0.08840797378481716,False
KJ-01,kj_sv_40xx0.75-1,616,6,6,1.10375,0.18605723581736883,0.16856827707122884,0.7568,1.3245,0.5677,12,1.3245,90.0,2,11;13,0.7568;1.1353,0.5677,0.42861457153642885,True
KJ-01,kj_sv_40xx0.75-1,619,11,10,1.51748,0.06846147010464272,0.04511523717257738,1.3932,1.5947,0.2015,17,1.5311,119.0,2,16;18,1.5762;1.5819,0.05080000000000018,0.03317876036836273,False
KJ-01,kj_sv_40xx0.75-1,620,7,7,1.418257142857143,0.2977827499881015,0.20996386409040374,0.8362,1.7479,0.9117,16,1.6294,136.0,2,15;17,1.7479;1.5138,0.11850000000000005,0.07272615686755864,False
KJ-01,kj_sv_40xx0.75-1,621,8,8,1.3214625,0.06899068130655665,0.052207823760838205,1.1521,1.3619,0.2098000000000002,14,1.3619,108.0,2,13;15,1.1521;1.3539,0.2098000000000002,0.1540494896835305,False
KJ-01,kj_sv_40xx0.75-1,623,3,3,1.4110333333333334,0.18546175706418108,0.13143683617031093,1.1969,1.5206,0.3236999999999999,13,1.5156,216.0,1,12,1.5206,0.004999999999999893,0.0032990234890471716,False
KJ-01,kj_sv_40xx0.75-1,624,7,7,1.4027857142857143,0.15334384487779343,0.10931380560563715,1.1696,1.5141,0.34450000000000003,15,1.4486,108.0,2,14;16,1.5141;1.4659,0.06549999999999989,0.04521607068894097,False
KJ-01,kj_sv_40xx0.75-1,626,3,3,1.1043,0.28258296126978355,0.2558932910167378,0.8046,1.3659,0.5612999999999999,12,1.3659,81.0,1,13,1.1424,0.2234999999999998,0.16362837689435525,False
KJ-01,kj_sv_40xx0.75-1,627,4,4,1.419275,0.1892502113605161,0.13334287672263379,1.1354,1.5143,0.3789,12,1.5137,121.0,1,13,1.5143,0.0005999999999999339,0.0003963797317830045,False
KJ-01,kj_sv_40xx0.75-1,630,8,7,1.3583999999999998,0.02980671065381082,0.021942513732192893,1.3018,1.3868,0.08499999999999996,16,1.3849,108.0,2,15;17,1.3376;1.3657,0.04730000000000012,0.0341540905480541,False
KJ-01,kj_sv_40xx0.75-1,632,9,9,1.5566777777777778,0.030358062264321924,0.019501827994011272,1.5144,1.5918,0.07740000000000014,17,1.5657,258.0,2,16;18,1.5527;1.547,0.01870000000000016,0.01194353963083615,False
KJ-01,kj_sv_40xx0.75-1,633,7,7,1.5124714285714287,0.04407866885035262,0.029143472079989075,1.4205,1.5602,0.13969999999999994,15,1.5137,133.0,2,14;16,1.5137;1.5602,0.046499999999999986,0.03071942921318622,False
KJ-01,kj_sv_40xx0.75-1,635,6,6,1.2969666666666664,0.12107306334055756,0.09335094451712271,1.084,1.3974,0.3133999999999999,12,1.3641,198.0,1,13,1.3974,0.033299999999999885,0.024411700021992437,False
KJ-01,kj_sv_40xx0.75-1,637,4,4,1.5465499999999999,0.031028212968200443,0.020062857953639032,1.5218,1.5918,0.07000000000000006,14,1.5393,128.0,1,15,1.5918,0.05250000000000021,0.034106412005457165,False
KJ-01,kj_sv_40xx0.75-1,638,7,7,1.5286428571428572,0.008143270666191646,0.005327124401975751,1.5183,1.5395,0.021200000000000108,18,1.5369,125.0,1,17,1.5287,0.008199999999999985,0.005335415446678369,False
KJ-01,kj_sv_40xx0.75-1,640,5,4,1.3308499999999999,0.19426141322111984,0.14596792517648108,1.0709,1.541,0.47009999999999996,12,1.541,141.0,1,13,1.3449,0.19609999999999994,0.12725502920181697,False
KJ-01,kj_sv_40xx0.75-1,641,14,14,1.525778571428571,0.14489350560681788,0.09496365221013398,1.1648,1.6643,0.49949999999999983,14,1.5019,118.0,2,13;15,1.3666;1.6061,0.13529999999999998,0.09008589120447431,False
KJ-01,kj_sv_40xx0.75-1,643,9,9,1.9045666666666667,0.6599292215836483,0.3464983574130502,1.3541,3.0876,1.7335,19,3.0876,232.0,2,18;20,2.9953;1.8475,1.2401000000000002,0.40163881331778734,True
KJ-01,kj_sv_40xx0.75-1,645,9,9,1.5200333333333333,0.11274439010434176,0.07417231427228027,1.3527,1.6345,0.28180000000000005,17,1.6345,125.0,2,16;18,1.5259;1.6293,0.10860000000000003,0.06644233710614869,False
KJ-01,kj_sv_40xx0.75-1,647,5,5,1.4659200000000001,0.15939083097844742,0.10873092049937746,1.1814,1.5486,0.36719999999999997,14,1.5323,126.0,2,13;15,1.5486;1.5449,0.01629999999999998,0.01063760360242771,False
KJ-01,kj_sv_40xx0.75-1,648,9,9,1.5940888888888889,0.2507080545397597,0.15727357256376595,1.0229,1.919,0.8961000000000001,15,1.7604,191.0,2,14;16,1.5768;1.7173,0.18359999999999999,0.10429447852760736,False
KJ-01,kj_sv_40xx0.75-1,652,5,5,1.2451800000000002,0.16572489855178676,0.1330931259350349,1.012,1.4106,0.39860000000000007,15,1.4106,96.0,2,14;16,1.3744;1.012,0.39860000000000007,0.28257479086913373,False
KJ-01,kj_sv_40xx0.75-1,653,10,9,1.6106444444444443,0.05359099996993689,0.03327301699315885,1.5399,1.6922,0.15229999999999988,17,1.6014,157.0,2,16;18,1.6876;1.6375,0.08620000000000005,0.05382790058698642,False
KJ-01,kj_sv_40xx0.75-1,655,5,5,1.5056999999999998,0.1572864425181013,0.10446067776987536,1.2253,1.5921,0.3668,16,1.5825,108.0,1,15,1.5572,0.0253000000000001,0.015987361769352355,False
KJ-01,kj_sv_40xx0.75-1,656,8,8,1.405075,0.06568313003678015,0.046747063350198494,1.3384,1.5345,0.19609999999999994,14,1.3516,179.0,2,13;15,1.3384;1.3791,0.02750000000000008,0.020346256288842915,False
KJ-01,kj_sv_40xx0.75-1,663,7,6,1.1533833333333332,0.008442373284015996,0.0073196595095727035,1.144,1.1694,0.02540000000000009,14,1.1524,95.0,2,13;15,1.1512;1.1518,0.0012000000000000899,0.0010413051023950796,False
KJ-01,kj_sv_40xx0.75-1,669,8,8,1.6120625,0.15265014096198626,0.09469244583382236,1.4127,1.8457,0.43299999999999983,17,1.8457,215.0,2,16;18,1.8209;1.5622,0.28349999999999986,0.15360026006393232,False
KJ-01,kj_sv_40xx0.75-1,670,8,8,1.4426375,0.142793236509497,0.0989806770650957,1.3379,1.6528,0.31489999999999996,19,1.62,139.0,2,18;20,1.5651;1.6528,0.05490000000000017,0.03388888888888899,False
KJ-01,kj_sv_40xx0.75-1,671,9,9,1.3847333333333336,0.17643338686314453,0.12741325901242923,1.1456,1.5195,0.3739000000000001,18,1.5138,107.0,2,17;19,1.1636;1.5137,0.35020000000000007,0.23133835381159998,False
KJ-01,kj_sv_40xx0.75-1,673,3,3,1.3927000000000003,0.076009801999479,0.05457729733573561,1.3299,1.4772,0.1473,13,1.371,195.0,1,14,1.4772,0.10620000000000007,0.07746170678336986,False
KJ-01,kj_sv_40xx0.75-1,674,3,3,1.3304666666666665,0.1120650852555484,0.08422990824438674,1.2013,1.4018,0.2004999999999999,15,1.4018,57.0,1,14,1.3883,0.013499999999999845,0.009630475103438327,False
KJ-01,kj_sv_40xx0.75-1,675,13,13,1.2639153846153848,0.2848562293688808,0.22537602820268213,0.5601,1.5254,0.9653,19,1.4201,112.0,2,18;20,1.5254;1.3906,0.10530000000000017,0.07414970776705879,False
KJ-01,kj_sv_40xx0.75-1,678,5,4,1.4452500000000001,0.08691238883688175,0.06013657764184864,1.3381,1.5182,0.18009999999999993,15,1.411,108.0,1,16,1.5137,0.10270000000000001,0.07278525868178598,False
KJ-01,kj_sv_40xx0.75-1,679,14,10,1.22286,0.18064547969249972,0.1477237620761982,0.8065,1.3631,0.5566,18,1.2371,109.0,2,17;19,0.8065;1.3432,0.4306000000000001,0.34807210411446127,False
KJ-01,kj_sv_40xx0.75-1,680,5,5,1.2564,0.09318173104208789,0.07416565667151218,1.1234,1.3427,0.21930000000000005,17,1.3398,103.0,1,16,1.2067,0.1331,0.09934318555008209,False
KJ-01,kj_sv_40xx0.75-1,681,5,4,1.4951750000000001,0.16796948879682486,0.11234102282129171,1.2536,1.6244,0.3708,13,1.5918,93.0,1,14,1.6244,0.03259999999999996,0.020479959793943937,False
KJ-01,kj_sv_40xx0.75-1,683,3,3,1.3917333333333335,0.059160826002798005,0.04250873682898879,1.3518,1.4597,0.1079000000000001,13,1.4597,135.0,0,,,,,False
KJ-01,kj_sv_40xx0.75-1,685,8,8,1.2744125,0.18881353944717902,0.14815731911541907,0.8072,1.3483,0.5411,14,1.3406,105.0,2,13;15,0.8072;1.338,0.5334,0.3978815455766075,True
KJ-01,kj_sv_40xx0.75-1,686,7,7,1.8242,0.25159373336127966,0.1379200380228482,1.5474,2.2705,0.7231000000000001,17,2.2705,205.0,2,16;18,1.9103;1.8921,0.3784000000000003,0.16665932613961693,False
KJ-01,kj_sv_40xx0.75-1,688,6,6,1.4900666666666667,0.04866779907358321,0.032661491034125904,1.4199,1.5379,0.1180000000000001,17,1.5352,126.0,2,16;18,1.4974;1.4427,0.0924999999999998,0.06025273579989566,False
KJ-01,kj_sv_40xx0.75-1,690,12,11,1.389218181818182,0.20833295859360232,0.14996417504480122,1.0212,1.6917,0.6704999999999999,18,1.6176,132.0,2,17;19,1.6917;1.4936,0.12399999999999989,0.07665677546983178,False
KJ-01,kj_sv_40xx0.75-1,691,22,22,1.498427272727273,0.3154098938295074,0.21049396228315634,0.8196,2.15,1.3304,31,1.6954,342.0,2,30;32,1.6142;2.0726,0.3772,0.22248436947033148,False
KJ-01,kj_sv_40xx0.75-1,696,7,7,1.5546714285714285,0.14322925346317716,0.09212831137881594,1.2777,1.6829,0.4052,19,1.6386,150.0,1,18,1.6829,0.044300000000000006,0.027035274014402543,False
KJ-01,kj_sv_40xx0.75-1,697,15,15,1.6274066666666664,0.2503963471512048,0.15386218594279127,0.9184,1.9941,1.0756999999999999,28,1.7167,208.0,1,27,1.9941,0.2774000000000001,0.16158909535737176,False
KJ-01,kj_sv_40xx0.75-1,698,7,7,1.3818142857142857,0.11392454269634546,0.08244562520024587,1.2127,1.5963,0.38360000000000016,18,1.5963,116.0,1,17,1.3495,0.24680000000000013,0.1546075299129237,False
KJ-01,kj_sv_40xx0.75-1,699,8,8,1.222375,0.28308424162630963,0.23158543133351847,0.564,1.3993,0.8353,19,1.3993,115.0,2,18;20,1.3117;0.564,0.8353,0.5969413278067606,True
KJ-01,kj_sv_40xx0.75-1,700,8,8,1.4068749999999999,0.22391350211314062,0.15915664299468016,0.9064,1.6206,0.7142000000000001,20,1.5943,271.0,1,19,1.5268,0.06750000000000012,0.042338330301699874,False
KJ-01,kj_sv_40xx0.75-1,701,9,9,1.5313666666666668,0.02558622676363203,0.01670809958226771,1.4835,1.5664,0.08289999999999997,19,1.5517,111.0,2,18;20,1.5296;1.5664,0.02210000000000001,0.01424244377134756,False
KJ-01,kj_sv_40xx0.75-1,703,10,10,1.44345,0.22162203686055734,0.153536344771594,1.0108,1.6872,0.6764000000000001,18,1.6872,135.0,2,17;19,1.5588;1.6325,0.12840000000000007,0.0761024182076814,False
KJ-01,kj_sv_40xx0.75-1,705,9,9,1.493766666666667,0.13899129469143026,0.09304752729660828,1.1659,1.578,0.41210000000000013,16,1.564,111.0,2,15;17,1.578;1.5637,0.014000000000000012,0.008951406649616377,False
KJ-01,kj_sv_40xx0.75-1,707,8,7,1.2441714285714285,0.25229049866034536,0.20277792341689452,0.822,1.4598,0.6378,16,1.4598,84.0,2,15;17,1.423;1.3714,0.08840000000000003,0.06055624058090152,False
KJ-01,kj_sv_40xx0.75-1,708,8,8,1.3558124999999999,0.19157643336649882,0.14130009375669486,0.8968,1.4783,0.5814999999999999,15,1.4783,118.0,2,14;16,1.4746;1.4628,0.015499999999999847,0.01048501657309061,False
KJ-01,kj_sv_40xx0.75-1,710,9,7,1.3086142857142857,0.19211606239086682,0.1468087766488071,1.1353,1.5138,0.37850000000000006,20,1.1658,159.0,1,19,1.5137,0.3479000000000001,0.29842168468004815,False
KJ-01,kj_sv_40xx0.75-1,714,7,7,1.4037428571428572,0.18228709825568074,0.12985789906472137,1.1353,1.5137,0.37840000000000007,16,1.5137,124.0,2,15;17,1.5137;1.5137,0.0,0.0,False
KJ-01,kj_sv_40xx0.75-1,717,17,16,1.2085,0.18298283708224297,0.15141318749047827,0.811,1.3763,0.5653,13,1.3019,116.0,1,14,1.2855,0.01639999999999997,0.012596973653890444,False
KJ-01,kj_sv_40xx0.75-1,718,8,7,1.3459285714285716,0.11643780477556413,0.08651113234930201,1.1075,1.4877,0.3802000000000001,17,1.3957,114.0,2,16;18,1.3887;1.3534,0.042300000000000004,0.030307372644551127,False
KJ-01,kj_sv_40xx0.75-1,721,6,5,1.18906,0.09901683190245993,0.08327320059749713,1.0835,1.2823,0.1988000000000001,16,1.0835,69.0,2,15;17,1.2757;1.2194,0.19220000000000015,0.17738809413936332,False
KJ-01,kj_sv_40xx0.75-1,722,9,8,1.3785625000000001,0.17153346143786974,0.12442922351207851,1.1353,1.5139,0.37860000000000005,17,1.5137,120.0,2,16;18,1.5137;1.5137,0.0,0.0,False
KJ-01,kj_sv_40xx0.75-1,724,9,8,1.178775,0.17496672949041317,0.14843098088304654,0.781,1.343,0.5619999999999999,17,1.3126,76.0,2,16;18,1.343;1.2568,0.05580000000000007,0.04251104677738844,False
KJ-01,kj_sv_40xx0.75-1,725,7,5,1.2786199999999999,0.29064469202103105,0.2273112355672765,0.804,1.5771,0.7730999999999999,15,1.5771,121.0,2,14;16,1.4294;1.2757,0.3013999999999999,0.1911102656775093,False
KJ-01,kj_sv_40xx0.75-1,728,9,9,1.3704111111111112,0.12945677313725654,0.09446564763496021,1.149,1.5185,0.36949999999999994,20,1.4336,119.0,2,19;21,1.5185;1.1707,0.2628999999999999,0.1833844866071428,False
KJ-01,kj_sv_40xx0.75-1,729,7,6,0.8820833333333334,0.08651218218647978,0.0980771078165099,0.7994,1.0012,0.2018000000000001,13,0.982,35.0,1,14,1.0012,0.019200000000000106,0.01955193482688402,False
KJ-01,kj_sv_40xx0.75-1,732,6,6,1.4437833333333334,0.3462888529344637,0.2398482133291909,0.7568,1.7359,0.9791,16,1.5699,210.0,2,15;17,1.5137;1.5727,0.05620000000000003,0.035798458500541454,False
KJ-01,kj_sv_40xx0.75-1,736,10,10,1.32768,0.17263296839763187,0.13002603669380564,1.0051,1.5421,0.5369999999999999,16,1.5409,119.0,2,15;17,1.3885;1.4092,0.15239999999999987,0.09890323836718792,False
KJ-01,kj_sv_40xx0.75-1,738,8,8,1.2638,0.10352241993197142,0.0819136096945493,1.1012,1.3652,0.264,17,1.3652,111.0,2,16;18,1.3581;1.3494,0.015800000000000036,0.011573395839437471,False
KJ-01,kj_sv_40xx0.75-1,739,9,7,1.157757142857143,0.11049410025189668,0.09543806396151139,0.9208,1.2489,0.32809999999999995,17,1.2073,80.0,2,16;18,1.1634;1.2027,0.04390000000000005,0.036362130373560876,False
KJ-01,kj_sv_40xx0.75-1,740,7,6,1.1132499999999999,0.2939796642626833,0.26407335662491205,0.5427,1.3918,0.8491,16,1.3918,89.0,2,15;17,1.1698;1.2601,0.22199999999999998,0.15950567610288835,False
KJ-01,kj_sv_40xx0.75-1,741,12,11,1.4647,0.17903318128212994,0.12223198012024986,1.1353,1.672,0.5367,19,1.5865,147.0,2,18;20,1.6325;1.5384,0.04810000000000003,0.03031831074692722,False
KJ-01,kj_sv_40xx0.75-1,743,9,8,1.48415,0.09517379591343103,0.06412680383615607,1.3642,1.6174,0.25319999999999987,17,1.6027,120.0,2,16;18,1.6174;1.518,0.0847,0.05284831846259437,False
KJ-01,kj_sv_40xx0.75-1,745,7,6,1.4563333333333333,0.14362752753795724,0.0986227014451526,1.1632,1.52,0.3568,18,1.52,107.0,2,17;19,1.5137;1.5137,0.006299999999999972,0.0041447368421052445,False
KJ-01,kj_sv_40xx0.75-1,746,7,7,1.9610714285714281,0.8455843575387884,0.4311848845581147,0.6728,2.8884,2.2156,15,2.526,245.0,2,14;16,1.6601;2.8531,0.8658999999999999,0.3427949326999208,True
KJ-01,kj_sv_40xx0.75-1,747,7,6,1.4198666666666666,0.1451708602532432,0.1022426004225114,1.1893,1.5609,0.37159999999999993,14,1.4162,119.0,1,15,1.4886,0.07240000000000002,0.051122722779268485,False
KJ-01,kj_sv_40xx0.75-1,749,4,4,1.2818,0.1300831016440388,0.10148471028556623,1.0893,1.3659,0.27659999999999996,17,1.3659,103.0,1,16,1.3555,0.010399999999999965,0.007614027381213827,False
KJ-01,kj_sv_40xx0.75-1,751,19,12,1.2699916666666666,0.1427582219146849,0.11240878634218196,1.0703,1.4459,0.37559999999999993,19,1.3897,74.0,2,18;20,1.3699;1.3497,0.040000000000000036,0.028783190616679884,False
KJ-01,kj_sv_40xx0.75-1,753,7,7,1.4492428571428568,0.21647383103693973,0.14937029357778728,0.9793,1.5873,0.608,17,1.5873,136.0,2,16;18,1.5773;1.5679,0.019399999999999862,0.012222012222012135,False
KJ-01,kj_sv_40xx0.75-1,755,4,4,1.7198,0.23957860227212832,0.13930608342372852,1.5137,1.9597,0.44599999999999995,17,1.9597,225.0,1,16,1.8921,0.0676000000000001,0.03449507577690468,False
KJ-01,kj_sv_40xx0.75-1,756,7,6,1.5228166666666667,0.01228013300688007,0.008064091545412603,1.514,1.5473,0.033299999999999885,15,1.5192,123.0,2,14;16,1.5473;1.5156,0.028099999999999792,0.018496577145866108,False
KJ-01,kj_sv_40xx0.75-1,757,7,7,1.4877571428571428,0.04938292070283869,0.03319286413103817,1.3824,1.5248,0.14239999999999986,16,1.5137,102.0,2,15;17,1.5248;1.5151,0.011099999999999888,0.007333025037986316,False
KJ-01,kj_sv_40xx0.75-1,762,6,5,1.1259000000000001,0.19641960187313284,0.17445563715528273,0.821,1.3422,0.5212000000000001,16,1.3422,65.0,2,15;17,1.2362;1.0821,0.2601,0.19378632096557888,False
KJ-01,kj_sv_40xx0.75-1,763,11,11,1.6397363636363638,0.11470057779041283,0.06995062153531005,1.3392,1.7418,0.40260000000000007,19,1.7094,212.0,2,18;20,1.7418;1.7262,0.032399999999999984,0.018954018954018943,False
KJ-01,kj_sv_40xx0.75-1,765,8,8,1.4828375,0.12476148601574581,0.08413699142066869,1.2834,1.5992,0.31579999999999986,18,1.5633,133.0,2,17;19,1.5603;1.5595,0.0037999999999998035,0.002430755453207832,False
KJ-01,kj_sv_40xx0.75-1,766,9,8,1.4605375,0.10674578529652318,0.07308664467466476,1.3683,1.6331,0.2647999999999999,14,1.6158,135.0,1,15,1.4818,0.1339999999999999,0.08293105582374051,False
KJ-01,kj_sv_40xx0.75-1,767,15,15,1.42252,0.20490432331770286,0.1440431932891649,0.7758,1.6055,0.8296999999999999,20,1.4138,193.0,2,19;21,1.3785;1.5801,0.16630000000000011,0.11762625548168067,False
KJ-01,kj_sv_40xx0.75-1,770,11,11,1.9194727272727272,0.7200466194503091,0.3751272988772201,1.3831,3.4259,2.0427999999999997,19,3.2576,304.0,2,18;20,3.4259;1.6099,1.6477,0.5058018172888016,True
KJ-01,kj_sv_40xx0.75-1,771,9,9,1.3678666666666666,0.16196136885072315,0.11840435387273845,1.0427,1.5163,0.4736,20,1.4616,108.0,2,19;21,1.4924;1.4061,0.055500000000000105,0.03797208538587856,False
KJ-01,kj_sv_40xx0.75-1,773,12,12,1.8967416666666665,0.3730970784182616,0.19670421385002965,1.5051,2.5755,1.0703999999999998,21,2.5755,185.0,2,20;22,2.5729;1.955,0.6204999999999998,0.24092409240924087,True
KJ-01,kj_sv_40xx0.75-1,774,8,8,1.4670625,0.1262962157277203,0.08608782224869103,1.2124,1.5918,0.3794000000000002,17,1.4946,110.0,2,16;18,1.5542;1.499,0.0596000000000001,0.039876890137829586,False
KJ-01,kj_sv_40xx0.75-1,775,9,7,2.974085714285714,1.6238273465576851,0.54599211406645,1.1641,4.9527,3.7886,21,4.524,528.0,1,20,4.57,0.04600000000000026,0.010167992926613674,False
KJ-01,kj_sv_40xx0.75-1,776,5,5,1.34176,0.13668428219806408,0.10186939705913432,1.138,1.5233,0.3853000000000002,17,1.5233,87.0,2,16;18,1.3526;1.3414,0.18190000000000017,0.11941180332173582,False
KJ-01,kj_sv_40xx0.75-1,777,3,3,1.4453333333333334,0.1529768065209015,0.10584188643051304,1.2687,1.5352,0.26649999999999996,14,1.5321,109.0,1,15,1.5352,0.0030999999999998806,0.002023366620977665,False
KJ-01,kj_sv_40xx0.75-1,778,7,7,1.5103428571428572,0.16736353502822193,0.11081161753221155,1.2097,1.6645,0.4548000000000001,17,1.6367,99.0,2,16;18,1.6039;1.4264,0.21030000000000015,0.1284902547809618,False
KJ-01,kj_sv_40xx0.75-1,781,6,6,1.4406333333333334,0.07197404161686813,0.0499600001968126,1.3615,1.5675,0.20599999999999996,18,1.4591,120.0,2,17;19,1.4524;1.3615,0.09760000000000013,0.06689054896854234,False
KJ-01,kj_sv_40xx0.75-1,784,8,8,1.5103125,0.09669060284521669,0.0640202625914946,1.2755,1.5604,0.28489999999999993,16,1.5602,155.0,2,15;17,1.5192;1.559,0.040999999999999925,0.02627868222022813,False
KJ-01,kj_sv_40xx0.75-1,785,8,8,1.4797625,0.06502282978198613,0.043941395853717154,1.3491,1.5298,0.18070000000000008,19,1.5298,163.0,1,18,1.5137,0.016100000000000003,0.010524251536148518,False
KJ-01,kj_sv_40xx0.75-1,788,10,8,1.3268,0.10979285691050862,0.08275011826236707,1.1223,1.412,0.28969999999999985,16,1.3836,95.0,2,15;17,1.391;1.3754,0.008199999999999985,0.0059265683723619435,False
KJ-01,kj_sv_40xx0.75-1,789,10,9,1.5590777777777778,0.11158812411921105,0.071573160563075,1.3656,1.6365,0.27090000000000014,20,1.6234,139.0,2,19;21,1.6233;1.6239,0.0004999999999999449,0.00030799556486383207,False
KJ-01,kj_sv_40xx0.75-1,790,10,10,1.3329600000000001,0.04132489698851178,0.031002353400335924,1.2175,1.3636,0.1460999999999999,19,1.344,108.0,2,18;20,1.3385;1.3379,0.006099999999999994,0.004538690476190471,False
KJ-01,kj_sv_40xx0.75-1,791,7,7,1.4134428571428572,0.28994083797183434,0.20513092305544114,0.7568,1.5558,0.799,17,1.5558,135.0,2,16;18,1.5204;1.52,0.035800000000000054,0.023010669751896164,False
KJ-01,kj_sv_40xx0.75-1,792,4,4,1.576325,0.12311746085209299,0.07810410978198848,1.4107,1.6985,0.28779999999999983,17,1.6985,98.0,1,16,1.631,0.0674999999999999,0.039740947895201585,False
KJ-01,kj_sv_40xx0.75-1,793,8,7,1.5179857142857145,0.010686506846085323,0.007039925834291425,1.5137,1.5422,0.02849999999999997,17,1.5137,105.0,2,16;18,1.5137;1.514,0.00029999999999996696,0.00019818986589150225,False
KJ-01,kj_sv_40xx0.75-1,794,13,12,1.4647,0.12945654939715562,0.08838434450546571,1.1421,1.5969,0.4548000000000001,18,1.5481,99.0,2,17;19,1.4429;1.5585,0.10519999999999996,0.0679542665202506,False
KJ-01,kj_sv_40xx0.75-1,795,7,6,1.5085666666666668,0.0772057942557854,0.0511782448609842,1.3549,1.5693,0.21439999999999992,18,1.5693,127.0,2,17;19,1.5456;1.5282,0.041099999999999914,0.026190021028483983,False
KJ-01,kj_sv_40xx0.75-1,799,9,9,1.4254666666666667,0.14314869017912804,0.10042233433200452,1.2052,1.552,0.3468,17,1.523,111.0,2,16;18,1.552;1.5248,0.029000000000000137,0.019041365725541784,False
KJ-01,kj_sv_40xx0.75-1,803,11,9,1.4374666666666667,0.13408024649440353,0.09327537785994124,1.237,1.6119,0.3749,17,1.4448,103.0,2,16;18,1.3931;1.6119,0.16710000000000003,0.11565614617940201,False
KJ-01,kj_sv_40xx0.75-1,805,6,6,1.2649666666666668,0.10764392535887325,0.08509625446694767,1.0822,1.3379,0.25570000000000004,18,1.3099,149.0,2,17;19,1.184;1.3379,0.12590000000000012,0.09611420719138875,False
KJ-01,kj_sv_40xx0.75-1,808,4,4,1.5137749999999999,9.574271077562327e-05,6.32476496015744e-05,1.5137,1.5139,0.00019999999999997797,14,1.5138,117.0,1,15,1.5137,9.999999999998899e-05,6.605892456070088e-05,False
KJ-01,kj_sv_40xx0.75-1,809,3,3,1.1122333333333332,0.5265194899843056,0.47338941767402437,0.5161,1.5137,0.9976,14,1.5137,94.0,1,15,1.3069,0.2068000000000001,0.13661888088789065,False
KJ-01,kj_sv_40xx0.75-1,810,8,8,1.4167625,0.16980677201286343,0.11985549590200435,1.1574,1.5584,0.401,18,1.5584,129.0,2,17;19,1.5411;1.5038,0.05459999999999998,0.0350359342915811,False
KJ-01,kj_sv_40xx0.75-1,812,8,8,1.1363124999999998,0.0015273108954723905,0.001344094072248955,1.1353,1.1389,0.0036000000000000476,18,1.1389,90.0,2,17;19,1.1353;1.1367,0.0036000000000000476,0.003160944771270566,False
KJ-01,kj_sv_40xx0.75-1,817,10,9,1.5224444444444443,0.1345793735227571,0.0883969027663709,1.338,1.6206,0.28259999999999996,22,1.6206,150.0,2,21;23,1.6055;1.6055,0.015100000000000113,0.009317536714797058,False
KJ-01,kj_sv_40xx0.75-1,825,5,5,0.9127599999999999,0.12072449212980771,0.13226312736076046,0.8145,1.0784,0.2639,19,0.8145,50.0,1,18,0.8194,0.0049000000000000155,0.006015960712093328,False
KJ-01,kj_sv_40xx0.75-1,826,9,8,1.4556,0.11217998293558691,0.07706786406676759,1.3306,1.6207,0.2901,21,1.6207,135.0,2,20;22,1.4433;1.5242,0.1774,0.10945887579440983,False
KJ-01,kj_sv_40xx0.75-1,828,5,5,1.7417000000000002,0.37766167398877004,0.21683508869998852,1.5508,2.4152,0.8644000000000001,16,1.6243,269.0,2,15;17,2.4152;1.559,0.7908999999999999,0.4869174413593547,True
KJ-01,kj_sv_40xx0.75-1,829,3,3,1.5137,0.0,0.0,1.5137,1.5137,0.0,17,1.5137,192.0,1,16,1.5137,0.0,0.0,False
KJ-01,kj_sv_40xx0.75-1,830,8,7,1.3444142857142858,0.08518864221188625,0.06336487429291605,1.158,1.4036,0.24560000000000004,16,1.334,103.0,2,15;17,1.158;1.3949,0.17600000000000016,0.13193403298350836,False
KJ-01,kj_sv_40xx0.75-1,834,3,3,1.3421666666666667,0.005132575701666128,0.0038240971327451593,1.338,1.3479,0.00990000000000002,15,1.3406,126.0,1,16,1.338,0.0025999999999999357,0.0019394301059226732,False
KJ-01,kj_sv_40xx0.75-1,836,8,7,1.5772714285714287,0.12719277644957816,0.08064101976714282,1.5137,1.8639,0.35019999999999984,19,1.5566,157.0,2,18;20,1.5137;1.5201,0.04289999999999994,0.02756006681228314,False
KJ-01,kj_sv_40xx0.75-1,840,3,3,1.3874333333333333,0.2422806086613894,0.17462504528365763,1.1081,1.5405,0.4323999999999999,15,1.5405,126.0,1,16,1.5137,0.026799999999999935,0.017396949042518622,False
KJ-01,kj_sv_40xx0.75-1,842,8,8,1.3716875000000002,0.171423397615378,0.12497263233453537,1.0704,1.6056,0.5351999999999999,19,1.3402,125.0,2,18;20,1.3381;1.6055,0.26529999999999987,0.19795552902551847,False
KJ-01,kj_sv_40xx0.75-1,845,8,8,1.3570625,0.3138578110159349,0.23127734427554728,0.6122,1.556,0.9438000000000001,16,1.5091,110.0,2,15;17,1.2642;1.4799,0.24490000000000012,0.1622821549267776,False
KJ-01,kj_sv_40xx0.75-1,846,8,8,1.5088,0.2597230117974587,0.17213879360913223,1.0329,1.6696,0.6367,20,1.6569,133.0,1,21,1.6696,0.012699999999999934,0.0076649164101635185,False
KJ-01,kj_sv_40xx0.75-1,850,13,11,1.3645909090909092,0.20864378952916596,0.1528984167629876,1.0027,1.5663,0.5636000000000001,22,1.5663,74.0,2,21;23,1.5351;1.4433,0.123,0.07852901742961119,False
KJ-01,kj_sv_40xx0.75-1,852,4,4,1.5462999999999998,0.09639097468124287,0.062336528927920125,1.4301,1.6555,0.22540000000000004,15,1.6555,230.0,1,16,1.5846,0.07089999999999996,0.04282694050135909,False
KJ-01,kj_sv_40xx0.75-1,854,10,9,1.3800777777777777,0.24618312177004428,0.17838351267886662,0.8329,1.5482,0.7153,20,1.5233,105.0,2,19;21,1.5148;1.5325,0.009199999999999875,0.0060395194643208,False
KJ-01,kj_sv_40xx0.75-1,856,7,6,1.5727999999999998,0.20848354371508557,0.13255566105994762,1.2428,1.8921,0.6493,18,1.8921,131.0,1,19,1.5786,0.3134999999999999,0.16568891707626443,False
KJ-01,kj_sv_40xx0.75-1,857,5,5,1.50516,0.06900016666646541,0.04584241320953614,1.3939,1.5576,0.16370000000000018,18,1.5492,86.0,2,17;19,1.5431;1.3939,0.1553,0.10024528789052414,False
KJ-01,kj_sv_40xx0.75-1,858,11,11,1.392509090909091,0.051516103395840326,0.03699516486618293,1.2823,1.4527,0.1704000000000001,21,1.4266,174.0,2,20;22,1.4066;1.4527,0.026100000000000012,0.018295247441469233,False
KJ-01,kj_sv_40xx0.75-1,860,8,8,1.4095374999999999,0.1134496733924657,0.08048716220211645,1.2379,1.5767,0.3388,21,1.5767,124.0,2,20;22,1.5136;1.2897,0.2869999999999999,0.18202574998414406,False
KJ-01,kj_sv_40xx0.75-1,861,5,5,1.3270199999999999,0.16034087750788945,0.12082777765812834,1.1547,1.5137,0.359,18,1.5137,84.0,2,17;19,1.3561;1.4404,0.15759999999999996,0.10411574288168063,False
KJ-01,kj_sv_40xx0.75-1,862,7,6,1.2588166666666665,0.24891364299022797,0.19773621495602592,0.7874,1.4956,0.7082,18,1.4956,63.0,2,17;19,1.3305;1.3798,0.16510000000000002,0.1103904787376304,False
KJ-01,kj_sv_40xx0.75-1,864,9,9,1.4952444444444444,0.13561914605901992,0.0907003176389724,1.1353,1.557,0.42169999999999996,20,1.533,123.0,2,19;21,1.5335;1.5186,0.014399999999999968,0.009393346379647729,False
KJ-01,kj_sv_40xx0.75-1,866,9,9,1.4954666666666667,0.15686928475644937,0.10489654383678408,1.0955,1.5724,0.4769000000000001,19,1.5648,118.0,2,18;20,1.563;1.5724,0.007600000000000051,0.004856850715746454,False
KJ-01,kj_sv_40xx0.75-1,868,6,6,1.4803,0.11180804979964547,0.07553066932354623,1.2914,1.5619,0.27049999999999996,18,1.56,198.0,2,17;19,1.5129;1.5576,0.04710000000000014,0.030192307692307782,False
KJ-01,kj_sv_40xx0.75-1,871,8,8,1.2832875000000001,0.2522797848053398,0.19658867152165027,0.7994,1.5137,0.7143,19,1.5137,113.0,2,18;20,1.5137;1.1353,0.37840000000000007,0.2499834841778424,False
KJ-01,kj_sv_40xx0.75-1,876,6,6,1.1358333333333333,0.10101912030237975,0.08893833042029033,1.0726,1.3379,0.2653000000000001,19,1.3379,79.0,2,18;20,1.1228;1.0781,0.25980000000000003,0.19418491666043802,False
KJ-01,kj_sv_40xx0.75-1,877,7,6,1.5166333333333333,0.009111238481494512,0.0060075420216891655,1.5075,1.5342,0.026699999999999946,19,1.5342,213.0,2,18;20,1.5075;1.5138,0.026699999999999946,0.01740320688306606,False
KJ-01,kj_sv_40xx0.75-1,880,7,7,1.3708285714285713,0.06847999012572244,0.04995518152525658,1.244,1.4767,0.2326999999999999,21,1.3936,118.0,2,20;22,1.3687;1.362,0.03159999999999985,0.02267508610792182,False
KJ-01,kj_sv_40xx0.75-1,882,7,6,1.6162000000000003,0.034036392288255245,0.021059517564815763,1.5629,1.6652,0.10230000000000006,20,1.6246,313.0,2,19;21,1.6652;1.6134,0.04059999999999997,0.024990766958020418,False
KJ-01,kj_sv_40xx0.75-1,885,7,7,1.5313428571428571,0.10243705151852782,0.06689360977570524,1.3808,1.6362,0.25540000000000007,18,1.6157,158.0,2,17;19,1.6362;1.412,0.2037,0.12607538528192114,False
KJ-01,kj_sv_40xx0.75-1,886,4,3,1.1458333333333333,0.177585763318272,0.15498393889594647,0.9942,1.3412,0.347,18,1.1021,54.0,1,19,1.3412,0.23909999999999987,0.21694946012158592,False
KJ-01,kj_sv_40xx0.75-1,887,10,10,1.63653,0.32079243219807346,0.19601989098768335,1.2914,2.2973,1.0058999999999998,20,2.2973,188.0,2,19;21,1.6319;2.0337,0.6654,0.2896443651242763,True
KJ-01,kj_sv_40xx0.75-1,889,6,5,1.07798,0.007031144999215988,0.006522518969940063,1.0703,1.0839,0.013600000000000056,20,1.0839,58.0,1,19,1.083,0.0009000000000001229,0.0008303349017438166,False
KJ-01,kj_sv_40xx0.75-1,891,7,6,1.5950833333333332,0.07045780060906436,0.04417186183108366,1.5181,1.6867,0.16860000000000008,16,1.5614,131.0,1,17,1.6203,0.058900000000000174,0.03772255667990276,False
KJ-01,kj_sv_40xx0.75-1,892,10,10,1.34341,0.2186242054810542,0.1627382597130096,0.8027,1.6055,0.8028,19,1.6055,119.0,2,18;20,1.3379;1.3379,0.26759999999999984,0.16667704764870747,False
KJ-01,kj_sv_40xx0.75-1,897,11,11,1.6043363636363637,0.18374105296708884,0.11452776184080515,1.2051,1.9486,0.7435,20,1.6055,296.0,2,19;21,1.7809;1.9486,0.3431000000000002,0.21370289629398953,False
KJ-01,kj_sv_40xx0.75-1,898,4,4,1.545675,0.10822656405276233,0.07001896521116169,1.3835,1.6051,0.22160000000000002,16,1.6008,119.0,1,17,1.6051,0.0042999999999999705,0.002686156921539212,False
KJ-01,kj_sv_40xx0.75-1,899,5,5,1.4782,0.2635612547397663,0.1782987787442608,1.0179,1.6846,0.6667000000000001,21,1.6846,159.0,1,20,1.531,0.15360000000000018,0.09117891487593505,False
KJ-01,kj_sv_40xx0.75-1,901,6,6,1.3732666666666666,0.16430706213266263,0.11964687276032523,1.2053,1.5445,0.33919999999999995,18,1.5445,126.0,2,17;19,1.5105;1.5118,0.03400000000000003,0.02201359663321465,False
KJ-01,kj_sv_40xx0.75-1,904,11,11,1.4176090909090908,0.08218143895729074,0.057971862260412746,1.2332,1.502,0.26879999999999993,16,1.371,155.0,1,17,1.3531,0.017900000000000027,0.013056163384390975,False
KJ-01,kj_sv_40xx0.75-1,905,10,10,1.29289,0.12672863791056332,0.0980196597626738,1.0361,1.391,0.3549,20,1.3664,109.0,2,19;21,1.3721;1.3637,0.005700000000000038,0.004171545667447335,False
KJ-01,kj_sv_40xx0.75-1,909,10,10,1.50211,0.14672324249718888,0.09767809447855941,1.1353,1.7162,0.5809,21,1.559,126.0,2,20;22,1.5578;1.5332,0.025800000000000045,0.016549069916613243,False
KJ-01,kj_sv_40xx0.75-1,910,6,6,1.2802333333333331,0.11050983063359866,0.08632006975311689,1.1025,1.4017,0.2991999999999999,18,1.3936,104.0,2,17;19,1.2761;1.4017,0.11749999999999994,0.08431400688863372,False
KJ-01,kj_sv_40xx0.75-1,912,4,4,1.4961250000000001,0.05586808122711931,0.03734185394075983,1.4131,1.532,0.1189,18,1.5257,112.0,2,17;19,1.532;1.4131,0.11260000000000003,0.07380218915907454,False
KJ-01,kj_sv_40xx0.75-1,913,8,5,1.02786,0.11826420844871029,0.1150586737967333,0.8303,1.1081,0.27780000000000005,19,1.1081,33.0,2,18;20,1.0044;1.0953,0.10370000000000013,0.09358361158740197,False
KJ-01,kj_sv_40xx0.75-1,915,6,6,1.3692333333333335,0.04482042689072323,0.03273395833974479,1.2908,1.4138,0.123,19,1.4102,117.0,2,18;20,1.4138;1.3726,0.037599999999999856,0.02666288469720597,False
KJ-01,kj_sv_40xx0.75-1,918,12,12,1.4898750000000003,0.11434596725408695,0.07674869855127908,1.1353,1.5533,0.4179999999999999,21,1.5512,149.0,2,20;22,1.5533;1.5362,0.014999999999999902,0.009669932955131449,False
KJ-01,kj_sv_40xx0.75-1,921,7,7,1.1544285714285716,0.12555217659451012,0.10875698999648196,1.0703,1.3379,0.26760000000000006,18,1.3379,107.0,2,17;19,1.0878;1.3379,0.2501,0.18693474848643393,False
KJ-01,kj_sv_40xx0.75-1,926,9,9,1.4046444444444444,0.23081762341246345,0.16432459070007208,0.8046,1.5195,0.7149000000000001,21,1.4479,134.0,1,20,1.5139,0.06600000000000006,0.045583258512328244,False
KJ-01,kj_sv_40xx0.75-1,930,6,6,1.3015166666666667,0.2398547428479718,0.18428864492551394,0.9913,1.5178,0.5265000000000001,16,1.5178,124.0,1,17,1.5137,0.0040999999999999925,0.0027012781657662355,False
KJ-01,kj_sv_40xx0.75-1,934,4,3,1.3803,0.08799363613352956,0.06374964582592882,1.2879,1.4631,0.17520000000000002,19,1.4631,88.0,1,18,1.3899,0.07320000000000015,0.050030756612671826,False
KJ-01,kj_sv_40xx0.75-1,938,6,5,1.3093400000000002,0.1343883849147685,0.10263826425127812,1.1363,1.4848,0.3484999999999998,19,1.4848,85.0,2,18;20,1.221;1.3494,0.2637999999999998,0.17766702586206884,False
KJ-01,kj_sv_40xx0.75-1,944,8,8,1.4726499999999998,0.16056098974710958,0.10902861490993081,1.2022,1.6899,0.4877,22,1.5874,112.0,2,21;23,1.4816;1.6899,0.1057999999999999,0.06664986770820203,False
KJ-01,kj_sv_40xx0.75-1,946,8,7,1.7372571428571424,0.18414057906160408,0.1059950047226522,1.5345,1.8928,0.35830000000000006,19,1.5345,126.0,2,18;20,1.5367;1.5513,0.016799999999999926,0.010948191593352835,False
KJ-01,kj_sv_40xx0.75-1,949,8,8,1.4965,0.12571163146548645,0.08400376309086967,1.2329,1.5883,0.35539999999999994,19,1.5631,132.0,2,18;20,1.5883;1.5605,0.02520000000000011,0.016121809225257574,False
KJ-01,kj_sv_40xx0.75-1,950,10,10,1.38775,0.0938400441649986,0.06762028042875057,1.2323,1.5381,0.30580000000000007,21,1.5381,112.0,2,20;22,1.3822;1.3659,0.17220000000000013,0.11195630973278729,False
KJ-01,kj_sv_40xx0.75-1,951,10,10,1.40359,0.1077828934066585,0.07679086728080031,1.2215,1.52,0.2985,21,1.485,114.0,2,20;22,1.457;1.4835,0.028000000000000025,0.01885521885521887,False
KJ-01,kj_sv_40xx0.75-1,952,7,7,1.6363142857142858,0.12531101878355086,0.07658126551700302,1.5139,1.8157,0.30180000000000007,23,1.8157,137.0,1,22,1.81,0.005700000000000038,0.0031392851241945465,False
KJ-01,kj_sv_40xx0.75-1,954,9,9,1.4734666666666665,0.1719659123198548,0.11670838316884546,1.0779,1.56,0.4821,23,1.5554,118.0,2,22;24,1.5577;1.553,0.0023999999999999577,0.0015430114440015158,False
KJ-01,kj_sv_40xx0.75-1,955,17,16,1.9184312500000003,0.5600751672394817,0.29194435153174325,1.3484,2.9986,1.6502000000000001,26,1.755,199.0,2,25;27,1.9545;1.6308,0.1995,0.11367521367521369,False
KJ-01,kj_sv_40xx0.75-1,956,9,9,1.517111111111111,0.08006452779546705,0.05277433354029614,1.3658,1.6203,0.25450000000000017,20,1.5751,132.0,2,19;21,1.5801;1.4456,0.12949999999999995,0.08221700209510505,False
KJ-01,kj_sv_40xx0.75-1,958,3,3,1.5063666666666666,0.1201698936228759,0.07977466328884683,1.3683,1.5874,0.21909999999999985,19,1.5634,146.0,1,18,1.5874,0.02400000000000002,0.015351157733145722,False
KJ-01,kj_sv_40xx0.75-1,960,8,8,1.5536624999999997,0.19123338723365527,0.12308553964175314,1.0993,1.6651,0.5658000000000001,22,1.639,127.0,2,21;23,1.6389;1.5937,0.04530000000000012,0.027638804148871335,False
KJ-01,kj_sv_40xx0.75-1,961,15,15,1.5006333333333333,0.14911714793920852,0.09936947595851209,1.2517,1.6922,0.4404999999999999,30,1.6337,175.0,2,29;31,1.6029;1.338,0.29569999999999985,0.18100018363224574,False
KJ-01,kj_sv_40xx0.75-1,963,7,7,1.4518428571428572,0.17673328169063934,0.12173031042659825,1.0513,1.532,0.4807000000000001,22,1.532,130.0,2,21;23,1.5171;1.5186,0.014900000000000135,0.009725848563968756,False
KJ-01,kj_sv_40xx0.75-1,967,21,21,1.5166857142857144,0.11985991108671105,0.07902752030809447,1.3379,1.659,0.32109999999999994,25,1.659,133.0,2,24;26,1.5813;1.3983,0.26069999999999993,0.1571428571428571,False
KJ-01,kj_sv_40xx0.75-1,968,7,7,1.462157142857143,0.1287617807832596,0.08806288805022101,1.2566,1.6055,0.3489,20,1.4465,128.0,2,19;21,1.4506;1.6055,0.15900000000000003,0.1099204977531974,False
KJ-01,kj_sv_40xx0.75-1,970,6,6,1.3265166666666668,0.11352586342621077,0.08558193521343677,1.0958,1.3938,0.2979999999999998,22,1.3689,143.0,1,21,1.3938,0.024899999999999922,0.018189787420556595,False
KJ-01,kj_sv_40xx0.75-1,971,12,11,1.5714272727272727,0.11283188459747619,0.0718021677208466,1.4238,1.7777,0.3539000000000001,27,1.6999,194.0,2,26;28,1.7777;1.7383,0.07780000000000009,0.04576739808224019,False
KJ-01,kj_sv_40xx0.75-1,972,9,8,1.616275,0.26453209770136726,0.16366775313691498,1.1357,1.8921,0.7564,21,1.8921,124.0,2,20;22,1.8921;1.8921,0.0,0.0,False
KJ-01,kj_sv_40xx0.75-1,973,18,15,1.1427666666666665,0.17841687807198173,0.1561271283773139,0.8046,1.3499,0.5453000000000001,21,1.1395,87.0,1,22,1.3499,0.21040000000000014,0.18464238701184743,False
KJ-01,kj_sv_40xx0.75-1,975,3,3,1.4024666666666665,0.19949662486702208,0.1422469635882175,1.1751,1.5482,0.3731,17,1.4841,64.0,1,18,1.5482,0.06410000000000005,0.043191159625362206,False
KJ-01,kj_sv_40xx0.75-1,976,8,7,1.2991285714285714,0.16978937652560125,0.13069482132849589,1.1371,1.5137,0.37660000000000005,19,1.5137,123.0,2,18;20,1.3797;1.1559,0.3578000000000001,0.2363744467199578,False
KJ-01,kj_sv_40xx0.75-1,977,4,4,1.48765,0.052100000000000035,0.0350216784862031,1.4095,1.5137,0.10420000000000007,20,1.5137,162.0,1,19,1.5137,0.0,0.0,False
KJ-01,kj_sv_40xx0.75-1,983,4,4,1.420275,0.10018756992095716,0.07054096560240598,1.3638,1.5701,0.20630000000000015,21,1.5701,110.0,1,20,1.3659,0.20420000000000016,0.1300554104834088,False
KJ-01,kj_sv_40xx0.75-1,984,4,3,0.7094333333333332,0.15065172861050527,0.2123550184802499,0.5446,0.84,0.2954,18,0.84,30.0,1,19,0.7437,0.09629999999999994,0.11464285714285707,False
KJ-01,kj_sv_40xx0.75-1,985,3,3,1.4597333333333333,0.05582869632485904,0.03824581863686909,1.4029,1.5145,0.11159999999999992,19,1.4618,169.0,2,18;20,1.5145;1.4029,0.05889999999999995,0.04029278971131479,False
KJ-01,kj_sv_40xx0.75-1,988,10,9,1.295611111111111,0.18742898284713363,0.1446645380236013,0.8247,1.4475,0.6228,22,1.3646,77.0,2,21;23,1.3826;1.4475,0.08289999999999997,0.06075040304851236,False
KJ-01,kj_sv_40xx0.75-1,989,9,8,1.4611999999999998,0.10013359647419609,0.0685283304641364,1.3379,1.6055,0.26759999999999984,23,1.6055,126.0,2,22;24,1.6055;1.442,0.16349999999999998,0.10183743382123948,False
KJ-01,kj_sv_40xx0.75-1,993,8,8,1.5101499999999999,0.24241821006563966,0.1605259146877063,1.1441,1.7876,0.6435000000000002,21,1.7876,126.0,2,20;22,1.7612;1.5594,0.22820000000000018,0.12765719400313277,False
KJ-01,kj_sv_40xx0.75-1,994,3,3,1.2212666666666665,0.09687937517001917,0.07932696258258026,1.1094,1.2772,0.16779999999999995,19,1.2772,61.0,2,18;20,1.2772;1.1094,0.16779999999999995,0.13138114625743813,False
KJ-01,kj_sv_40xx0.75-1,999,4,4,1.52915,0.022242676697436053,0.014545778175742114,1.5137,1.561,0.0472999999999999,18,1.5279,124.0,1,19,1.561,0.03309999999999991,0.021663721447738666,False
KJ-01,kj_sv_40xx0.75-1,1000,10,9,1.5495333333333334,0.06266853277363368,0.04044348800088221,1.4638,1.6297,0.16589999999999994,22,1.5538,122.0,2,21;23,1.5346;1.5924,0.03859999999999997,0.024842322049169755,False
KJ-01,kj_sv_40xx0.75-1,1002,9,9,1.472288888888889,0.17112443896507332,0.11623020472172277,1.1464,1.685,0.5386,21,1.5462,159.0,2,20;22,1.51;1.5389,0.03620000000000001,0.02341223645065322,False
KJ-01,kj_sv_40xx0.75-1,1010,6,5,2.85508,1.2647022938225423,0.4429656240184311,1.3535,4.2843,2.9308,19,3.9669,388.0,2,18;20,4.2843;2.7379,1.229,0.30981370843731887,True
KJ-01,kj_sv_40xx0.75-1,1013,15,14,1.7935642857142855,0.23053846202429534,0.12853649231339573,1.4511,2.255,0.8038999999999998,23,2.1752,247.0,2,22;24,1.9547;2.255,0.2204999999999997,0.10136998896653168,False
KJ-01,kj_sv_40xx0.75-1,1016,8,8,1.4877,0.11689807526217015,0.07857637646176659,1.2724,1.6399,0.36749999999999994,21,1.5608,139.0,2,20;22,1.4691;1.5743,0.09169999999999989,0.0587519220912352,False
KJ-01,kj_sv_40xx0.75-1,1017,6,6,1.55565,0.005155870440575466,0.003314286915807197,1.5461,1.5598,0.013700000000000045,21,1.5592,132.0,2,20;22,1.5538;1.5461,0.01309999999999989,0.008401744484350878,False
KJ-01,kj_sv_40xx0.75-1,1019,8,8,1.3958374999999998,0.07181850015341253,0.05145190622362025,1.3409,1.5662,0.22530000000000006,22,1.4153,156.0,2,21;23,1.3699;1.3704,0.04540000000000011,0.03207800466332234,False
KJ-01,kj_sv_40xx0.75-1,1020,9,9,1.3652777777777778,0.12761322205964568,0.0934705187008595,1.1397,1.4742,0.3345,21,1.4723,101.0,2,20;22,1.409;1.4742,0.06329999999999991,0.04299395503633764,False
KJ-01,kj_sv_40xx0.75-1,1021,12,11,1.4179545454545455,0.2721206547237323,0.1919107037641324,0.6219,1.5696,0.9477000000000001,26,1.5218,80.0,2,25;27,1.5576;1.558,0.03620000000000001,0.023787619923774483,False
KJ-01,kj_sv_40xx0.75-1,1022,6,6,1.37585,0.05807831781310471,0.04221268147916176,1.31,1.4703,0.1602999999999999,18,1.3676,102.0,1,19,1.3225,0.04509999999999992,0.032977478794969234,False
KJ-01,kj_sv_40xx0.75-1,1024,8,8,1.2144625,0.37897265991663004,0.3120497009307657,0.3784,1.5137,1.1353,23,1.5137,107.0,2,22;24,1.4616;1.4849,0.052100000000000035,0.0344189733764947,False
KJ-01,kj_sv_40xx0.75-1,1026,5,5,1.6244800000000001,0.06441243668733548,0.039651110932320176,1.5521,1.7059,0.15379999999999994,21,1.7059,211.0,2,20;22,1.6367;1.5672,0.13870000000000005,0.08130605545459878,False
KJ-01,kj_sv_40xx0.75-1,1030,7,7,1.4615000000000002,0.09626120713974039,0.06586466448151924,1.3474,1.6061,0.25870000000000015,21,1.4983,116.0,2,20;22,1.6061;1.3932,0.10780000000000012,0.07194820796903165,False
KJ-01,kj_sv_40xx0.75-1,1031,5,5,1.0821600000000002,0.16096564229673366,0.1487447718421801,0.8928,1.3379,0.44510000000000005,22,1.3379,62.0,1,21,1.0743,0.26360000000000006,0.19702518872860456,False
KJ-01,kj_sv_40xx0.75-1,1032,19,4,1.072075,0.0034836522979960244,0.0032494483109819974,1.0703,1.0773,0.006999999999999895,31,1.0703,32.0,1,30,1.0773,0.006999999999999895,0.006540222367560399,False
KJ-01,kj_sv_40xx0.75-1,1033,11,10,1.16907,0.11260707546350915,0.0963219272272055,1.0703,1.3496,0.2792999999999999,22,1.3379,94.0,2,21;23,1.081;1.0717,0.2662,0.19896853277524476,False
KJ-01,kj_sv_40xx0.75-1,1035,5,5,2.11396,0.7559464716499443,0.3575973394245607,1.5218,3.051,1.5292000000000001,22,2.8226,315.0,1,21,3.051,0.22840000000000016,0.08091830227449874,False
KJ-01,kj_sv_40xx0.75-1,1036,8,6,1.0855666666666666,0.04598724460833316,0.0423624324699848,1.0258,1.1289,0.10309999999999997,21,1.0916,79.0,2,20;22,1.031;1.1182,0.06059999999999999,0.05551484060095272,False
KJ-01,kj_sv_40xx0.75-1,1037,6,6,1.0091333333333334,0.5170416179251596,0.51236204458462,0.3784,1.5137,1.1353,23,1.5137,95.0,1,22,1.5137,0.0,0.0,False
KJ-01,kj_sv_40xx0.75-1,1043,8,8,1.1611500000000001,0.35304542807649314,0.30404807998664524,0.3784,1.5139,1.1355,20,1.5137,100.0,2,19;21,1.203;1.5139,0.3107,0.20525863777498843,False
KJ-01,kj_sv_40xx0.75-1,1044,10,7,1.3745857142857145,0.245865155648182,0.17886491405589983,0.9172,1.5137,0.5965,22,1.5137,96.0,2,21;23,1.5137;1.5137,0.0,0.0,False
KJ-01,kj_sv_40xx0.75-1,1047,4,4,1.340425,0.11914062769125684,0.08888272577074946,1.1741,1.4575,0.2834000000000001,22,1.4575,118.0,1,21,1.3653,0.09220000000000006,0.06325900514579764,False
KJ-01,kj_sv_40xx0.75-1,1049,4,4,1.5054,0.0907210743616572,0.06026376668105301,1.3945,1.61,0.21550000000000002,22,1.5353,103.0,1,21,1.61,0.07469999999999999,0.04865498599622223,False
KJ-01,kj_sv_40xx0.75-1,1051,10,10,1.4944099999999998,0.15838224823368172,0.10598312928425381,1.1681,1.6281,0.4600000000000002,25,1.6281,197.0,2,24;26,1.5841;1.5864,0.04400000000000004,0.02702536699219952,False
KJ-01,kj_sv_40xx0.75-1,1052,10,9,1.4129666666666667,0.20364873557181742,0.14412847831169695,0.9832,1.514,0.5308,22,1.5137,115.0,2,21;23,1.5137;1.5137,0.0,0.0,False
KJ-01,kj_sv_40xx0.75-1,1054,4,3,1.5103333333333333,0.14959961007079298,0.0990507239488808,1.3379,1.6055,0.26759999999999984,22,1.5876,89.0,1,21,1.6055,0.017900000000000027,0.011274880322499388,False
KJ-01,kj_sv_40xx0.75-1,1057,8,8,1.443875,0.2901992111341055,0.200986381185425,0.8346,1.6363,0.8017000000000001,19,1.6145,120.0,1,20,1.6363,0.02180000000000004,0.013502632393930035,False
KJ-01,kj_sv_40xx0.75-1,1058,4,4,1.7521499999999999,0.23831218321073447,0.13601129082026908,1.398,1.8941,0.4961,21,1.8941,262.0,1,22,1.8921,0.0020000000000000018,0.0010559104587930953,False
KJ-01,kj_sv_40xx0.75-1,1059,3,3,1.6695,0.19563698525585593,0.11718298008736504,1.5557,1.8954,0.3396999999999999,19,1.8954,146.0,1,20,1.5574,0.3380000000000001,0.17832647462277096,False
KJ-01,kj_sv_40xx0.75-1,1060,9,9,2.5105666666666666,0.5465432485174435,0.21769716605179848,1.6106,2.9667,1.3560999999999999,25,2.9667,213.0,2,24;26,2.9459;2.698,0.26869999999999994,0.09057201604476353,False
KJ-01,kj_sv_40xx0.75-1,1062,3,3,1.4879333333333333,0.27085406279643165,0.18203373546962118,1.1853,1.7076,0.5223,21,1.7076,90.0,1,20,1.5709,0.13670000000000004,0.08005387678613261,False
KJ-01,kj_sv_40xx0.75-1,1065,8,8,1.5337625,0.10912346791593462,0.07114756549070317,1.3052,1.6425,0.33730000000000016,24,1.6425,137.0,2,23;25,1.5501;1.5868,0.09240000000000004,0.056255707762557096,False
KJ-01,kj_sv_40xx0.75-1,1070,10,9,1.514711111111111,0.2054825202081946,0.13565789456542882,0.9835,1.6578,0.6742999999999999,22,1.5618,123.0,2,21;23,1.5925;1.5182,0.04360000000000008,0.027916506594954593,False
KJ-01,kj_sv_40xx0.75-1,1075,6,6,1.6533,0.02822077249119872,0.017069359759994386,1.6131,1.6922,0.07909999999999995,22,1.6674,211.0,2,21;23,1.6483;1.6667,0.019099999999999895,0.011454959817680157,False
KJ-01,kj_sv_40xx0.75-1,1076,11,9,1.5009888888888887,0.06575860104283783,0.04381018509172031,1.3995,1.5927,0.19320000000000004,25,1.5492,125.0,2,24;26,1.5366;1.5153,0.03389999999999982,0.021882261812548296,False
KJ-01,kj_sv_40xx0.75-1,1078,7,7,1.558742857142857,0.09016347851066332,0.057843715592661056,1.362,1.6357,0.27369999999999983,22,1.5796,135.0,2,21;23,1.5995;1.6026,0.02300000000000013,0.014560648265383726,False
KJ-01,kj_sv_40xx0.75-1,1079,11,11,1.5787454545454545,0.08532480722083541,0.054045955904526585,1.3405,1.6357,0.2951999999999999,29,1.5531,199.0,1,28,1.6357,0.0826,0.05318395467130256,False
KJ-01,kj_sv_40xx0.75-1,1080,11,10,1.3903699999999999,0.25015918065637055,0.17992274046215798,0.76,1.546,0.786,24,1.5411,90.0,2,23;25,1.3589;1.5291,0.18219999999999992,0.11822724028291476,False
KJ-01,kj_sv_40xx0.75-1,1081,10,10,1.34556,0.13334586774416538,0.09910064786718197,1.0717,1.5323,0.4605999999999999,23,1.5323,116.0,2,22;24,1.4161;1.4633,0.11620000000000008,0.07583371402466885,False
KJ-01,kj_sv_40xx0.75-1,1083,8,7,1.3039142857142856,0.09796039044041262,0.07512793709959993,1.116,1.3648,0.2487999999999999,21,1.3639,104.0,2,20;22,1.2193;1.3648,0.14459999999999984,0.10601950289610665,False
KJ-01,kj_sv_40xx0.75-1,1084,7,6,1.1787833333333333,0.2052898187116611,0.1741539881897955,0.7948,1.3689,0.5741,25,1.3689,82.0,1,24,1.2985,0.07040000000000002,0.05142815399225657,False
KJ-01,kj_sv_40xx0.75-1,1087,7,7,1.3530285714285715,0.2786440603726417,0.20594100247154448,0.7724,1.5313,0.7589000000000001,19,1.2251,136.0,0,,,,,False
KJ-01,kj_sv_40xx0.75-1,1088,9,7,1.2334999999999998,0.193187085489688,0.15661701296286018,1.0642,1.5137,0.4495,24,1.5137,81.0,2,23;25,1.1357;1.1366,0.3780000000000001,0.24971923102332041,False
KJ-01,kj_sv_40xx0.75-1,1093,10,9,1.3454222222222223,0.020894423764355016,0.01553001237770837,1.3379,1.401,0.06309999999999993,26,1.3379,121.0,2,25;27,1.3379;1.3424,0.0044999999999999485,0.0033634800807234833,False
KJ-01,kj_sv_40xx0.75-1,1095,3,3,0.8157333333333332,0.004188476254359514,0.005134614564840857,0.8109,0.8183,0.007400000000000073,22,0.8183,87.0,1,21,0.818,0.000300000000000078,0.0003666137113528999,False
KJ-01,kj_sv_40xx0.75-1,1097,8,8,1.3238625000000002,0.05014780831274118,0.03787992205590926,1.2005,1.3541,0.15360000000000018,24,1.3433,90.0,2,23;25,1.341;1.3381,0.005199999999999871,0.0038710637981090386,False
KJ-01,kj_sv_40xx0.75-1,1098,4,4,2.561325,1.032160834931585,0.402979252899021,1.5797,3.4929,1.9132,22,3.412,188.0,2,21;23,3.4929;1.7607,1.6513,0.483968347010551,True
KJ-01,kj_sv_40xx0.75-1,1099,4,4,1.5036749999999999,0.1283260008727771,0.08534158037659541,1.3379,1.6055,0.26759999999999984,21,1.4667,134.0,2,20;22,1.3379;1.6055,0.13880000000000003,0.0946342128587987,False
KJ-01,kj_sv_40xx0.75-1,1100,7,7,1.3969714285714285,0.1728748460041321,0.12374973637142848,1.1388,1.5445,0.40569999999999995,24,1.5174,194.0,2,23;25,1.5232;1.5137,0.005800000000000027,0.0038223276657440536,False
KJ-01,kj_sv_40xx0.75-1,1104,7,6,1.4432333333333334,0.11797329641349633,0.08174235841755526,1.228,1.5252,0.2971999999999999,20,1.5137,119.0,1,21,1.5142,0.0004999999999999449,0.0003303164431525037,False
KJ-01,kj_sv_40xx0.75-1,1105,8,8,1.5765375,0.09273368840009392,0.05882111170847121,1.3473,1.6157,0.26839999999999997,26,1.6115,195.0,2,25;27,1.6155;1.6058,0.005700000000000038,0.0035370772572137998,False
KJ-01,kj_sv_40xx0.75-1,1106,6,6,1.4627166666666669,0.37118138108836585,0.25376164061508777,0.805,1.8526,1.0476,22,1.8526,209.0,1,21,1.6812,0.1714,0.09251862247651949,False
KJ-01,kj_sv_40xx0.75-1,1107,8,8,1.3172125000000001,0.18630140278208168,0.14143610296902107,1.039,1.5199,0.4809000000000001,23,1.5199,59.0,2,22;24,1.3876;1.4986,0.13230000000000008,0.08704520034212783,False
KJ-01,kj_sv_40xx0.75-1,1109,4,4,1.53965,0.02780461592373955,0.0180590497345108,1.5008,1.56,0.05920000000000014,21,1.5383,123.0,2,20;22,1.5008;1.5595,0.03750000000000009,0.024377559643762654,False
KJ-01,kj_sv_40xx0.75-1,1110,9,9,1.5058777777777779,0.10214128423142355,0.06782840263580575,1.3329,1.5893,0.25639999999999996,23,1.5604,125.0,2,22;24,1.5718;1.554,0.011400000000000077,0.0073058190207639555,False
KJ-01,kj_sv_40xx0.75-1,1115,10,10,1.39228,0.21226503244764547,0.15245858049217503,0.8736,1.6056,0.7319999999999999,22,1.6056,126.0,2,21;23,1.4455;1.5122,0.1600999999999999,0.09971350274040852,False
KJ-01,kj_sv_40xx0.75-1,1118,7,7,1.580257142857143,0.09852574717881037,0.06234792079513935,1.3653,1.648,0.28269999999999995,25,1.648,144.0,2,24;26,1.6137;1.6444,0.0343,0.020813106796116504,False
KJ-01,kj_sv_40xx0.75-1,1120,8,8,1.53695,0.024980106370584426,0.016253037750469712,1.5139,1.5915,0.07759999999999989,27,1.5179,180.0,1,26,1.5184,0.0004999999999999449,0.0003294024639303939,False
KJ-01,kj_sv_40xx0.75-1,1121,9,9,1.660211111111111,0.16689296303652562,0.10052514521772536,1.4854,1.8998,0.4143999999999999,25,1.8998,171.0,2,24;26,1.8393;1.8921,0.0605,0.03184545741657017,False
KJ-01,kj_sv_40xx0.75-1,1122,10,10,1.5035200000000002,0.28483543318906096,0.18944572282980002,0.8099,1.7374,0.9275000000000001,23,1.6312,131.0,2,22;24,1.6458;1.63,0.014599999999999946,0.008950465914664018,False
KJ-01,kj_sv_40xx0.75-1,1123,9,9,1.3614666666666666,0.24185988195647493,0.17764656886431907,1.0036,1.6188,0.6152,24,1.6176,112.0,2,23;25,1.4612;1.6188,0.15639999999999987,0.09668644906033623,False
KJ-01,kj_sv_40xx0.75-1,1126,7,7,1.4243285714285714,0.29209850344410476,0.20507803417236525,0.7869,1.6267,0.8398,26,1.6267,167.0,1,25,1.6189,0.007800000000000029,0.004794983709350236,False
KJ-01,kj_sv_40xx0.75-1,1130,11,11,1.4531818181818184,0.1541101412508717,0.10605014412008686,1.0761,1.6057,0.5295999999999998,29,1.6055,190.0,1,30,1.4704,0.1351,0.08414824042354407,False
KJ-01,kj_sv_40xx0.75-1,1133,8,8,1.5428000000000002,0.07491381715010924,0.04855705026582138,1.3747,1.6207,0.246,22,1.5779,123.0,2,21;23,1.6207;1.5228,0.05510000000000015,0.03491983015400225,False
KJ-01,kj_sv_40xx0.75-1,1137,8,8,1.384075,0.09282908642076727,0.06706940477991964,1.3379,1.6056,0.2676999999999998,25,1.6056,129.0,2,24;26,1.3406;1.3379,0.2676999999999998,0.16672894867962124,False
KJ-01,kj_sv_40xx0.75-1,1138,10,10,1.5290599999999999,0.14323721738586115,0.09367664930471084,1.1688,1.7516,0.5828,25,1.5519,130.0,2,24;26,1.5387;1.5589,0.0132000000000001,0.008505702687028868,False
KJ-01,kj_sv_40xx0.75-1,1145,26,26,1.4449346153846157,0.37191602809484586,0.25739298106291714,0.8085,2.5003,1.6918000000000002,38,2.5003,151.0,2,37;39,1.9992;2.4238,0.5011000000000001,0.2004159500859897,True
KJ-01,kj_sv_40xx0.75-1,1146,16,15,1.6305866666666666,0.35287928099051225,0.216412465650714,1.3474,2.5294,1.182,28,2.5294,193.0,2,27;29,1.5789;2.3735,0.9504999999999999,0.37578081758519805,True
KJ-01,kj_sv_40xx0.75-1,1147,28,26,1.4994307692307691,0.17765509453822204,0.1184816919752566,1.0826,1.7226,0.6399999999999999,26,1.6593,158.0,2,25;27,1.607;1.7226,0.06329999999999991,0.03814861688663889,False
KJ-01,kj_sv_40xx0.75-1,1149,7,7,1.283542857142857,0.09008318113726625,0.07018322811424448,1.1596,1.402,0.24239999999999995,24,1.402,98.0,2,23;25,1.2975;1.3628,0.10449999999999982,0.07453637660485009,False
KJ-01,kj_sv_40xx0.75-1,1150,11,11,1.3583272727272726,0.17182037766754613,0.126494093962026,0.9987,1.546,0.5473,26,1.5257,136.0,2,25;27,1.4572;1.538,0.0685,0.04489742413318477,False
KJ-01,kj_sv_40xx0.75-1,1154,7,7,0.9285285714285715,0.21212474878622495,0.22845258111967853,0.5563,1.0998,0.5435000000000001,26,1.0835,52.0,2,25;27,1.0998;1.075,0.016300000000000203,0.015043839409321831,False
KJ-01,kj_sv_40xx0.75-1,1158,7,6,1.5077833333333333,0.06672958614188064,0.04425674741632682,1.3988,1.5757,0.17690000000000006,20,1.4558,116.0,1,21,1.3988,0.05699999999999994,0.03915372990795435,False
KJ-01,kj_sv_40xx0.75-1,1159,19,19,1.2314578947368422,0.15888208176642432,0.12901949993213271,0.8084,1.3719,0.5634999999999999,34,1.3719,111.0,2,33;35,1.3379;1.2565,0.11539999999999995,0.08411691814272174,False
KJ-01,kj_sv_40xx0.75-1,1163,7,7,1.1252285714285715,0.101990338011103,0.09063966255462014,0.9251,1.2729,0.3477999999999999,25,1.1374,94.0,2,24;26,1.1353;0.9251,0.21229999999999993,0.18665377176015469,False
KJ-01,kj_sv_40xx0.75-1,1165,8,7,1.2626428571428572,0.20131229352379235,0.15943724100996168,0.8307,1.4113,0.5806,25,1.4113,111.0,2,24;26,1.3732;1.3709,0.04039999999999999,0.028626089421101106,False
KJ-01,kj_sv_40xx0.75-1,1167,4,4,1.385575,0.1784741134357212,0.12880869923008223,1.1353,1.5139,0.37860000000000005,24,1.5137,172.0,1,23,1.5139,0.00019999999999997797,0.0001321265772610015,False
KJ-01,kj_sv_40xx0.75-1,1168,8,8,1.1791625,0.32580028035373365,0.2762980338619433,0.3962,1.3791,0.9829,22,1.374,94.0,2,21;23,1.202;1.3076,0.17200000000000015,0.12518195050946151,False
KJ-01,kj_sv_40xx0.75-1,1172,9,7,1.3132428571428572,0.0962785344221452,0.07331357935699158,1.0955,1.3624,0.26690000000000014,25,1.3517,107.0,2,24;26,1.3486;1.3382,0.013499999999999845,0.009987423244802727,False
KJ-01,kj_sv_40xx0.75-1,1174,9,9,1.2792444444444446,0.11640454363029731,0.09099476189701175,1.0704,1.3379,0.26750000000000007,24,1.3379,89.0,2,23;25,1.3379;1.3379,0.0,0.0,False
KJ-01,kj_sv_40xx0.75-1,1175,8,7,1.2762285714285717,0.10766264772095162,0.08436000425882748,1.0853,1.3383,0.2530000000000001,25,1.3383,107.0,2,24;26,1.3379;1.3382,0.00039999999999995595,0.00029888664723900165,False
KJ-01,kj_sv_40xx0.75-1,1179,9,8,1.1966999999999999,0.07060267093288429,0.05899780306917715,1.0423,1.2696,0.22730000000000006,27,1.2422,89.0,2,26;28,1.2014;1.234,0.04079999999999995,0.032844952503622564,False
KJ-01,kj_sv_40xx0.75-1,1182,9,9,1.2619555555555557,0.09631658879849188,0.07632328125540844,1.0703,1.3522,0.28190000000000004,23,1.3522,82.0,2,22;24,1.3437;1.2048,0.14739999999999998,0.10900754326283092,False
KJ-01,kj_sv_40xx0.75-1,1185,6,5,1.46928,0.09244061336880016,0.06291558679679854,1.3379,1.5598,0.2219,23,1.5566,121.0,2,22;24,1.5598;1.4427,0.11389999999999989,0.07317229859951169,False
KJ-01,kj_sv_40xx0.75-1,1186,6,5,1.24756,0.32200880112195696,0.25811087332229066,0.8069,1.5327,0.7258,23,1.5327,65.0,2,22;24,1.5325;0.8069,0.7258,0.47354342010830563,True
KJ-01,kj_sv_40xx0.75-1,1187,3,3,0.7235666666666667,0.10968419819341954,0.1515882409270091,0.6009,0.8122,0.21130000000000004,22,0.8122,33.0,2,21;23,0.6009;0.7576,0.21130000000000004,0.2601575966510712,False
KJ-01,kj_sv_40xx0.75-1,1188,9,9,1.5163666666666669,0.08684274581103478,0.057270281469544375,1.3632,1.6132,0.25,24,1.5078,130.0,2,23;25,1.5683;1.452,0.0605,0.040124684971481625,False
KJ-01,kj_sv_40xx0.75-1,1191,4,4,1.678125,0.22639299716790423,0.1349083037127176,1.5373,2.0142,0.4769000000000001,25,2.0142,148.0,0,,,,,False
KJ-01,kj_sv_40xx0.75-1,1192,12,11,1.5415181818181816,0.10716288366950397,0.06951775524509744,1.3426,1.6237,0.2810999999999999,22,1.62,187.0,1,23,1.6237,0.0036999999999998145,0.002283950617283836,False
KJ-01,kj_sv_40xx0.75-1,1194,4,3,1.5863666666666667,0.05155747601787086,0.032500352598939415,1.5565,1.6459,0.08939999999999992,21,1.6459,134.0,1,22,1.5565,0.08939999999999992,0.054316787168114666,False
KJ-01,kj_sv_40xx0.75-1,1195,9,9,1.4728444444444446,0.2101731316742884,0.14269879787173687,1.1353,1.8315,0.6961999999999999,26,1.5452,123.0,2,25;27,1.5232;1.5137,0.03149999999999986,0.02038571058762611,False
KJ-01,kj_sv_40xx0.75-1,1196,6,5,1.34718,0.2049240273857607,0.15211332367297667,1.0492,1.6237,0.5745,21,1.3853,83.0,1,22,1.3626,0.022699999999999942,0.016386342308525186,False
KJ-01,kj_sv_40xx0.75-1,1197,6,6,1.6101333333333334,0.04229414459079021,0.026267479664700773,1.5287,1.6372,0.10850000000000004,22,1.6334,231.0,2,21;23,1.6367;1.5997,0.03370000000000006,0.02063181094649202,False
KJ-01,kj_sv_40xx0.75-1,1198,3,3,2.0534666666666666,0.7295969183962698,0.3553001031083711,1.6119,2.8956,1.2836999999999998,23,2.8956,294.0,1,22,1.6529,1.2427,0.42916839342450613,True
KJ-01,kj_sv_40xx0.75-1,1199,4,4,1.6313,0.06270603373413652,0.038439302233884955,1.5764,1.7035,0.1271,22,1.7035,233.0,2,21;23,1.664;1.5813,0.12220000000000009,0.07173466392720874,False
KJ-01,kj_sv_40xx0.75-1,1200,5,5,1.5237000000000003,0.01883998407642635,0.012364628257810819,1.5137,1.557,0.043299999999999894,25,1.5204,132.0,1,24,1.557,0.036599999999999966,0.024072612470402505,False
KJ-01,kj_sv_40xx0.75-1,1201,5,5,1.52638,0.012258140152568037,0.00803085742250818,1.5168,1.5398,0.02300000000000013,23,1.5175,140.0,2,22;24,1.5398;1.518,0.022299999999999986,0.014695222405271819,False
KJ-01,kj_sv_40xx0.75-1,1208,9,9,1.3762888888888891,0.07735464505193662,0.056205238359794414,1.2069,1.4584,0.25149999999999983,24,1.4267,94.0,2,23;25,1.3419;1.3534,0.08479999999999999,0.05943786360131771,False
KJ-01,kj_sv_40xx0.75-1,1209,7,7,1.4814142857142858,0.10291170047782755,0.06946854871742185,1.3498,1.6075,0.2576999999999998,27,1.5702,181.0,1,26,1.5401,0.030100000000000016,0.019169532543625026,False
KJ-01,kj_sv_40xx0.75-1,1210,7,7,1.6422571428571426,0.13928997160770829,0.08481617645174395,1.4721,1.8921,0.41999999999999993,21,1.8921,131.0,1,22,1.7398,0.15229999999999988,0.08049257438824581,False
KJ-01,kj_sv_40xx0.75-1,1211,8,7,1.4073142857142855,0.09874143724177516,0.07016303198518213,1.3525,1.6296,0.2770999999999999,23,1.391,133.0,2,22;24,1.6296;1.3778,0.23859999999999992,0.17153127246585184,False
KJ-01,kj_sv_40xx0.75-1,1212,5,5,1.3567799999999999,0.07533436798699517,0.055524379771956525,1.2386,1.4483,0.2097,26,1.4483,194.0,0,,,,,False
KJ-01,kj_sv_40xx0.75-1,1213,8,8,1.233525,0.13507809117057326,0.1095057588379427,1.0524,1.4807,0.4282999999999999,23,1.3565,85.0,2,22;24,1.1462;1.1514,0.21029999999999993,0.1550313306302985,False
KJ-01,kj_sv_40xx0.75-1,1214,9,9,1.3808444444444445,0.1526153179657199,0.11052317918918206,1.1353,1.52,0.38470000000000004,26,1.52,107.0,2,25;27,1.5049;1.5154,0.015100000000000113,0.009934210526315865,False
KJ-01,kj_sv_40xx0.75-1,1215,8,8,1.3578375,0.17846942064998936,0.13143650889741176,0.9546,1.5001,0.5455,26,1.4787,104.0,2,25;27,1.5001;1.2567,0.22199999999999998,0.1501318725907892,False
KJ-01,kj_sv_40xx0.75-1,1218,6,6,1.465716666666667,0.14590435794268342,0.09954472188304928,1.1903,1.5922,0.40190000000000015,21,1.5137,199.0,1,22,1.5137,0.0,0.0,False
KJ-01,kj_sv_40xx0.75-1,1219,6,6,1.3600333333333332,0.10001127269796477,0.07353589816276423,1.1823,1.4678,0.2855000000000001,21,1.4678,194.0,1,22,1.4416,0.0262,0.017849843302902305,False
KJ-01,kj_sv_40xx0.75-1,1220,7,7,1.6184285714285713,0.08528311115114788,0.052695010862215126,1.5221,1.7583,0.23619999999999997,21,1.5221,185.0,1,22,1.5616,0.03950000000000009,0.02595098876552138,False
KJ-01,kj_sv_40xx0.75-1,1223,10,10,1.4269100000000001,0.14128626928646987,0.09901554357770978,1.1607,1.5296,0.3689,28,1.5137,114.0,2,27;29,1.5137;1.4075,0.10620000000000007,0.07015921252559958,False
KJ-01,kj_sv_40xx0.75-1,1224,11,10,1.3500799999999997,0.22483721419927105,0.16653621577926575,0.7937,1.6269,0.8332,28,1.4459,113.0,2,27;29,1.5329;1.6269,0.18100000000000005,0.1251815478248842,False
KJ-01,kj_sv_40xx0.75-1,1225,3,3,1.251966666666667,0.1489275103308094,0.1189548526298432,1.08,1.338,0.258,24,1.3379,82.0,0,,,,,False
KJ-01,kj_sv_40xx0.75-1,1226,9,9,1.3097666666666667,0.13749038148176038,0.10497318719499175,1.0455,1.4452,0.39969999999999994,24,1.4441,104.0,2,23;25,1.2022;1.4452,0.2419,0.16750917526487086,False
KJ-01,kj_sv_40xx0.75-1,1227,12,7,1.1783571428571429,0.20116201478031626,0.1707139605336987,0.8035,1.3431,0.5396,24,1.3393,78.0,2,23;25,1.3336;1.3431,0.005700000000000038,0.004255954603150929,False
KJ-01,kj_sv_40xx0.75-1,1231,6,6,1.4032166666666666,0.2734271121645889,0.19485737210783957,0.8451,1.5187,0.6736,23,1.5138,200.0,2,22;24,1.5137;1.5137,9.999999999998899e-05,6.605892456070088e-05,False
KJ-01,kj_sv_40xx0.75-1,1232,10,10,1.43687,0.1631750120439878,0.1135628219978062,1.1353,1.56,0.4247000000000001,30,1.5471,163.0,1,29,1.485,0.06209999999999982,0.04013961605584631,False
KJ-01,kj_sv_40xx0.75-1,1233,6,6,1.4371,0.1494704920711777,0.10400841421694922,1.1618,1.5365,0.37470000000000003,22,1.5235,107.0,2,21;23,1.3641;1.5365,0.1594,0.10462750246143747,False
KJ-01,kj_sv_40xx0.75-1,1235,5,4,1.704675,0.22770850335461787,0.13357883664312428,1.5181,1.9999,0.4818,23,1.9999,196.0,1,24,1.5327,0.46720000000000006,0.23361168058402923,False
KJ-01,kj_sv_40xx0.75-1,1240,4,3,1.2995999999999999,0.17110268846514362,0.13165796280789754,1.1024,1.4087,0.3063,24,1.3877,81.0,1,23,1.4087,0.02100000000000013,0.015132953808460137,False
KJ-01,kj_sv_40xx0.75-1,1241,5,3,1.2905999999999997,0.18648037430249867,0.14449122447117518,1.099,1.4715,0.37250000000000005,24,1.4715,64.0,1,23,1.099,0.37250000000000005,0.2531430513081889,False
KJ-01,kj_sv_40xx0.75-1,1244,9,7,1.4126,0.1717102015994779,0.12155613875086924,1.1659,1.5605,0.39460000000000006,27,1.514,117.0,1,26,1.5544,0.04039999999999999,0.026684280052840154,False
KJ-01,kj_sv_40xx0.75-1,1245,6,6,1.1841166666666665,0.11737433137899728,0.0991239585449046,1.1353,1.4237,0.2884,24,1.4237,61.0,2,23;25,1.1355;1.1366,0.2882,0.20243028727962353,False
KJ-01,kj_sv_40xx0.75-1,1247,9,9,1.3372777777777776,0.1564124337910655,0.11696330888783929,1.1365,1.5137,0.3772,24,1.4132,93.0,2,23;25,1.3419;1.17,0.24320000000000008,0.1720917067647892,False
KJ-01,kj_sv_40xx0.75-1,1249,8,8,1.4979624999999999,0.12657075872525103,0.08449527857022525,1.1996,1.5931,0.39349999999999996,24,1.5931,100.0,2,23;25,1.5501;1.5461,0.04699999999999993,0.0295022283598016,False
KJ-01,kj_sv_40xx0.75-1,1250,7,7,1.4094285714285715,0.14252989995419338,0.10112601861740864,1.19,1.6179,0.42789999999999995,28,1.4078,148.0,1,27,1.3586,0.04919999999999991,0.034948146043472024,False
KJ-01,kj_sv_40xx0.75-1,1251,8,8,1.4132500000000001,0.09854659521551938,0.06973047600602822,1.3412,1.6055,0.2643,23,1.3667,149.0,2,22;24,1.3657;1.3412,0.025500000000000078,0.018658081510207127,False
KJ-01,kj_sv_40xx0.75-1,1252,6,6,1.4749333333333332,0.10946386922937937,0.07421614710001313,1.2786,1.5593,0.28069999999999995,22,1.5333,198.0,1,23,1.4134,0.11990000000000012,0.07819735211635043,False
KJ-01,kj_sv_40xx0.75-1,1257,8,8,1.661425,0.20578474016727835,0.12386038501122733,1.2109,1.8596,0.6486999999999998,26,1.8596,143.0,2,25;27,1.7283;1.6982,0.1614,0.08679285867928586,False
KJ-01,kj_sv_40xx0.75-1,1258,5,4,1.25475,0.17260321549727864,0.1375598449868728,0.9959,1.346,0.3501000000000001,22,1.3379,80.0,1,23,1.3392,0.0012999999999998568,0.0009716720233200215,False
KJ-01,kj_sv_40xx0.75-1,1259,3,3,1.2889333333333333,0.14886988726177414,0.11549851603013407,1.1171,1.379,0.2619,23,1.379,83.0,2,22;24,1.3707;1.1171,0.2619,0.18992023205221176,False
KJ-01,kj_sv_40xx0.75-1,1261,3,3,1.6186,0.008524670081592628,0.005266693489183633,1.6089,1.6249,0.016000000000000014,24,1.6249,179.0,1,23,1.622,0.0028999999999999027,0.0017847252138592546,False
KJ-01,kj_sv_40xx0.75-1,1268,3,3,1.1944333333333332,0.4850589689237107,0.4060996586306288,0.6389,1.534,0.8951,23,1.4104,93.0,2,22;24,1.534;0.6389,0.7715000000000001,0.5470079410096427,True
KJ-01,kj_sv_40xx0.75-1,1271,11,11,1.407190909090909,0.2652520667385853,0.18849756989259317,0.7774,1.5858,0.8084000000000001,26,1.5515,118.0,2,25;27,1.554;1.5517,0.0024999999999999467,0.001611343860779856,False
KJ-01,kj_sv_40xx0.75-1,1276,17,15,1.6059733333333337,0.11869156587358604,0.07390631177370277,1.3391,1.8095,0.47040000000000015,34,1.8095,167.0,2,33;35,1.5918;1.7281,0.2177,0.12030947775628627,False
KJ-01,kj_sv_40xx0.75-1,1280,8,8,1.5713875,0.029181620316317467,0.018570607387622385,1.5527,1.6421,0.08939999999999992,25,1.5544,114.0,2,24;26,1.5601;1.5628,0.008399999999999963,0.005404014410705071,False
KJ-01,kj_sv_40xx0.75-1,1282,6,6,1.5275833333333333,0.10138028243532697,0.06636644968762881,1.3225,1.5921,0.26960000000000006,26,1.5921,133.0,2,25;27,1.5728;1.5665,0.025600000000000067,0.016079391997990116,False
KJ-01,kj_sv_40xx0.75-1,1284,3,3,1.4279,0.4023115210878256,0.2817504874905985,0.9635,1.6703,0.7067999999999999,24,1.6499,160.0,1,23,1.6703,0.020399999999999974,0.012364385720346672,False
KJ-01,kj_sv_40xx0.75-1,1285,6,6,1.4074666666666669,0.10467279812189345,0.07436964625939757,1.3413,1.6056,0.2643,24,1.3523,137.0,2,23;25,1.3481;1.3517,0.0041999999999999815,0.003105819714560365,False
KJ-01,kj_sv_40xx0.75-1,1288,7,7,1.4634857142857143,0.13320740005184184,0.09102063569978651,1.1614,1.5142,0.3528,24,1.5142,117.0,2,23;25,1.5137;1.5137,0.0004999999999999449,0.00033020737022846714,False
KJ-01,kj_sv_40xx0.75-1,1289,4,4,1.513725,4.999999999999449e-05,3.303109877949726e-05,1.5137,1.5138,9.999999999998899e-05,24,1.5137,117.0,2,23;25,1.5137;1.5137,0.0,0.0,False
KJ-01,kj_sv_40xx0.75-1,1299,17,17,1.1883470588235294,0.18790819938751693,0.15812569063245477,0.8036,1.3556,0.5519999999999999,35,1.3556,104.0,2,34;36,1.35;1.3404,0.01519999999999988,0.011212747123045059,False
KJ-01,kj_sv_40xx0.75-1,1301,8,7,1.3277571428571429,0.11847383476451466,0.08922854258541285,1.1549,1.4569,0.30200000000000005,27,1.4569,100.0,2,26;28,1.3779;1.332,0.12490000000000001,0.08572997460361041,False
KJ-01,kj_sv_40xx0.75-1,1309,10,8,1.194325,0.06950845272339186,0.05819894310459201,1.1353,1.3118,0.1765000000000001,26,1.2885,72.0,2,25;27,1.1389;1.17,0.14959999999999996,0.11610399689561503,False
KJ-01,kj_sv_40xx0.75-1,1310,7,7,1.2195428571428573,0.16504513379823166,0.13533360704100147,1.0664,1.5137,0.44730000000000003,25,1.5137,116.0,2,24;26,1.3898;1.1397,0.3740000000000001,0.2470766994781001,False
KJ-01,kj_sv_40xx0.75-1,1312,8,7,1.3263571428571428,0.22914004347518466,0.17275893201855702,0.8315,1.5451,0.7135999999999999,26,1.5451,118.0,2,25;27,1.3981;1.4301,0.14700000000000002,0.09513947317325741,False
KJ-01,kj_sv_40xx0.75-1,1314,7,3,1.0119333333333334,0.009295877222367632,0.009186254584327985,1.0012,1.0174,0.016199999999999992,27,1.0012,26.0,2,26;28,1.0172;1.0174,0.016199999999999992,0.016180583300039943,False
KJ-01,kj_sv_40xx0.75-1,1319,8,7,1.4435142857142857,0.05772692695127725,0.03999054773656956,1.3797,1.5124,0.13270000000000004,26,1.5124,130.0,2,25;27,1.4829;1.3797,0.13270000000000004,0.0877413382702989,False
KJ-01,kj_sv_40xx0.75-1,1322,5,5,0.8936399999999999,0.09353680024460963,0.10466944210712327,0.8371,1.0581,0.22100000000000009,23,1.0581,26.0,1,24,0.8394,0.2187,0.20669123901332578,False
KJ-01,kj_sv_40xx0.75-1,1323,5,5,1.4480799999999998,0.2119899455162909,0.1463938080190949,1.1028,1.6182,0.5154000000000001,27,1.5311,94.0,1,26,1.6182,0.08710000000000018,0.056887205277251766,False
KJ-01,kj_sv_40xx0.75-1,1325,5,5,1.52702,0.015813506884938603,0.010355795526540977,1.5138,1.5461,0.032299999999999995,23,1.5422,153.0,1,24,1.5461,0.0039000000000000146,0.002528854882635206,False
KJ-01,kj_sv_40xx0.75-1,1327,8,8,1.3860625,0.05244542571637144,0.03783770624800212,1.3228,1.4831,0.1603000000000001,28,1.4067,118.0,2,27;29,1.4831;1.3228,0.08390000000000009,0.05964313641856834,False
KJ-01,kj_sv_40xx0.75-1,1328,9,9,1.5272,0.0979818350511971,0.06415782808485929,1.3531,1.6656,0.3125,25,1.619,116.0,2,24;26,1.6656;1.5408,0.07820000000000005,0.048301420630018556,False
KJ-01,kj_sv_40xx0.75-1,1331,8,7,1.4755714285714283,0.14913775191955603,0.10107118437766409,1.1587,1.56,0.4013,25,1.5594,103.0,2,24;26,1.5583;1.5554,0.0040000000000000036,0.0025650891368475077,False
KJ-01,kj_sv_40xx0.75-1,1332,8,8,1.4953124999999998,0.10178955093019827,0.06807242695436458,1.3904,1.6722,0.28179999999999983,28,1.6204,136.0,2,27;29,1.4042;1.6722,0.21620000000000017,0.13342384596395962,False
KJ-01,kj_sv_40xx0.75-1,1333,6,6,1.4411500000000002,0.07597354144700642,0.052717303158593076,1.3855,1.5584,0.17290000000000005,27,1.4041,91.0,2,26;28,1.391;1.5584,0.1543000000000001,0.10989245780215093,False
KJ-01,kj_sv_40xx0.75-1,1336,3,3,1.6124,0.020583245613848257,0.012765595146271555,1.5933,1.6342,0.04090000000000016,24,1.6097,197.0,2,23;25,1.6342;1.5933,0.02450000000000019,0.015220227371560036,False
KJ-01,kj_sv_40xx0.75-1,1338,9,4,0.975225,0.26169748916130875,0.2683457552475672,0.803,1.3576,0.5545999999999999,28,0.9314,34.0,0,,,,,False
KJ-01,kj_sv_40xx0.75-1,1339,3,3,1.4108,0.23003573635415872,0.16305339974068522,1.147,1.5696,0.4226000000000001,25,1.5158,131.0,1,24,1.5696,0.05380000000000007,0.035492809077714786,False
KJ-01,kj_sv_40xx0.75-1,1341,11,11,1.7101454545454546,0.15742988511484318,0.09205642987642067,1.3379,1.8821,0.5442,26,1.7208,212.0,2,25;27,1.8242;1.6295,0.10339999999999994,0.06008833100883306,False
KJ-01,kj_sv_40xx0.75-1,1342,8,8,1.5172625000000002,0.010076271631908293,0.00664108658317746,1.5137,1.5422,0.02849999999999997,26,1.5137,116.0,2,25;27,1.5137;1.5137,0.0,0.0,False
KJ-01,kj_sv_40xx0.75-1,1349,8,8,1.374,0.17107314225207879,0.12450738155173127,1.0703,1.6056,0.5352999999999999,27,1.358,118.0,1,26,1.3379,0.020100000000000007,0.014801178203240064,False
KJ-01,kj_sv_40xx0.75-1,1354,11,11,1.5252272727272727,0.04952791315832097,0.03247248068791719,1.3918,1.5832,0.19140000000000001,29,1.5832,125.0,2,28;30,1.52;1.5491,0.06319999999999992,0.03991915108640723,False
KJ-01,kj_sv_40xx0.75-1,1357,6,6,1.7623666666666669,0.5389570694096764,0.3058143799491269,0.9917,2.4258,1.4341000000000002,29,2.4258,237.0,1,28,2.342,0.0838000000000001,0.0345453046417677,False
KJ-01,kj_sv_40xx0.75-1,1358,8,8,1.4801625,0.0972271410887192,0.06568680201580515,1.274,1.5643,0.2903,30,1.5594,171.0,1,29,1.5643,0.0049000000000001265,0.0031422341926382754,False
KJ-01,kj_sv_40xx0.75-1,1359,5,5,1.5734799999999998,0.04825460599776984,0.030667441593010297,1.5409,1.6586,0.11770000000000014,25,1.6586,239.0,1,24,1.561,0.09760000000000013,0.05884480887495486,False
KJ-01,kj_sv_40xx0.75-1,1361,8,7,1.5076857142857143,0.13516214248784592,0.08964875186330246,1.3432,1.6597,0.3165,26,1.5879,258.0,1,27,1.4077,0.18020000000000014,0.1134832168272562,False
KJ-01,kj_sv_40xx0.75-1,1362,9,9,1.4346444444444446,0.16866341564719298,0.11756461073008695,1.1366,1.546,0.4094,29,1.546,116.0,2,28;30,1.5174;1.5137,0.032299999999999995,0.020892626131953425,False
KJ-01,kj_sv_40xx0.75-1,1363,3,3,1.3068,0.40255880315799836,0.30804928310223323,0.8833,1.6845,0.8012000000000001,25,1.6845,79.0,1,24,1.3526,0.3319000000000001,0.19703176016622148,False
KJ-01,kj_sv_40xx0.75-1,1365,8,7,1.8935999999999997,0.17081000165876314,0.09020384540492352,1.5571,2.1313,0.5742,26,1.9442,166.0,2,25;27,1.9461;2.1313,0.18710000000000004,0.09623495525151736,False
KJ-01,kj_sv_40xx0.75-1,1367,7,7,1.5603857142857145,0.06057098944135516,0.038817959487076094,1.4568,1.631,0.1741999999999999,29,1.5267,134.0,1,28,1.5227,0.0040000000000000036,0.0026200301303465016,False
KJ-01,kj_sv_40xx0.75-1,1375,9,9,1.503322222222222,0.11602443468702807,0.07717868662615783,1.345,1.6132,0.2682,30,1.6021,173.0,2,29;31,1.5352;1.6086,0.06690000000000018,0.04175769302790099,False
KJ-01,kj_sv_40xx0.75-1,1378,6,5,1.29826,0.12066589410434089,0.09294432094059811,1.0836,1.3654,0.28180000000000005,23,1.338,139.0,0,,,,,False
KJ-01,kj_sv_40xx0.75-1,1381,7,7,1.3430142857142857,0.18668756813253015,0.13900639041470797,1.0516,1.5138,0.46219999999999994,27,1.5137,102.0,2,26;28,1.4042;1.5138,0.10950000000000015,0.07233930105040638,False
KJ-01,kj_sv_40xx0.75-1,1383,9,8,1.422975,0.27282191339511463,0.19172642765692624,0.7794,1.5789,0.7995,26,1.5484,101.0,2,25;27,1.5603;1.5633,0.014899999999999913,0.009622836476362641,False
KJ-01,kj_sv_40xx0.75-1,1385,4,4,1.428875,0.24695489972867513,0.17283170307316956,1.0664,1.6217,0.5552999999999999,24,1.5137,109.0,2,23;25,1.6217;1.5137,0.10799999999999987,0.07134835172094858,False
KJ-01,kj_sv_40xx0.75-1,1390,9,8,1.31725,0.05844743670292871,0.044370800305886283,1.1726,1.338,0.1654,27,1.3379,113.0,2,26;28,1.3379;1.3379,0.0,0.0,False
KJ-01,kj_sv_40xx0.75-1,1395,9,8,1.375,0.05319436060335719,0.038686807711532496,1.3379,1.4736,0.13569999999999993,27,1.4736,111.0,2,26;28,1.3898;1.4362,0.0838000000000001,0.056867535287730794,False
KJ-01,kj_sv_40xx0.75-1,1398,5,5,1.50022,0.1358730547238856,0.09056875306547413,1.3467,1.6282,0.2815000000000001,27,1.6231,78.0,2,26;28,1.3677;1.3467,0.2764,0.17029141765756883,False
KJ-01,kj_sv_40xx0.75-1,1399,8,8,1.4438,0.07362998224714087,0.05099735576059072,1.3668,1.5847,0.21789999999999998,29,1.5847,125.0,2,28;30,1.4106;1.5226,0.17409999999999992,0.1098630655644601,False
KJ-01,kj_sv_40xx0.75-1,1406,10,9,1.5162555555555555,0.19365991525810852,0.12772247695880765,1.0819,1.6766,0.5947,28,1.6084,212.0,2,27;29,1.6766;1.6218,0.06820000000000004,0.04240238746580455,False
KJ-01,kj_sv_40xx0.75-1,1408,10,10,1.4606299999999999,0.19104086851887073,0.13079347166556263,1.0433,1.5813,0.538,29,1.5719,199.0,2,28;30,1.5483;1.5813,0.023600000000000065,0.0150136777148674,False
KJ-01,kj_sv_40xx0.75-1,1412,3,3,1.9216666666666669,0.1692975585569189,0.088099336629793,1.7691,2.1038,0.3347000000000002,26,2.1038,134.0,1,25,1.8921,0.21170000000000022,0.1006274360680674,False
KJ-01,kj_sv_40xx0.75-1,1413,7,7,1.6588428571428568,0.17681657027498732,0.10659030752287837,1.3873,1.9226,0.5353000000000001,25,1.9226,244.0,2,24;26,1.8366;1.6361,0.2865,0.14901695620513886,False
KJ-01,kj_sv_40xx0.75-1,1414,9,9,1.717011111111111,0.12920934993688,0.07525248328373724,1.5558,1.8796,0.32379999999999987,28,1.8796,224.0,2,27;29,1.8747;1.8731,0.00649999999999995,0.003458182592040833,False
KJ-01,kj_sv_40xx0.75-1,1416,4,3,1.1574333333333335,0.07103501484010077,0.06137287806937831,1.1001,1.2369,0.13680000000000003,27,1.2369,49.0,1,26,1.1001,0.13680000000000003,0.11059907834101385,False
KJ-01,kj_sv_40xx0.75-1,1419,7,7,1.6239857142857141,0.1223511807404057,0.07534005974567334,1.3519,1.6946,0.3427,29,1.6923,139.0,2,28;30,1.6454;1.693,0.04689999999999994,0.027713762335283307,False
KJ-01,kj_sv_40xx0.75-1,1421,10,9,1.4765444444444444,0.24705728642923644,0.16732126646021325,0.846,1.6439,0.7978999999999999,28,1.5281,114.0,2,27;29,1.4193;1.4974,0.10880000000000001,0.07119952882664747,False
KJ-01,kj_sv_40xx0.75-1,1423,10,10,2.27405,1.0364485378766601,0.45577209730509893,1.5393,4.2181,2.6788,32,4.2181,306.0,2,31;33,4.1852;2.0704,2.1477,0.5091628932457741,True
KJ-01,kj_sv_40xx0.75-1,1424,5,4,1.626575,0.06175448026931604,0.03796595931286048,1.5594,1.6846,0.1252000000000002,24,1.6846,99.0,1,25,1.6731,0.011500000000000066,0.006826546361154022,False
KJ-01,kj_sv_40xx0.75-1,1425,5,5,1.76844,0.8176706170579935,0.46236831165207387,1.3379,3.2166,1.8787,24,3.2166,239.0,1,25,1.3379,1.8787,0.5840639184231797,True
KJ-01,kj_sv_40xx0.75-1,1426,8,8,1.5713875000000002,0.014809402177574331,0.009424411341934646,1.5576,1.592,0.034399999999999986,27,1.5797,155.0,1,28,1.592,0.012299999999999978,0.007786288535797921,False
KJ-01,kj_sv_40xx0.75-1,1429,4,3,1.3432333333333333,0.007973915809270473,0.005936359388493293,1.3379,1.3524,0.014499999999999957,24,1.3394,170.0,1,25,1.3524,0.013000000000000123,0.009705838435120295,False
KJ-01,kj_sv_40xx0.75-1,1432,7,6,1.4571833333333333,0.27972468905455355,0.19196259156675793,1.0078,1.6577,0.6498999999999999,24,1.6062,194.0,1,25,1.6577,0.05149999999999988,0.03206325488731159,False
KJ-01,kj_sv_40xx0.75-1,1433,8,8,1.4031250000000002,0.2736571042642338,0.1950340164021265,0.8027,1.6068,0.8041,27,1.338,123.0,2,26;28,1.3379;1.354,0.016000000000000014,0.011958146487294478,False
KJ-01,kj_sv_40xx0.75-1,1435,8,7,1.4530714285714286,0.1355306203321561,0.09327182247702824,1.3379,1.6055,0.26759999999999984,30,1.6055,160.0,0,,,,,False
KJ-01,kj_sv_40xx0.75-1,1437,9,6,1.2834,0.2978928666483976,0.23211225389465293,0.7568,1.5137,0.7569,28,1.5137,79.0,2,27;29,0.7568;1.1365,0.7569,0.5000330316443152,True
KJ-01,kj_sv_40xx0.75-1,1439,7,7,1.5358571428571428,0.08133361046010554,0.052956494579177636,1.3527,1.5827,0.22999999999999998,28,1.5763,111.0,2,27;29,1.5596;1.5604,0.016699999999999937,0.010594429994290387,False
KJ-01,kj_sv_40xx0.75-1,1440,5,5,1.0548000000000002,0.20621932499162146,0.19550561717066878,0.7559,1.2239,0.46799999999999997,28,1.2239,52.0,1,27,1.2003,0.023600000000000065,0.019282621129177273,False
KJ-01,kj_sv_40xx0.75-1,1441,9,9,1.3314555555555554,0.22463292340567034,0.16871229570403595,0.8791,1.6336,0.7545,30,1.6336,117.0,2,29;31,1.5207;1.3643,0.2692999999999999,0.16485063663075408,False
KJ-01,kj_sv_40xx0.75-1,1442,9,9,1.462933333333333,0.12316883737374486,0.08419306236812675,1.1618,1.5313,0.36950000000000016,29,1.5218,111.0,2,28;30,1.5137;1.5138,0.008099999999999996,0.0053226442370876564,False
KJ-01,kj_sv_40xx0.75-1,1446,14,13,1.4206923076923075,0.2399843240072792,0.1689206893765028,0.8022,1.5772,0.7749999999999999,31,1.5772,94.0,2,30;32,1.556;1.5137,0.06349999999999989,0.04026122241947749,False
KJ-01,kj_sv_40xx0.75-1,1448,4,3,1.1778666666666666,0.311285437072365,0.2642790104191462,0.8185,1.3639,0.5453999999999999,24,1.3512,75.0,1,25,1.3639,0.012699999999999934,0.009399052693901669,False
KJ-01,kj_sv_40xx0.75-1,1450,5,5,1.6141200000000002,0.4101897268338153,0.2541259180443928,1.1353,2.2711,1.1358000000000001,27,1.5471,201.0,1,28,1.5315,0.015599999999999836,0.010083381811130396,False
KJ-01,kj_sv_40xx0.75-1,1451,6,6,1.5242833333333337,0.018057620736593893,0.011846630046859544,1.5137,1.5607,0.04699999999999993,29,1.5607,196.0,1,28,1.5174,0.043299999999999894,0.027743961043121608,False
KJ-01,kj_sv_40xx0.75-1,1452,8,8,1.3358625,0.25493194575079386,0.1908369654442683,0.7636,1.5386,0.775,30,1.4553,99.0,2,29;31,1.3811;0.7636,0.6917000000000001,0.4752971895829039,True
KJ-01,kj_sv_40xx0.75-1,1456,12,10,1.69861,0.1109044278246415,0.06529128394666316,1.5602,1.8628,0.3026,30,1.7312,122.0,2,29;31,1.823;1.6733,0.09179999999999988,0.05302680221811453,False
KJ-01,kj_sv_40xx0.75-1,1460,4,3,1.2654333333333334,0.11305756645768263,0.08934296535390983,1.1353,1.3395,0.20419999999999994,27,1.3215,69.0,1,26,1.3395,0.018000000000000016,0.013620885357548254,False
KJ-01,kj_sv_40xx0.75-1,1463,8,8,1.4746625,0.056735474856062174,0.03847353198176679,1.3736,1.5142,0.14060000000000006,30,1.4182,125.0,2,29;31,1.3736;1.5137,0.09550000000000014,0.06733888027076586,False
KJ-01,kj_sv_40xx0.75-1,1465,13,13,1.2943999999999998,0.2652293755726666,0.2049052654300577,0.5465,1.573,1.0265,31,1.541,101.0,2,30;32,1.573;1.4226,0.11839999999999984,0.07683322517845545,False
KJ-01,kj_sv_40xx0.75-1,1470,10,9,1.4175666666666666,0.15579414302213032,0.10990251582909469,1.0839,1.6236,0.5396999999999998,32,1.6236,124.0,2,31;33,1.5063;1.3563,0.26729999999999987,0.16463414634146334,False
KJ-01,kj_sv_40xx0.75-1,1474,8,8,1.4669374999999998,0.13453166316097168,0.09170919903606779,1.1619,1.5611,0.3992,26,1.5572,119.0,2,25;27,1.4833;1.4357,0.12149999999999994,0.07802465964551757,False
KJ-01,kj_sv_40xx0.75-1,1477,5,5,1.49634,0.04999922999407093,0.03341435101251783,1.423,1.5457,0.12270000000000003,25,1.5457,130.0,1,26,1.423,0.12270000000000003,0.07938150999547132,False
KJ-01,kj_sv_40xx0.75-1,1478,9,9,1.5849444444444445,0.05139589261582849,0.03242756728539076,1.5053,1.6578,0.15249999999999986,33,1.6578,169.0,1,32,1.631,0.026799999999999935,0.016166003136687136,False
KJ-01,kj_sv_40xx0.75-1,1479,5,5,1.5501,0.005528562200066132,0.003566584220415542,1.5434,1.5575,0.014100000000000001,26,1.5575,139.0,2,25;27,1.546;1.5519,0.011500000000000066,0.007383627608346751,False
KJ-01,kj_sv_40xx0.75-1,1480,8,7,1.160042857142857,0.12405932528623631,0.10694374308875956,1.0703,1.3382,0.2679,28,1.3382,64.0,2,27;29,1.3381;1.1412,0.19700000000000006,0.14721267374084596,False
KJ-01,kj_sv_40xx0.75-1,1481,3,3,1.1277666666666668,0.08543689679133556,0.0757576006780382,1.0767,1.2264,0.14969999999999994,27,1.2264,60.0,1,26,1.0767,0.14969999999999994,0.12206457925636004,False
KJ-01,kj_sv_40xx0.75-1,1482,7,7,1.6098857142857141,0.08409420171393954,0.052236131402191535,1.5253,1.73,0.20469999999999988,28,1.73,201.0,2,27;29,1.7268;1.6022,0.1277999999999999,0.07387283236994215,False
KJ-01,kj_sv_40xx0.75-1,1486,4,3,1.4454,0.05922271523663865,0.04097323594620081,1.3841,1.5023,0.11819999999999986,25,1.5023,111.0,1,26,1.4498,0.05249999999999999,0.03494641549623909,False
KJ-01,kj_sv_40xx0.75-1,1488,7,7,1.6067571428571428,0.14469472297614328,0.09005388500644626,1.5138,1.8921,0.37829999999999986,31,1.8921,139.0,1,30,1.7154,0.17669999999999986,0.09338829871571264,False
KJ-01,kj_sv_40xx0.75-1,1491,7,6,1.395933333333333,0.3133439941448801,0.22446916816338902,0.7568,1.5461,0.7893,28,1.5461,124.0,2,27;29,1.5137;1.5265,0.032399999999999984,0.020955953689929488,False
KJ-01,kj_sv_40xx0.75-1,1492,13,12,1.585041666666667,0.22179219372414735,0.13992830497041445,1.1781,1.929,0.7509000000000001,31,1.929,187.0,2,30;32,1.693;1.838,0.236,0.12234318299637116,False
KJ-01,kj_sv_40xx0.75-1,1494,13,13,1.391753846153846,0.10734848714494162,0.07713180562899283,1.2247,1.6073,0.38260000000000005,36,1.6073,174.0,2,35;37,1.3379;1.5598,0.26939999999999986,0.16761027810614065,False
KJ-01,kj_sv_40xx0.75-1,1496,9,8,1.2959375,0.231870080232752,0.17892072745232854,0.7304,1.472,0.7415999999999999,29,1.3657,121.0,2,28;30,1.3639;1.472,0.10630000000000006,0.0778355422127847,False
KJ-01,kj_sv_40xx0.75-1,1498,4,4,1.4461499999999998,0.24250160824208983,0.16768772827306286,1.0905,1.6343,0.5438000000000001,26,1.6343,111.0,2,25;27,1.514;1.5458,0.12030000000000007,0.07360949642048588,False
KJ-01,kj_sv_40xx0.75-1,1499,6,6,1.3528,0.13186661442533515,0.0974767995456351,1.1178,1.5046,0.38680000000000003,28,1.5046,114.0,2,27;29,1.3425;1.423,0.1620999999999999,0.10773627542203902,False
KJ-01,kj_sv_40xx0.75-1,1500,5,5,1.28238,0.1745590215371294,0.13612113533985978,0.9707,1.3741,0.4034000000000001,25,1.3543,112.0,1,26,1.3741,0.01980000000000004,0.014620098944103994,False
KJ-01,kj_sv_40xx0.75-1,1501,10,10,1.51393,0.00037727090178451606,0.00024919969997590116,1.5137,1.5148,0.0010999999999998789,25,1.5144,182.0,1,26,1.5138,0.0005999999999999339,0.00039619651347063783,False
KJ-01,kj_sv_40xx0.75-1,1503,9,7,1.102857142857143,0.11687173677644594,0.10597178205118155,0.9994,1.3379,0.33850000000000013,30,1.3379,58.0,2,29;31,1.0703;1.0826,0.26760000000000006,0.2000149488003588,False
KJ-01,kj_sv_40xx0.75-1,1504,17,14,1.2563571428571427,0.19292321196342785,0.1535576193921195,0.8565,1.4294,0.5729,33,1.368,93.0,2,32;34,1.3784;1.3738,0.010399999999999965,0.007602339181286524,False
KJ-01,kj_sv_40xx0.75-1,1507,5,5,1.3731,0.19500888441299286,0.1420208902578056,1.149,1.5188,0.3697999999999999,25,1.5137,109.0,1,26,1.5137,0.0,0.0,False
KJ-01,kj_sv_40xx0.75-1,1510,6,6,1.4085166666666666,0.16297818770211756,0.11570909422592389,1.1933,1.5137,0.3204,28,1.5137,102.0,2,27;29,1.1933;1.5137,0.3204,0.21166677677214774,False
KJ-01,kj_sv_40xx0.75-1,1514,6,5,1.4547599999999998,0.1215696425922195,0.08356680317868206,1.2741,1.5695,0.2953999999999999,27,1.5695,109.0,2,26;28,1.5613;1.4583,0.11119999999999997,0.07085058935966866,False
KJ-01,kj_sv_40xx0.75-1,1515,14,12,1.3554416666666664,0.19672337042074328,0.1451359916539455,0.9367,1.5921,0.6554000000000001,35,1.537,87.0,2,34;36,1.56;1.1418,0.3952,0.25712426805465194,False
KJ-01,kj_sv_40xx0.75-1,1516,30,16,1.39800625,0.21278107518840422,0.15220323599297517,0.7711,1.5782,0.8071,34,1.5431,102.0,2,33;35,1.5205;1.5782,0.03510000000000013,0.022746419545071696,False
KJ-01,kj_sv_40xx0.75-1,1521,5,5,1.51882,0.08876853045984263,0.05844572132302882,1.4018,1.5968,0.19500000000000006,27,1.5918,131.0,2,26;28,1.5968;1.5559,0.03590000000000004,0.02255308455836163,False
KJ-01,kj_sv_40xx0.75-1,1522,10,10,1.43424,0.19279666433260143,0.13442426953132072,0.9202,1.5532,0.6329999999999999,30,1.5454,107.0,2,29;31,1.5306;1.5445,0.014800000000000146,0.009576808593244562,False
KJ-01,kj_sv_40xx0.75-1,1523,7,6,1.57345,0.06608384825356343,0.041999331566661434,1.489,1.6731,0.18409999999999993,26,1.6731,258.0,1,27,1.6267,0.0464,0.027732950809873886,False
KJ-01,kj_sv_40xx0.75-1,1524,7,7,1.5225857142857142,0.34614486094972546,0.22734014755426185,0.7595,1.7636,1.0041000000000002,29,1.7286,128.0,2,28;30,1.6903;1.7636,0.0383,0.022156658567626983,False
KJ-01,kj_sv_40xx0.75-1,1527,3,3,1.7590333333333332,0.15415035949790504,0.08763356360381935,1.6137,1.9207,0.30700000000000016,28,1.9207,242.0,1,27,1.6137,0.30700000000000016,0.15983755922319995,False
KJ-01,kj_sv_40xx0.75-1,1528,3,3,1.4611666666666665,0.1258852784615157,0.08615394898700746,1.3833,1.6064,0.22310000000000008,28,1.3833,177.0,1,27,1.3938,0.010499999999999954,0.007590544350466243,False
KJ-01,kj_sv_40xx0.75-1,1529,4,4,1.4813749999999999,0.104302009408576,0.07040891699169757,1.3516,1.5701,0.21850000000000014,26,1.5701,114.0,1,27,1.4424,0.12770000000000015,0.08133239921024148,False
KJ-01,kj_sv_40xx0.75-1,1532,10,10,1.6280100000000002,0.055524257961923486,0.03410560006506316,1.5712,1.7376,0.1664000000000001,31,1.6581,226.0,2,30;32,1.6263;1.5722,0.08589999999999987,0.051806284301308646,False
KJ-01,kj_sv_40xx0.75-1,1533,21,18,1.5824277777777778,0.09446217920762572,0.05969446475483392,1.3732,1.7738,0.40060000000000007,41,1.6314,130.0,2,40;42,1.6043;1.6333,0.027099999999999902,0.01661149932573244,False
KJ-01,kj_sv_40xx0.75-1,1534,7,7,1.5816714285714286,0.05918250626341408,0.037417699526170196,1.4775,1.634,0.15649999999999986,29,1.5346,133.0,2,28;30,1.5613;1.6273,0.0927,0.06040662061775056,False
KJ-01,kj_sv_40xx0.75-1,1535,8,8,1.5141375,0.18071827275387192,0.11935393764032126,1.114,1.6919,0.5778999999999999,32,1.6919,138.0,2,31;33,1.5924;1.5315,0.16039999999999988,0.09480465748566692,False
KJ-01,kj_sv_40xx0.75-1,1537,7,4,0.952775,0.15109503356055973,0.1585841710378208,0.8139,1.0838,0.26990000000000014,31,1.0838,40.0,0,,,,,False
KJ-01,kj_sv_40xx0.75-1,1539,10,10,1.5471000000000001,0.18707966217630395,0.12092279889878091,1.0289,1.6922,0.6633,29,1.6922,268.0,2,28;30,1.6345;1.6241,0.06809999999999983,0.04024347003900238,False
KJ-01,kj_sv_40xx0.75-1,1542,6,6,1.4516,0.1521133130268354,0.10479010266384362,1.1411,1.5137,0.37260000000000004,31,1.5137,125.0,1,30,1.5137,0.0,0.0,False
KJ-01,kj_sv_40xx0.75-1,1543,4,4,1.984175,0.9888046499856954,0.4983454836320866,0.6192,2.7187,2.0995,28,2.7187,229.0,1,27,2.7067,0.01200000000000001,0.004413874278147648,False
KJ-01,kj_sv_40xx0.75-1,1544,3,3,1.3413666666666666,0.005493025881363778,0.004095096454882169,1.3379,1.3477,0.009799999999999809,26,1.3477,119.0,1,27,1.3379,0.009799999999999809,0.007271647992876612,False
KJ-01,kj_sv_40xx0.75-1,1545,7,6,1.5489333333333333,0.014490088566556985,0.009354882004749711,1.5275,1.5609,0.033399999999999874,28,1.5547,114.0,2,27;29,1.5558;1.5609,0.006199999999999983,0.003987907634913477,False
KJ-01,kj_sv_40xx0.75-1,1547,11,10,1.2479,0.21315563432488585,0.17081147073073633,0.8622,1.5176,0.6554000000000001,29,1.5176,82.0,2,28;30,1.3865;1.3941,0.1311,0.0863863995782815,False
KJ-01,kj_sv_40xx0.75-1,1548,8,8,1.3953125,0.07402100932457331,0.053049771520410884,1.3209,1.5088,0.18789999999999996,28,1.5043,114.0,2,27;29,1.3644;1.5088,0.1398999999999999,0.09300006647610179,False
KJ-01,kj_sv_40xx0.75-1,1550,7,6,1.4083333333333334,0.0777902735993817,0.0552356972303302,1.3559,1.5628,0.20689999999999986,29,1.5628,117.0,2,28;30,1.4012;1.3965,0.1662999999999999,0.10641156897875602,False
KJ-01,kj_sv_40xx0.75-1,1551,6,6,1.4543666666666668,0.23555687777406684,0.16196526169975486,1.006,1.6192,0.6132,28,1.6192,116.0,2,27;29,1.5555;1.6127,0.06369999999999987,0.039340415019762764,False
KJ-01,kj_sv_40xx0.75-1,1553,11,9,1.5298000000000003,0.09967918538992983,0.06515831179888208,1.3697,1.6214,0.25170000000000003,26,1.6113,137.0,1,27,1.6158,0.0044999999999999485,0.0027927760193632153,False
KJ-01,kj_sv_40xx0.75-1,1556,3,3,1.3534,0.021350175643305574,0.015775214750484393,1.3397,1.378,0.0383,28,1.378,80.0,1,27,1.3425,0.035499999999999865,0.025761973875181327,False
KJ-01,kj_sv_40xx0.75-1,1557,13,13,1.3158384615384617,0.0983161188756413,0.07471746855665803,1.0748,1.3986,0.3238000000000001,33,1.3986,97.0,2,32;34,1.3639;1.3664,0.034700000000000175,0.024810524810524936,False
KJ-01,kj_sv_40xx0.75-1,1558,7,3,1.0907666666666669,0.023492410121852766,0.021537521121400324,1.0745,1.1177,0.043199999999999905,28,1.0801,63.0,1,29,1.1177,0.037599999999999856,0.03481159151930363,False
KJ-01,kj_sv_40xx0.75-1,1561,7,6,1.2495833333333335,0.1388467128406959,0.11111440840869295,1.0703,1.3429,0.27259999999999995,30,1.3429,93.0,2,29;31,1.3381;1.0704,0.27249999999999996,0.20291905577481567,False
KJ-01,kj_sv_40xx0.75-1,1562,6,6,1.5404666666666669,0.0451228840685817,0.029291697798447456,1.5137,1.6271,0.11339999999999995,26,1.5532,120.0,1,27,1.5214,0.03179999999999983,0.020473860417203085,False
KJ-01,kj_sv_40xx0.75-1,1563,11,11,1.5404000000000002,0.10817459960637708,0.07022500623628737,1.3434,1.686,0.3426,31,1.6517,171.0,2,30;32,1.5691;1.5165,0.1352,0.08185505842465338,False
KJ-01,kj_sv_40xx0.75-1,1565,9,9,1.2342111111111111,0.1480916307936107,0.11998889773426988,0.9219,1.3531,0.4311999999999999,28,1.3531,79.0,2,27;29,1.2016;1.2292,0.15149999999999997,0.11196511713842286,False
KJ-01,kj_sv_40xx0.75-1,1566,15,11,1.1708545454545456,0.18704805459365978,0.1597534512888999,0.8264,1.3494,0.5229999999999999,38,1.3399,65.0,2,37;39,1.169;0.9198,0.42010000000000014,0.3135308605119786,False
KJ-01,kj_sv_40xx0.75-1,1567,9,9,1.2047333333333334,0.16050757770273652,0.13323079328985932,0.851,1.4192,0.5682,28,1.2405,90.0,2,27;29,1.1561;1.1582,0.08440000000000003,0.06803708182184606,False
KJ-01,kj_sv_40xx0.75-1,1568,9,9,1.5810555555555554,0.20197252976030622,0.12774537178697468,1.1704,1.8761,0.7057,29,1.6906,268.0,2,28;30,1.5464;1.8761,0.1855,0.10972435821601798,False
KJ-01,kj_sv_40xx0.75-1,1570,7,7,1.5304285714285715,0.008906311298870062,0.005819488387201571,1.5137,1.5412,0.027499999999999858,31,1.5412,132.0,2,30;32,1.533;1.5378,0.008199999999999985,0.005320529457565524,False
KJ-01,kj_sv_40xx0.75-1,1572,4,3,1.2742333333333333,0.1384383376573604,0.1086444170277765,1.1477,1.4221,0.2744,26,1.4221,129.0,0,,,,,False
KJ-01,kj_sv_40xx0.75-1,1574,5,5,1.9598600000000002,0.2231324001573954,0.11385119353290306,1.6711,2.2707,0.5996000000000001,28,1.9005,178.0,2,27;29,1.6711;2.0649,0.22940000000000005,0.12070507761115498,False
KJ-01,kj_sv_40xx0.75-1,1575,10,9,1.2834111111111113,0.15271892846373403,0.11899455064832487,1.0799,1.4936,0.41369999999999996,30,1.4936,110.0,2,29;31,1.3957;1.4204,0.0979000000000001,0.0655463310123193,False
KJ-01,kj_sv_40xx0.75-1,1576,9,9,1.2217666666666667,0.06143651194525941,0.050284979629437766,1.1694,1.3462,0.17680000000000007,31,1.3462,102.0,2,30;32,1.2018;1.2129,0.14440000000000008,0.10726489377507063,False
KJ-01,kj_sv_40xx0.75-1,1577,10,9,1.2888111111111111,0.07876543411364599,0.06111480063648788,1.1587,1.3655,0.20679999999999987,32,1.3514,86.0,2,31;33,1.3655;1.2752,0.07620000000000005,0.056385970105076254,False
KJ-01,kj_sv_40xx0.75-1,1578,9,6,1.0784333333333331,0.10566906201280801,0.0979838611684926,0.8727,1.1595,0.28679999999999994,32,1.1595,62.0,2,31;33,1.0987;0.8727,0.28679999999999994,0.24734799482535572,False
KJ-01,kj_sv_40xx0.75-1,1579,16,15,1.4355466666666667,0.049949243761852405,0.03479458029590521,1.3714,1.5256,0.15420000000000011,30,1.4606,120.0,2,29;31,1.4284;1.4372,0.032200000000000006,0.02204573462960428,False
KJ-01,kj_sv_40xx0.75-1,1581,7,6,1.4918500000000001,0.15166759377006017,0.10166410414589949,1.1833,1.5691,0.3857999999999999,32,1.5522,137.0,1,31,1.5691,0.016899999999999915,0.010887772194304804,False
KJ-01,kj_sv_40xx0.75-1,1584,17,16,1.49069375,0.15606172056273118,0.10469066537827182,1.1353,1.8231,0.6878,39,1.5179,128.0,2,38;40,1.5184;1.5137,0.0041999999999999815,0.0027669806970156015,False
KJ-01,kj_sv_40xx0.75-1,1585,9,8,1.5360375,0.027249269321789706,0.017739976609809138,1.4936,1.5602,0.06659999999999999,34,1.5007,131.0,1,33,1.4936,0.007099999999999884,0.00473112547477836,False
KJ-01,kj_sv_40xx0.75-1,1587,9,7,1.6196285714285714,0.14411443039341706,0.088979925975437,1.3399,1.8158,0.4759,31,1.7072,81.0,2,30;32,1.6264;1.6236,0.08360000000000012,0.04896907216494852,False
KJ-01,kj_sv_40xx0.75-1,1589,3,3,1.3839333333333332,0.11284193960285041,0.08153712096164345,1.2667,1.4918,0.22510000000000008,27,1.4918,148.0,1,28,1.3933,0.09850000000000003,0.06602761764311572,False
KJ-01,kj_sv_40xx0.75-1,1590,7,7,1.4252857142857143,0.16894520244319292,0.1185342705324597,1.109,1.632,0.5229999999999999,31,1.632,114.0,2,30;32,1.4515;1.5738,0.18049999999999988,0.11060049019607837,False
KJ-01,kj_sv_40xx0.75-1,1591,14,13,1.5397692307692306,0.2742010435933684,0.17807931092140628,1.1637,2.205,1.0413000000000001,41,2.205,244.0,1,40,1.99,0.21500000000000008,0.0975056689342404,False
KJ-01,kj_sv_40xx0.75-1,1592,4,4,1.5657999999999999,0.13442596475383764,0.08585129949791649,1.3647,1.6467,0.28200000000000003,28,1.6266,198.0,2,27;29,1.3647;1.6467,0.2619,0.16101069715971966,False
KJ-01,kj_sv_40xx0.75-1,1593,9,9,1.4893444444444444,0.17896081352569276,0.12016079570662969,1.0914,1.6264,0.5350000000000001,32,1.5635,135.0,2,31;33,1.6177;1.6055,0.054200000000000026,0.03466581387911739,False
KJ-01,kj_sv_40xx0.75-1,1596,3,3,1.7289999999999999,0.1332790681239932,0.07708448127472135,1.6389,1.8821,0.24320000000000008,29,1.6389,208.0,1,28,1.666,0.027099999999999902,0.01653548111538221,False
KJ-01,kj_sv_40xx0.75-1,1597,6,6,1.3865,0.017731102616588716,0.012788389914596982,1.367,1.4081,0.041099999999999914,33,1.3717,181.0,0,,,,,False
KJ-01,kj_sv_40xx0.75-1,1598,9,9,1.345511111111111,0.28339516776245693,0.21062268859930242,0.9976,1.8921,0.8944999999999999,31,1.8921,90.0,2,30;32,1.1353;1.2729,0.7567999999999999,0.39997885946831563,True
KJ-01,kj_sv_40xx0.75-1,1599,15,13,1.5496461538461541,0.0712056132546751,0.04594959505945656,1.4189,1.6914,0.27249999999999996,41,1.6128,105.0,1,40,1.6914,0.0786,0.04873511904761905,False
KJ-01,kj_sv_40xx0.75-1,1601,6,6,1.494,0.14159266930176861,0.09477420970667243,1.206,1.5584,0.35240000000000005,27,1.5569,126.0,1,28,1.557,9.999999999998899e-05,6.423020104052219e-05,False
KJ-01,kj_sv_40xx0.75-1,1606,10,9,2.153622222222222,0.5445937884739823,0.25287340688379484,1.3674,2.9449,1.5775000000000001,31,2.9449,257.0,2,30;32,2.4103;2.9134,0.5346000000000002,0.18153417773099262,False
KJ-01,kj_sv_40xx0.75-1,1609,7,7,1.6998571428571425,0.18105088471792352,0.10650947079800528,1.5162,1.8921,0.3758999999999999,31,1.8921,124.0,2,30;32,1.5883;1.8921,0.30379999999999985,0.1605623381428042,False
KJ-01,kj_sv_40xx0.75-1,1610,8,8,1.47035,0.1356315492164605,0.09224439705951679,1.1353,1.5323,0.397,28,1.5105,124.0,2,27;29,1.5299;1.5137,0.019400000000000084,0.01284342932803713,False
KJ-01,kj_sv_40xx0.75-1,1611,6,5,1.3517,0.047271608815440166,0.034971967755744744,1.2807,1.3958,0.11509999999999998,28,1.3958,71.0,2,27;29,1.3933;1.3519,0.04389999999999983,0.031451497349190304,False
KJ-01,kj_sv_40xx0.75-1,1612,3,3,1.3727333333333334,0.5056814840720721,0.3683756136701026,0.7895,1.6887,0.8992000000000001,27,1.6887,145.0,1,28,1.64,0.04870000000000019,0.028838751702493153,False
KJ-01,kj_sv_40xx0.75-1,1616,8,8,1.5843625000000001,0.12350451625634702,0.07795218345318512,1.5204,1.889,0.36860000000000004,29,1.5383,137.0,2,28;30,1.5371;1.5441,0.005800000000000027,0.0037703958915686325,False
KJ-01,kj_sv_40xx0.75-1,1617,3,3,1.3277333333333334,0.48641119778777026,0.36634705597592654,0.7662,1.6188,0.8526,29,1.6188,202.0,1,28,1.5982,0.02059999999999995,0.012725475660983414,False
KJ-01,kj_sv_40xx0.75-1,1619,8,8,1.402375,0.17105675541009357,0.12197647234876091,1.0703,1.6087,0.5384,31,1.6083,125.0,1,32,1.6087,0.00039999999999995595,0.00024870981782003105,False
KJ-01,kj_sv_40xx0.75-1,1620,3,3,1.5302666666666667,0.13030795575609852,0.08515375691999119,1.3798,1.6055,0.2257,27,1.6055,221.0,0,,,,,False
KJ-01,kj_sv_40xx0.75-1,1623,6,3,1.3967666666666665,0.20536358813902064,0.14702784154286375,1.1628,1.5472,0.38439999999999985,32,1.5472,77.0,1,33,1.1628,0.38439999999999985,0.24844881075491201,False
KJ-01,kj_sv_40xx0.75-1,1626,8,8,1.4202625000000002,0.11757237208873275,0.08278214209607923,1.2012,1.584,0.38280000000000003,33,1.584,119.0,2,32;34,1.4949;1.5245,0.08910000000000018,0.05625000000000011,False
KJ-01,kj_sv_40xx0.75-1,1627,6,6,1.8937666666666668,0.5611001574288379,0.296287904579324,1.385,2.6869,1.3019,32,2.6869,187.0,1,33,2.4991,0.1878000000000002,0.06989467415981249,False
KJ-01,kj_sv_40xx0.75-1,1629,13,13,1.491469230769231,0.15623548137675264,0.10475273519130769,1.0797,1.6055,0.5257999999999998,38,1.6055,173.0,2,37;39,1.6055;1.6055,0.0,0.0,False
KJ-01,kj_sv_40xx0.75-1,1630,7,6,1.4837666666666667,0.06541662377917914,0.04408821497934029,1.3507,1.5162,0.16549999999999998,32,1.5162,188.0,2,31;33,1.5055;1.5137,0.010699999999999932,0.007057116475398979,False
KJ-01,kj_sv_40xx0.75-1,1632,8,7,1.5615714285714286,0.037785610765903775,0.024197170923184193,1.535,1.6446,0.10960000000000014,31,1.6446,194.0,2,30;32,1.56;1.5368,0.10780000000000012,0.06554785358141804,False
KJ-01,kj_sv_40xx0.75-1,1635,8,7,1.5148857142857144,0.062294607272524755,0.04112165471300742,1.3939,1.5735,0.17959999999999998,30,1.5634,152.0,1,31,1.5735,0.010099999999999998,0.006460278879365485,False
KJ-01,kj_sv_40xx0.75-1,1636,7,7,1.5446142857142855,0.013114804430036119,0.008490666279168432,1.5242,1.5583,0.03410000000000002,30,1.5503,122.0,2,29;31,1.5355;1.5583,0.014799999999999924,0.009546539379474892,False
KJ-01,kj_sv_40xx0.75-1,1637,12,10,1.3766200000000002,0.20261450425212243,0.1471825952347942,1.0302,1.5369,0.5066999999999999,33,1.5293,68.0,2,32;34,1.5172;1.5139,0.01540000000000008,0.010069966651409194,False
KJ-01,kj_sv_40xx0.75-1,1638,7,7,1.5827571428571428,0.06475558810231122,0.04091315486683983,1.4475,1.6393,0.19179999999999997,33,1.4475,176.0,1,32,1.6306,0.18310000000000004,0.1264939550949914,False
KJ-01,kj_sv_40xx0.75-1,1639,3,3,1.3483333333333334,0.06964813948220965,0.05165498601894411,1.2702,1.4039,0.13369999999999993,29,1.4039,80.0,1,28,1.3709,0.03299999999999992,0.02350594771707381,False
KJ-01,kj_sv_40xx0.75-1,1640,7,7,1.3266285714285715,0.12242526583302042,0.09228300103712342,1.0732,1.4765,0.4033,32,1.3762,101.0,1,31,1.3379,0.0383,0.02783025723005377,False
KJ-01,kj_sv_40xx0.75-1,1641,8,8,1.5429374999999999,0.016465890067478475,0.010671780332954819,1.5173,1.5656,0.04830000000000001,32,1.5656,150.0,2,31;33,1.5386;1.5601,0.027000000000000135,0.01724578436382226,False
KJ-01,kj_sv_40xx0.75-1,1642,7,5,1.0591,0.17771768341951794,0.16780066416723438,0.765,1.2061,0.44109999999999994,31,1.1102,39.0,2,30;32,1.0329;0.765,0.34520000000000006,0.3109349666726716,False
KJ-01,kj_sv_40xx0.75-1,1650,25,18,1.1870555555555555,0.21663191123959616,0.18249517491050363,0.7754,1.556,0.7806000000000001,48,1.3957,61.0,2,47;49,1.556;1.1396,0.2561,0.18349215447445727,False
KJ-01,kj_sv_40xx0.75-1,1651,10,3,0.9979000000000001,0.1391237219168608,0.139416496559636,0.8375,1.0858,0.24830000000000008,31,0.8375,24.0,1,32,1.0858,0.24830000000000008,0.2964776119402986,False
KJ-01,kj_sv_40xx0.75-1,1653,10,8,1.5902875,0.09797361798682627,0.06160748794593825,1.4589,1.7984,0.3394999999999999,30,1.7984,133.0,2,29;31,1.5548;1.5614,0.24360000000000004,0.13545373665480429,False
KJ-01,kj_sv_40xx0.75-1,1656,9,8,1.2813375,0.39987802403625894,0.3120786085135719,0.3784,1.5137,1.1353,31,1.5137,94.0,2,30;32,1.5137;1.5137,0.0,0.0,False
KJ-01,kj_sv_40xx0.75-1,1657,5,4,1.42375,0.12063444781653367,0.08473007748307895,1.2697,1.5614,0.29169999999999985,28,1.5614,126.0,1,29,1.4525,0.1089,0.06974510055078775,False
KJ-01,kj_sv_40xx0.75-1,1658,7,7,1.4726142857142857,0.06880068867318674,0.046720101346711604,1.3347,1.5153,0.1806000000000001,32,1.5153,166.0,2,31;33,1.5137;1.5137,0.0016000000000000458,0.0010558965221408605,False
KJ-01,kj_sv_40xx0.75-1,1659,3,3,1.4115,0.21288372413127316,0.15082091684822754,1.1657,1.5369,0.3712,29,1.5319,90.0,2,28;30,1.1657;1.5369,0.3662000000000001,0.23904954631503367,False
KJ-01,kj_sv_40xx0.75-1,1661,13,13,1.365276923076923,0.1938243498370202,0.14196705925432218,0.9852,1.5604,0.5752,37,1.5604,97.0,2,36;38,1.5584;1.4172,0.1432,0.09177134068187644,False
KJ-01,kj_sv_40xx0.75-1,1663,5,5,1.39764,0.02160712845336003,0.01545972385833264,1.3725,1.4285,0.05600000000000005,32,1.4052,113.0,1,31,1.3725,0.03269999999999995,0.023270708795900905,False
KJ-01,kj_sv_40xx0.75-1,1666,8,8,1.6289875,0.08480627398455173,0.05206072728277641,1.4974,1.7732,0.27580000000000005,28,1.6345,148.0,1,29,1.6234,0.01110000000000011,0.0067910676047721686,False
KJ-01,kj_sv_40xx0.75-1,1667,3,3,1.6958666666666666,0.03544253565044874,0.020899364523812056,1.657,1.7264,0.0693999999999999,30,1.7264,245.0,1,29,1.7042,0.022199999999999998,0.012859128822984244,False
KJ-01,kj_sv_40xx0.75-1,1671,9,8,1.5019875,0.15974378984128662,0.10635493959922211,1.1373,1.704,0.5667,33,1.5365,134.0,2,32;34,1.532;1.704,0.16749999999999998,0.1090139928408721,False
KJ-01,kj_sv_40xx0.75-1,1672,4,4,1.3948,0.14087552425220407,0.10100051925165189,1.3148,1.6055,0.29069999999999996,31,1.6055,204.0,1,30,1.3395,0.266,0.16568047337278108,False
KJ-01,kj_sv_40xx0.75-1,1678,17,17,1.7817235294117646,0.47532028876512805,0.2667755580025678,1.5137,3.4106,1.8969,38,3.4106,284.0,2,37;39,2.2705;1.8118,1.5988,0.4687738227877793,True
KJ-01,kj_sv_40xx0.75-1,1679,16,14,1.5469571428571431,0.13654668806667566,0.08826791918390291,1.1581,1.6853,0.5272000000000001,29,1.5868,121.0,2,28;30,1.5283;1.5392,0.058499999999999996,0.03686664986135619,False
KJ-01,kj_sv_40xx0.75-1,1683,7,6,1.5118333333333334,0.11370754885523951,0.07521169585838794,1.3356,1.6325,0.29690000000000016,31,1.4135,129.0,2,30;32,1.5382;1.5593,0.14579999999999993,0.10314821365405018,False
KJ-01,kj_sv_40xx0.75-1,1684,7,7,1.5396,0.07284696287423381,0.047315512389084054,1.4104,1.6247,0.21429999999999993,32,1.5104,167.0,2,31;33,1.6247;1.5225,0.11430000000000007,0.07567531779661021,False
KJ-01,kj_sv_40xx0.75-1,1685,7,7,1.729285714285714,0.1360823945087611,0.07869283449494655,1.6055,1.8769,0.2714000000000001,28,1.8735,147.0,1,29,1.6309,0.24259999999999993,0.12949025887376564,False
KJ-01,kj_sv_40xx0.75-1,1686,5,5,1.45198,0.16816815096801177,0.11581988110580846,1.1527,1.5558,0.4031,29,1.5155,144.0,2,28;30,1.1527;1.5558,0.3628,0.2393929396238865,False
KJ-01,kj_sv_40xx0.75-1,1687,4,4,1.3697,0.03695835494174491,0.02698281006187115,1.3499,1.4251,0.07519999999999993,30,1.3531,119.0,0,,,,,False
KJ-01,kj_sv_40xx0.75-1,1688,6,5,1.5133599999999998,0.13380270176644415,0.08841432426286155,1.3637,1.6144,0.25070000000000014,30,1.6058,133.0,2,29;31,1.37;1.6144,0.2357999999999998,0.14684269522979188,False
KJ-01,kj_sv_40xx0.75-1,1689,3,3,1.446,0.1636899202761124,0.11320188124212476,1.3397,1.6345,0.2948000000000002,30,1.6345,137.0,1,29,1.3638,0.27070000000000016,0.16561639645151432,False
KJ-01,kj_sv_40xx0.75-1,1690,7,7,1.1885857142857144,0.19707703594086776,0.16580801331547387,0.8153,1.4182,0.6028999999999999,31,1.4182,87.0,2,30;32,1.1801;1.1526,0.26559999999999984,0.187279650260894,False
KJ-01,kj_sv_40xx0.75-1,1693,5,5,1.3371799999999998,0.3054201646912005,0.22840617171300837,1.0017,1.5767,0.575,29,1.5748,80.0,2,28;30,1.5767;1.5278,0.04699999999999993,0.029845059690119337,False
KJ-01,kj_sv_40xx0.75-1,1694,7,6,1.5981999999999996,0.2814934883793939,0.17613157826266673,1.1353,1.8948,0.7595000000000001,29,1.8948,81.0,2,28;30,1.5185;1.5801,0.3763000000000001,0.19859615790584761,False
KJ-01,kj_sv_40xx0.75-1,1695,14,14,1.4390214285714282,0.11780704679570435,0.08186608236449677,1.3451,1.6227,0.27760000000000007,40,1.615,187.0,2,39;41,1.3811;1.6227,0.2339,0.1448297213622291,False
KJ-01,kj_sv_40xx0.75-1,1696,6,5,1.3706800000000001,0.30487842167001583,0.22242859140719629,0.8539,1.5975,0.7435999999999999,32,1.5975,87.0,2,31;33,1.5237;1.5404,0.07379999999999987,0.046197183098591464,False
KJ-01,kj_sv_40xx0.75-1,1698,7,7,1.4142571428571427,0.15547956840201288,0.10993726931999538,1.1498,1.5398,0.3900000000000001,31,1.5195,128.0,2,30;32,1.5137;1.5398,0.020299999999999985,0.013359657782165175,False
KJ-01,kj_sv_40xx0.75-1,1701,8,7,1.4397142857142857,0.15153787676761904,0.10525552067606006,1.1356,1.5398,0.4042000000000001,32,1.5229,126.0,2,31;33,1.5142;1.5398,0.016900000000000137,0.011097248670300175,False
KJ-01,kj_sv_40xx0.75-1,1702,7,7,1.4298285714285712,0.14782617849223817,0.10338734408177477,1.1214,1.5592,0.43779999999999997,33,1.5137,105.0,2,32;34,1.406;1.4027,0.11099999999999999,0.0733302503798639,False
KJ-01,kj_sv_40xx0.75-1,1703,9,9,1.424111111111111,0.13284910090441376,0.09328562909727112,1.1353,1.5196,0.3843000000000001,32,1.518,142.0,2,31;33,1.5164;1.5187,0.0016000000000000458,0.0010540184453228234,False
KJ-01,kj_sv_40xx0.75-1,1705,9,8,1.35715,0.21564256802138382,0.15889368752266425,0.9335,1.5551,0.6215999999999999,32,1.4511,76.0,2,31;33,1.4856;1.5551,0.10399999999999987,0.07166976776238707,False
KJ-01,kj_sv_40xx0.75-1,1710,11,10,1.46733,0.11481918200176991,0.07825041538152284,1.1555,1.5165,0.361,36,1.5165,128.0,2,35;37,1.5137;1.5142,0.0027999999999999137,0.0018463567424991188,False
KJ-01,kj_sv_40xx0.75-1,1711,8,3,1.171,0.14732620269320731,0.12581229948181666,1.0786,1.3409,0.2623,34,1.3409,61.0,1,35,1.0786,0.2623,0.19561488552464762,False
KJ-01,kj_sv_40xx0.75-1,1720,5,5,1.4635200000000002,0.18391094855935033,0.12566343374832617,1.1353,1.5635,0.4281999999999999,29,1.5398,171.0,1,30,1.5496,0.009800000000000031,0.006364462917262002,False
KJ-01,kj_sv_40xx0.75-1,1724,3,3,1.2618666666666667,0.14508281543081983,0.11497475863600472,1.0945,1.3519,0.2574000000000001,31,1.3519,99.0,1,30,1.3392,0.012700000000000156,0.009394185960500151,False
KJ-01,kj_sv_40xx0.75-1,1725,8,8,1.5641875,0.08628500014486871,0.05516282424253404,1.3603,1.6258,0.26549999999999985,33,1.5924,118.0,2,32;34,1.6258;1.6118,0.033399999999999874,0.02097462949007779,False
KJ-01,kj_sv_40xx0.75-1,1727,3,3,1.5457999999999998,0.1240639754320326,0.08025874979430238,1.4029,1.626,0.22309999999999985,29,1.626,113.0,1,30,1.6085,0.01749999999999985,0.010762607626076169,False
KJ-01,kj_sv_40xx0.75-1,1730,9,9,1.4571444444444444,0.14074522293057679,0.09658975365632867,1.3379,1.6055,0.26759999999999984,35,1.6055,131.0,2,34;36,1.6055;1.6055,0.0,0.0,False
KJ-01,kj_sv_40xx0.75-1,1731,10,10,2.25905,0.5690518024651964,0.25189871957911353,1.5165,2.9571,1.4406,31,2.9571,234.0,2,30;32,2.9434;2.6903,0.2667999999999999,0.09022352980961074,False
KJ-01,kj_sv_40xx0.75-1,1733,3,3,1.5014666666666667,0.05601440290972786,0.03730645784770082,1.4592,1.565,0.1057999999999999,30,1.4592,144.0,2,29;31,1.565;1.4802,0.1057999999999999,0.07250548245614027,False
KJ-01,kj_sv_40xx0.75-1,1734,7,7,1.3993714285714287,0.10906485401334552,0.07793845993031755,1.3379,1.6055,0.26759999999999984,29,1.6055,121.0,1,30,1.3387,0.2667999999999999,0.1661787605107443,False
KJ-01,kj_sv_40xx0.75-1,1738,7,7,1.4779571428571427,0.15028890907341164,0.10168691954279377,1.1388,1.5564,0.41759999999999997,29,1.5299,158.0,1,30,1.5489,0.018999999999999906,0.012419112360284925,False
KJ-01,kj_sv_40xx0.75-1,1740,7,6,2.8583999999999996,0.713551307195215,0.24963311894598905,1.5601,3.4088,1.8486999999999998,29,3.347,279.0,1,30,3.149,0.19799999999999995,0.059157454436809066,False
KJ-01,kj_sv_40xx0.75-1,1743,5,5,1.4029200000000002,0.25693987039772553,0.1831464876099318,0.9433,1.5196,0.5763,33,1.5186,117.0,1,32,1.5196,0.001000000000000112,0.0006585012511524509,False
KJ-01,kj_sv_40xx0.75-1,1745,10,10,1.54687,0.1913131873830622,0.12367761181163393,1.1355,1.8921,0.7565999999999999,35,1.8921,128.0,2,34;36,1.5252;1.5137,0.37839999999999985,0.19998942973415773,False
KJ-01,kj_sv_40xx0.75-1,1746,11,10,1.61346,0.16218268300489627,0.10051856445458597,1.3673,1.7965,0.4292,37,1.3673,238.0,1,38,1.3799,0.012599999999999945,0.00921524171725294,False
KJ-01,kj_sv_40xx0.75-1,1750,5,5,1.51268,0.1008270896138533,0.06665460613867659,1.3511,1.5889,0.2378,33,1.571,168.0,1,34,1.4763,0.0947,0.0602800763844685,False
KJ-01,kj_sv_40xx0.75-1,1751,8,7,1.4754571428571428,0.1854312977640942,0.12567718327962854,1.1326,1.6112,0.4785999999999999,33,1.6078,132.0,2,32;34,1.3751;1.6112,0.2326999999999999,0.14473193183231742,False
KJ-01,kj_sv_40xx0.75-1,1752,4,4,1.35065,0.21783581737935878,0.16128221032788567,1.0831,1.6164,0.5333000000000001,32,1.6164,82.0,1,31,1.3602,0.2562,0.15850037119524868,False
KJ-01,kj_sv_40xx0.75-1,1753,20,19,1.5468315789473686,0.15944976587081366,0.10308153003917887,1.0817,1.8312,0.7494999999999998,38,1.5605,210.0,1,39,1.403,0.15749999999999997,0.10092918936238383,False
KJ-01,kj_sv_40xx0.75-1,1754,12,12,1.4256166666666665,0.25300137561010627,0.17746802596076994,0.8027,1.6103,0.8076000000000001,34,1.5279,114.0,2,33;35,1.3751;1.6055,0.15280000000000005,0.10000654493095101,False
KJ-01,kj_sv_40xx0.75-1,1755,9,9,1.3837888888888887,0.05468819444003534,0.039520619712409416,1.3379,1.5137,0.17579999999999996,30,1.5137,170.0,2,29;31,1.3761;1.3383,0.1754,0.11587500825791107,False
KJ-01,kj_sv_40xx0.75-1,1759,8,8,1.505225,0.08494971201498318,0.056436554013508396,1.369,1.5918,0.2228000000000001,32,1.5598,133.0,2,31;33,1.558;1.5323,0.02750000000000008,0.017630465444287778,False
KJ-01,kj_sv_40xx0.75-1,1760,5,5,1.5436799999999997,0.017554685984089817,0.011371972160091353,1.5218,1.5633,0.04149999999999987,30,1.531,209.0,2,29;31,1.5218;1.5633,0.032299999999999995,0.02109732201175702,False
KJ-01,kj_sv_40xx0.75-1,1765,7,7,1.357542857142857,0.4320461273874309,0.3182559763135094,0.3784,1.5558,1.1774,32,1.5558,139.0,2,31;33,1.5137;1.5137,0.042100000000000026,0.027060033423319207,False
KJ-01,kj_sv_40xx0.75-1,1766,9,9,1.5147333333333333,0.07713706955802771,0.0509245210761153,1.3852,1.5941,0.20890000000000009,33,1.5941,123.0,2,32;34,1.5591;1.548,0.04610000000000003,0.028919139326265622,False
KJ-01,kj_sv_40xx0.75-1,1769,6,6,1.3716333333333335,0.19187544571066587,0.13988829306471542,1.1353,1.5678,0.4325000000000001,33,1.5504,104.0,2,32;34,1.5678;1.1353,0.4151,0.2677373581011352,False
KJ-01,kj_sv_40xx0.75-1,1771,5,3,1.1516,0.07722195283725995,0.06705622858393535,1.067,1.2183,0.1513,29,1.2183,66.0,1,30,1.1695,0.048799999999999955,0.04005581548058767,False
KJ-01,kj_sv_40xx0.75-1,1772,7,7,1.2761285714285715,0.14097754802669485,0.11047284041989319,1.0703,1.3912,0.32089999999999996,35,1.3912,69.0,1,34,1.3448,0.0464,0.03335250143760782,False
KJ-01,kj_sv_40xx0.75-1,1773,9,9,1.4974888888888889,0.11027025261198559,0.07363677515751334,1.3654,1.6392,0.27380000000000004,34,1.6164,197.0,2,33;35,1.6291;1.6392,0.02279999999999993,0.014105419450630988,False
KJ-01,kj_sv_40xx0.75-1,1776,7,6,1.5382166666666668,0.21915794684808185,0.14247534277664514,1.2041,1.8921,0.688,32,1.8921,157.0,1,33,1.5202,0.3718999999999999,0.19655409333544735,False
KJ-01,kj_sv_40xx0.75-1,1777,16,15,1.5692933333333332,0.06625870796319816,0.04222200308622873,1.4209,1.6547,0.2338,37,1.5137,155.0,2,36;38,1.6547;1.5532,0.14100000000000001,0.09314923696901632,False
KJ-01,kj_sv_40xx0.75-1,1779,12,10,1.34464,0.08805097261119708,0.06548293417658041,1.1056,1.4441,0.3385,36,1.3667,96.0,2,35;37,1.3657;1.3642,0.0024999999999999467,0.0018292236774712421,False
KJ-01,kj_sv_40xx0.75-1,1781,8,8,1.5099624999999999,0.05208555976193679,0.03449460484080684,1.3836,1.5463,0.16270000000000007,36,1.5202,126.0,2,35;37,1.5284;1.5214,0.008199999999999985,0.005394027101697135,False
KJ-01,kj_sv_40xx0.75-1,1782,4,4,1.3611749999999998,0.19941612062886654,0.1465029262430375,1.0821,1.5368,0.4546999999999999,31,1.464,91.0,2,30;32,1.5368;1.3618,0.10220000000000007,0.06980874316939896,False
KJ-01,kj_sv_40xx0.75-1,1783,10,10,1.33836,0.12593714658070065,0.09409811006059704,1.0712,1.6055,0.5343,31,1.3382,123.0,2,30;32,1.0712;1.3389,0.2670000000000001,0.19952174562845623,False
KJ-01,kj_sv_40xx0.75-1,1786,4,4,1.635925,0.08041742659399143,0.049157159768321544,1.5696,1.7517,0.18209999999999993,30,1.7517,157.0,1,31,1.5975,0.15420000000000011,0.08802877205000863,False
KJ-01,kj_sv_40xx0.75-1,1787,7,7,1.5925571428571428,0.04878315478191416,0.030631965076238495,1.4865,1.6312,0.14470000000000005,35,1.6312,132.0,2,34;36,1.624;1.6105,0.02069999999999994,0.012690044139283926,False
KJ-01,kj_sv_40xx0.75-1,1788,4,4,1.447975,0.2070770287437342,0.14301146687182736,1.2132,1.7154,0.5022,33,1.7154,108.0,1,32,1.4588,0.25659999999999994,0.14958610236679487,False
KJ-01,kj_sv_40xx0.75-1,1789,10,9,1.5447,0.10788498505352818,0.0698420308496978,1.383,1.6489,0.2659,36,1.6189,128.0,2,35;37,1.6087;1.5864,0.03249999999999997,0.020075359812218155,False
KJ-01,kj_sv_40xx0.75-1,1790,10,10,1.58185,0.06806128365916514,0.04302638281705923,1.4058,1.6386,0.23280000000000012,36,1.6087,115.0,2,35;37,1.6001;1.6222,0.013500000000000068,0.008391869211164336,False
KJ-01,kj_sv_40xx0.75-1,1791,9,9,1.5856555555555556,0.17898759112792642,0.11287923818058691,1.1546,1.6921,0.5374999999999999,36,1.6918,188.0,2,35;37,1.6811;1.6912,0.010699999999999932,0.0063246246601252705,False
KJ-01,kj_sv_40xx0.75-1,1794,10,9,1.6850666666666667,0.14479034843524619,0.08592559054156879,1.5143,1.8921,0.3777999999999999,34,1.5224,134.0,2,33;35,1.7496;1.5143,0.22720000000000007,0.14923804519180248,False
KJ-01,kj_sv_40xx0.75-1,1795,8,8,1.449875,0.1889783415405812,0.1303411270216958,1.0832,1.6207,0.5375000000000001,36,1.6207,151.0,1,35,1.5767,0.04400000000000004,0.02714876288023696,False
KJ-01,kj_sv_40xx0.75-1,1798,8,8,1.5751499999999998,0.11264326750536723,0.0715127241884057,1.3173,1.6672,0.3499000000000001,34,1.6672,134.0,2,33;35,1.6432;1.6459,0.02400000000000002,0.014395393474088304,False
KJ-01,kj_sv_40xx0.75-1,1800,10,10,1.6621000000000001,0.07917812548649757,0.04763740177275589,1.5469,1.7611,0.21420000000000017,35,1.7608,186.0,2,34;36,1.6996;1.7611,0.06119999999999992,0.03475692866878687,False
KJ-01,kj_sv_40xx0.75-1,1803,7,7,1.586857142857143,0.054142523557208284,0.03411934325715322,1.4671,1.6237,0.15659999999999985,36,1.4671,221.0,1,35,1.6062,0.1391,0.09481289618976212,False
KJ-01,kj_sv_40xx0.75-1,1806,8,7,1.5482857142857145,0.016471331515841757,0.010638431501281813,1.5178,1.5638,0.04600000000000004,36,1.5638,203.0,2,35;37,1.5619;1.5625,0.0019000000000000128,0.001214989129044643,False
KJ-01,kj_sv_40xx0.75-1,1808,5,5,1.52864,0.028311269840824833,0.01852056065576253,1.4914,1.5566,0.06519999999999992,31,1.5446,127.0,2,30;32,1.5448;1.5058,0.038799999999999946,0.02511977210928392,False
KJ-01,kj_sv_40xx0.75-1,1809,5,5,1.6243599999999998,0.15350688258185688,0.09450299353705884,1.5141,1.8921,0.3779999999999999,31,1.6014,132.0,2,30;32,1.5366;1.5141,0.08729999999999993,0.054514799550393366,False
KJ-01,kj_sv_40xx0.75-1,1810,4,3,1.7590333333333332,0.17993877662508814,0.10229412553775075,1.5554,1.8966,0.34120000000000017,31,1.5554,91.0,2,30;32,1.8966;1.8251,0.34120000000000017,0.2193647936222195,False
KJ-01,kj_sv_40xx0.75-1,1811,6,5,1.89494,0.19165232323141823,0.10113899291345278,1.5935,2.1014,0.5079,33,1.9139,239.0,2,32;34,1.8616;2.0043,0.09040000000000026,0.047233397774178516,False
KJ-01,kj_sv_40xx0.75-1,1812,14,12,1.4913083333333335,0.15130364688468706,0.10145698478496201,1.1353,1.6338,0.49849999999999994,39,1.5904,103.0,2,38;40,1.6338;1.6262,0.04339999999999988,0.027288732394366123,False
KJ-01,kj_sv_40xx0.75-1,1813,11,11,1.5321454545454545,0.14328963230908487,0.09352221219204998,1.168,1.6874,0.5194000000000001,34,1.5541,117.0,2,33;35,1.168;1.5918,0.3861000000000001,0.248439611350621,False
KJ-01,kj_sv_40xx0.75-1,1814,7,7,1.5335142857142858,0.23831520743594625,0.15540462169541702,1.1621,1.8931,0.7310000000000001,33,1.4868,128.0,1,34,1.5849,0.09810000000000008,0.06598062953995162,False
KJ-01,kj_sv_40xx0.75-1,1816,8,8,1.4926375,0.06376526007833064,0.04271985668210174,1.3349,1.5195,0.1846000000000001,30,1.5158,140.0,1,31,1.5195,0.0037000000000000366,0.0024409552711439743,False
KJ-01,kj_sv_40xx0.75-1,1818,9,8,1.5964375,0.10969044674511474,0.06870951524573606,1.338,1.7115,0.37349999999999994,38,1.6277,190.0,1,37,1.6355,0.007800000000000029,0.004792037844811715,False
KJ-01,kj_sv_40xx0.75-1,1820,8,8,1.3392125000000001,0.0027761419786664953,0.0020729659995456246,1.3379,1.3459,0.008000000000000007,32,1.3382,116.0,2,31;33,1.3398;1.338,0.0016000000000000458,0.0011956359288596964,False
KJ-01,kj_sv_40xx0.75-1,1821,13,12,1.4647750000000002,0.1225187787090764,0.08364341192952937,1.338,1.6358,0.29779999999999984,36,1.4827,196.0,2,35;37,1.3477;1.5313,0.135,0.09105011128346936,False
KJ-01,kj_sv_40xx0.75-1,1823,10,10,1.2566799999999998,0.12347676164633838,0.09825632750289524,1.0779,1.3475,0.26959999999999984,37,1.3406,108.0,2,36;38,1.3398;1.3379,0.0026999999999999247,0.0020140235715350773,False
KJ-01,kj_sv_40xx0.75-1,1824,6,6,1.3032333333333335,0.0872384242559818,0.06693998843081192,1.1252,1.3426,0.21740000000000004,34,1.3379,146.0,1,33,1.3379,0.0,0.0,False
KJ-01,kj_sv_40xx0.75-1,1825,9,8,1.44085,0.06368247123704567,0.04419784935076217,1.3658,1.5516,0.1858000000000002,35,1.4957,108.0,2,34;36,1.4508;1.3814,0.11430000000000007,0.07641906799491881,False
KJ-01,kj_sv_40xx0.75-1,1827,24,22,2.3166045454545454,1.1166018254709336,0.48199932425317893,1.3473,5.4032,4.0559,51,5.4032,320.0,2,50;52,4.8953;2.9733,2.4299,0.44971498371335505,True
KJ-01,kj_sv_40xx0.75-1,1828,5,5,1.3244399999999998,0.2385444465922441,0.18010966641919915,0.9682,1.5651,0.5969,32,1.3872,81.0,2,31;33,1.4877;1.5651,0.17789999999999995,0.12824394463667815,False
KJ-01,kj_sv_40xx0.75-1,1829,8,8,2.2731375,1.0123378091434838,0.44534825066388806,1.5486,3.9044,2.3558,35,3.9044,434.0,2,34;36,3.8758;1.8921,2.0122999999999998,0.5153928900727384,True
KJ-01,kj_sv_40xx0.75-1,1830,11,11,1.3816,0.3484180936748263,0.25218449165809664,0.5174,1.5796,1.0621999999999998,33,1.5603,110.0,2,32;34,1.5648;1.5711,0.01079999999999992,0.006921745818111851,False
KJ-01,kj_sv_40xx0.75-1,1831,9,8,1.4136125,0.1025726980870502,0.07256068978383412,1.2826,1.5923,0.3097000000000001,35,1.5923,129.0,2,34;36,1.4791;1.4214,0.17090000000000005,0.10732902091314454,False
KJ-01,kj_sv_40xx0.75-1,1832,6,6,1.5927833333333334,0.17490560215918377,0.10981129604937924,1.4372,1.8771,0.43989999999999996,33,1.8771,219.0,2,32;34,1.6376;1.689,0.23950000000000005,0.12759043204943799,False
KJ-01,kj_sv_40xx0.75-1,1835,8,7,1.4306857142857143,0.14544048529176729,0.10165788603290839,1.1714,1.5155,0.3441000000000001,34,1.5155,77.0,2,33;35,1.5139;1.5137,0.0018000000000000238,0.0011877268228307645,False
KJ-01,kj_sv_40xx0.75-1,1836,9,9,1.517511111111111,0.03328075436511486,0.021931143779729507,1.4378,1.5499,0.11210000000000009,36,1.5499,206.0,2,35;37,1.5471;1.5173,0.03259999999999996,0.021033615071940102,False
KJ-01,kj_sv_40xx0.75-1,1837,4,4,1.51695,0.0032888701200665333,0.0021680807673730403,1.5138,1.5204,0.006599999999999939,30,1.5191,145.0,1,31,1.5204,0.0013000000000000789,0.0008557698637351583,False
KJ-01,kj_sv_40xx0.75-1,1838,6,3,1.4376333333333333,0.15670099978408983,0.10899928107590473,1.2572,1.5396,0.2824,31,1.5396,106.0,1,32,1.2572,0.2824,0.18342426604312806,False
KJ-01,kj_sv_40xx0.75-1,1844,8,7,1.5342285714285713,0.1748172351751557,0.11394471360442568,1.2111,1.6671,0.45599999999999996,36,1.6516,228.0,1,35,1.6051,0.046499999999999986,0.028154516832162742,False
KJ-01,kj_sv_40xx0.75-1,1845,10,7,1.4974857142857143,0.06849370843543298,0.04573913980081192,1.3518,1.56,0.20820000000000016,36,1.56,132.0,2,35;37,1.5078;1.5053,0.05469999999999997,0.03506410256410254,False
KJ-01,kj_sv_40xx0.75-1,1849,11,6,0.7770166666666666,0.20737666615766265,0.2668883114789421,0.5429,1.0828,0.5398999999999999,38,1.0828,35.0,1,39,0.5429,0.5398999999999999,0.49861470262282964,True
KJ-01,kj_sv_40xx0.75-1,1850,7,6,1.2783,0.14313055578736503,0.11196945614281861,0.9862,1.3391,0.3529,35,1.3391,75.0,2,34;36,1.3379;1.3379,0.0011999999999998678,0.0008961242625643102,False
KJ-01,kj_sv_40xx0.75-1,1853,8,8,1.5343999999999998,0.2022573537423476,0.13181527225126932,1.1418,1.751,0.6092,33,1.7383,206.0,2,32;34,1.751;1.6336,0.10470000000000002,0.06023126042685383,False
KJ-01,kj_sv_40xx0.75-1,1855,4,3,1.0866333333333331,0.011154520757671897,0.010265211286547346,1.0753,1.0976,0.022299999999999986,32,1.087,47.0,2,31;33,1.0976;1.0753,0.011700000000000044,0.010763569457221752,False
KJ-01,kj_sv_40xx0.75-1,1856,10,10,1.4448400000000001,0.1752176880974698,0.12127134360722971,1.108,1.6847,0.5767,36,1.6078,114.0,2,35;37,1.5454;1.6847,0.07690000000000019,0.047829332006468585,False
KJ-01,kj_sv_40xx0.75-1,1857,11,11,1.4938454545454547,0.19067735242359735,0.12764195375325246,1.0009,1.6248,0.6239000000000001,36,1.5998,163.0,2,35;37,1.6112;1.6062,0.011399999999999855,0.007125890736341951,False
KJ-01,kj_sv_40xx0.75-1,1858,12,8,1.3649874999999998,0.28619368784843197,0.20966762541666645,0.8393,1.6133,0.7739999999999999,31,1.6133,95.0,1,32,1.5141,0.09919999999999995,0.061488873737060655,False
KJ-01,kj_sv_40xx0.75-1,1860,7,7,1.5266000000000002,0.10386788082302763,0.06803870091905385,1.3391,1.6405,0.3014000000000001,38,1.5557,163.0,1,37,1.5579,0.0021999999999999797,0.0014141543999485631,False
KJ-01,kj_sv_40xx0.75-1,1861,3,3,1.4353666666666667,0.101511690623954,0.07072178348664963,1.3495,1.5474,0.1979000000000002,31,1.4092,93.0,1,32,1.5474,0.1382000000000001,0.09806982685211475,False
KJ-01,kj_sv_40xx0.75-1,1862,9,8,1.6977,0.18197074333137025,0.107186630930889,1.5446,1.999,0.45440000000000014,34,1.8211,296.0,2,33;35,1.9012;1.5577,0.26339999999999986,0.14463785624073355,False
KJ-01,kj_sv_40xx0.75-1,1865,6,6,1.6943000000000001,0.19736138426754107,0.11648550095469577,1.5347,2.0745,0.5398000000000001,31,1.6594,146.0,1,32,1.6607,0.0013000000000000789,0.0007834156924189942,False
KJ-01,kj_sv_40xx0.75-1,1867,8,8,1.5901125,0.12682980088629464,0.07976152686447949,1.5137,1.8399,0.32620000000000005,35,1.8399,128.0,2,34;36,1.741;1.5414,0.2985,0.16223707810207075,False
KJ-01,kj_sv_40xx0.75-1,1868,9,8,1.4293125,0.1129181048054613,0.07900169123649398,1.3488,1.6063,0.25750000000000006,33,1.6056,119.0,2,32;34,1.4354;1.3488,0.2567999999999999,0.15994020926756347,False
KJ-01,kj_sv_40xx0.75-1,1869,4,4,1.4971999999999999,0.21677778176433732,0.14478879359092794,1.1733,1.6322,0.4589000000000001,34,1.6322,108.0,1,33,1.5916,0.04060000000000019,0.024874402646734586,False
KJ-01,kj_sv_40xx0.75-1,1870,6,6,1.5611166666666667,0.061889592555345374,0.039644437777666866,1.4448,1.6148,0.16999999999999993,35,1.6148,249.0,2,34;36,1.5974;1.5689,0.04590000000000005,0.02842457270250189,False
KJ-01,kj_sv_40xx0.75-1,1871,8,7,1.4468999999999999,0.1333488532634108,0.09216176187947393,1.3379,1.6495,0.3115999999999999,35,1.4799,125.0,2,34;36,1.3524;1.6063,0.12749999999999995,0.0861544698966146,False
KJ-01,kj_sv_40xx0.75-1,1875,8,8,1.674925,0.15607973008324022,0.09318610091988609,1.5168,1.8921,0.37529999999999997,36,1.7313,168.0,2,35;37,1.6252;1.6925,0.10610000000000008,0.06128342863744012,False
KJ-01,kj_sv_40xx0.75-1,1881,6,4,1.5998999999999999,0.10178254598243588,0.06361806736823294,1.4783,1.7074,0.22910000000000008,33,1.7074,138.0,1,34,1.6551,0.05230000000000001,0.030631369333489523,False
KJ-01,kj_sv_40xx0.75-1,1882,7,7,1.4764428571428572,0.07569409614016269,0.051267880618585095,1.4018,1.6247,0.2229000000000001,33,1.4896,112.0,2,32;34,1.6247;1.4964,0.1351,0.09069548872180451,False
KJ-01,kj_sv_40xx0.75-1,1885,8,8,1.6018625000000002,0.060849203246339106,0.037986533330007476,1.5137,1.7174,0.2037,35,1.6114,141.0,2,34;36,1.5955;1.6001,0.015900000000000025,0.009867196226883472,False
KJ-01,kj_sv_40xx0.75-1,1889,7,7,1.7121714285714287,0.24396810388713874,0.14249046550829114,1.3615,2.1105,0.7490000000000001,37,1.6554,200.0,1,36,1.6606,0.0052000000000000934,0.003141234746889026,False
KJ-01,kj_sv_40xx0.75-1,1891,6,6,1.6248666666666667,0.1375505385909727,0.08465343120931319,1.3474,1.7094,0.3620000000000001,33,1.6888,157.0,1,34,1.7094,0.02059999999999995,0.012198010421601107,False
KJ-01,kj_sv_40xx0.75-1,1897,3,3,1.6751333333333334,0.10344565400892078,0.06175368369219611,1.6055,1.794,0.1885000000000001,33,1.6055,186.0,1,32,1.794,0.1885000000000001,0.11740890688259117,False
KJ-01,kj_sv_40xx0.75-1,1900,12,11,1.4682272727272727,0.11320628154752799,0.07710405851353258,1.2113,1.5865,0.3752,35,1.4063,103.0,2,34;36,1.515;1.4741,0.1086999999999998,0.07729502951006172,False
KJ-01,kj_sv_40xx0.75-1,1902,29,26,1.3488538461538462,0.21369428673835755,0.15842656885895423,0.8086,1.621,0.8124,42,1.6204,90.0,2,41;43,1.6205;1.6152,0.0052000000000000934,0.0032090841767465398,False
KJ-01,kj_sv_40xx0.75-1,1903,9,7,1.225742857142857,0.2065700838064639,0.16852644304855918,0.8531,1.5072,0.6541000000000001,35,1.5072,66.0,2,34;36,1.2526;1.1528,0.35440000000000005,0.23513800424628453,False
KJ-01,kj_sv_40xx0.75-1,1904,10,10,1.51329,0.17915893285633913,0.11839035006927894,1.1072,1.794,0.6868000000000001,35,1.5691,106.0,2,34;36,1.5295;1.5448,0.03959999999999986,0.025237397234083143,False
KJ-01,kj_sv_40xx0.75-1,1906,7,7,1.5682714285714285,0.14279824595427995,0.09105454792628459,1.5137,1.8921,0.37839999999999985,34,1.8921,142.0,2,33;35,1.5137;1.5163,0.37839999999999985,0.19998942973415773,False
KJ-01,kj_sv_40xx0.75-1,1907,4,3,0.9736333333333334,0.15447026682612197,0.15865342890149128,0.8842,1.152,0.2677999999999999,32,1.152,41.0,2,31;33,0.8842;0.8847,0.2677999999999999,0.23246527777777773,False
KJ-01,kj_sv_40xx0.75-1,1911,10,9,1.4023777777777777,0.19086444651753362,0.13610059253789616,1.1456,1.5563,0.41070000000000007,36,1.5563,112.0,2,35;37,1.5231;1.5137,0.04259999999999997,0.027372614534472768,False
KJ-01,kj_sv_40xx0.75-1,1913,8,8,1.326525,0.07105820049187041,0.053567177770392875,1.1987,1.3998,0.20109999999999983,36,1.3911,156.0,2,35;37,1.3585;1.3051,0.08600000000000008,0.0618215800445691,False
KJ-01,kj_sv_40xx0.75-1,1914,8,7,1.3501999999999998,0.08358556494196032,0.0619060620218933,1.1713,1.4279,0.25659999999999994,34,1.3504,104.0,2,33;35,1.4015;1.371,0.05109999999999992,0.037840639810426485,False
KJ-01,kj_sv_40xx0.75-1,1918,5,3,1.3523666666666667,0.013317782598215555,0.009847760172203462,1.338,1.3643,0.02629999999999999,34,1.338,60.0,2,33;35,1.3643;1.3548,0.02629999999999999,0.019656203288490274,False
KJ-01,kj_sv_40xx0.75-1,1920,12,9,1.594833333333333,0.2263309855057411,0.1419151335598753,1.1855,1.8921,0.7065999999999999,41,1.8921,179.0,1,40,1.8921,0.0,0.0,False
KJ-01,kj_sv_40xx0.75-1,1922,8,7,1.0533000000000001,0.11380634135817447,0.10804741418226,0.8027,1.1541,0.35139999999999993,34,1.0824,58.0,1,35,1.1541,0.07169999999999987,0.06624168514412405,False
KJ-01,kj_sv_40xx0.75-1,1924,9,9,1.3936000000000002,0.1734274416002266,0.12444563834689049,0.9541,1.5194,0.5653000000000001,37,1.5072,114.0,2,36;38,1.5153;1.4036,0.10360000000000014,0.06873673036093426,False
KJ-01,kj_sv_40xx0.75-1,1930,6,6,1.4489833333333333,0.11337012687064735,0.078241153133103,1.3487,1.6301,0.2814000000000001,32,1.3507,140.0,1,33,1.5237,0.17300000000000004,0.12808173539646112,False
KJ-01,kj_sv_40xx0.75-1,1932,3,3,1.6400666666666668,0.03192887929967691,0.019468037457629917,1.6036,1.663,0.05940000000000012,33,1.6536,163.0,2,32;34,1.6036;1.663,0.050000000000000044,0.030237058538945358,False
KJ-01,kj_sv_40xx0.75-1,1939,7,7,1.5185142857142857,0.10225747615001765,0.0673404768806092,1.3897,1.6086,0.2189000000000001,34,1.6086,123.0,2,33;35,1.6072;1.3994,0.20920000000000005,0.13005097600397864,False
KJ-01,kj_sv_40xx0.75-1,1940,7,6,1.3500333333333334,0.0072549753043457356,0.0053739230915377904,1.3364,1.357,0.02059999999999995,34,1.3516,117.0,2,33;35,1.357;1.3527,0.005400000000000071,0.003995264871263741,False
KJ-01,kj_sv_40xx0.75-1,1943,7,7,1.5004857142857144,0.11036601875232294,0.07355352850184325,1.2522,1.5623,0.31010000000000004,37,1.5358,146.0,2,36;38,1.5433;1.5623,0.026499999999999968,0.017254850892043212,False
KJ-01,kj_sv_40xx0.75-1,1944,8,7,1.6351857142857145,0.10517571691493922,0.06432034966797781,1.5398,1.7693,0.22950000000000004,32,1.7693,154.0,1,33,1.7571,0.012199999999999989,0.006895382354603509,False
KJ-01,kj_sv_40xx0.75-1,1945,8,8,1.593175,0.08352761305614537,0.052428398045503706,1.5349,1.7939,0.2590000000000001,38,1.7939,135.0,2,37;39,1.5862;1.5876,0.2077,0.11578125871007303,False
KJ-01,kj_sv_40xx0.75-1,1948,8,8,1.5913875,0.0877647738885841,0.05514984495516278,1.5224,1.7753,0.2529000000000001,34,1.6737,126.0,2,33;35,1.5675;1.5552,0.11850000000000005,0.07080121885642592,False
KJ-01,kj_sv_40xx0.75-1,1949,13,13,1.6004461538461543,0.11620380526890832,0.07260713207354717,1.4161,1.8086,0.39250000000000007,39,1.7603,152.0,2,38;40,1.7573;1.4161,0.34420000000000006,0.1955348520138613,False
KJ-01,kj_sv_40xx0.75-1,1951,7,7,1.5377857142857143,0.017467725340508104,0.011359011322732754,1.5151,1.5569,0.04180000000000006,36,1.5462,123.0,2,35;37,1.5569;1.5192,0.026999999999999913,0.017462165308498197,False
KJ-01,kj_sv_40xx0.75-1,1952,7,7,1.8355142857142859,0.7739658959510024,0.4216616029495055,1.3653,3.5479,2.1826,37,3.5479,308.0,1,36,1.8839,1.664,0.46900983680487046,True
KJ-01,kj_sv_40xx0.75-1,1953,4,4,1.3277249999999998,0.3134283583744989,0.2360642138805091,0.8839,1.6055,0.7215999999999999,32,1.469,171.0,0,,,,,False
KJ-01,kj_sv_40xx0.75-1,1954,6,5,1.28726,0.11362619856353552,0.08826981228620133,1.084,1.3386,0.25459999999999994,32,1.3379,110.0,1,33,1.3379,0.0,0.0,False
KJ-01,kj_sv_40xx0.75-1,1955,8,8,1.2705250000000001,0.15357695837220228,0.12087677013219124,0.9496,1.3559,0.4063000000000001,36,1.3559,117.0,2,35;37,1.35;1.3491,0.006800000000000139,0.005015119109078943,False
KJ-01,kj_sv_40xx0.75-1,1957,4,4,1.365925,0.11949475232550316,0.08748265997437865,1.2006,1.4655,0.26490000000000014,35,1.4402,141.0,1,34,1.3574,0.08279999999999998,0.05749201499791695,False
KJ-01,kj_sv_40xx0.75-1,1959,10,9,1.4331111111111112,0.11957526337462573,0.08343753840685622,1.155,1.5397,0.38470000000000004,37,1.4738,125.0,2,36;38,1.5397;1.5208,0.06590000000000007,0.044714343872981455,False
KJ-01,kj_sv_40xx0.75-1,1961,10,10,1.6055500000000003,0.06521881545143922,0.04062085606268208,1.5137,1.7082,0.1944999999999999,38,1.7082,155.0,2,37;39,1.649;1.6012,0.10699999999999998,0.06263903524177496,False
KJ-01,kj_sv_40xx0.75-1,1965,9,9,1.5791,0.17865927068025325,0.11313993457048525,1.1656,1.7789,0.6133,35,1.6447,134.0,2,34;36,1.5073;1.563,0.13739999999999997,0.08354107131999755,False
KJ-01,kj_sv_40xx0.75-1,1967,4,3,1.4136666666666666,0.21077581297040063,0.14909866515237016,1.1865,1.6029,0.4163999999999999,32,1.6029,92.0,1,33,1.4516,0.1513,0.09439141555929877,False
KJ-01,kj_sv_40xx0.75-1,1968,5,5,1.3558999999999999,0.16223891333462506,0.11965404036774473,1.0919,1.5362,0.4442999999999999,32,1.3721,148.0,1,33,1.4061,0.03399999999999981,0.02477953501931332,False
KJ-01,kj_sv_40xx0.75-1,1970,5,5,1.56784,0.012850214006000067,0.00819612588401882,1.5603,1.5906,0.030299999999999994,36,1.5906,131.0,1,35,1.5633,0.027300000000000102,0.017163334590720548,False
KJ-01,kj_sv_40xx0.75-1,1971,3,3,1.3492666666666666,0.20871541230425064,0.15468803718384108,1.1376,1.5549,0.4173,32,1.5549,91.0,1,33,1.3553,0.1996,0.12836838381889512,False
KJ-01,kj_sv_40xx0.75-1,1972,14,12,1.2880833333333332,0.242052210120549,0.18791657640205656,0.6745,1.5234,0.8489000000000001,38,1.5234,97.0,2,37;39,1.4937;1.4799,0.043500000000000094,0.02855454903505323,False
KJ-01,kj_sv_40xx0.75-1,1973,13,11,1.4981363636363638,0.06900156915211815,0.04605827001263992,1.3104,1.5351,0.2246999999999999,37,1.5272,162.0,2,36;38,1.5333;1.5351,0.007900000000000018,0.005172865374541657,False
KJ-01,kj_sv_40xx0.75-1,1975,5,4,1.5206,0.007880355321938225,0.00518239860708814,1.5139,1.532,0.018100000000000005,36,1.532,120.0,1,35,1.5178,0.01419999999999999,0.009268929503916442,False
KJ-01,kj_sv_40xx0.75-1,1980,9,8,1.30445,0.09461088732276009,0.07252933214976433,1.0703,1.3379,0.26760000000000006,38,1.3379,114.0,2,37;39,1.3379;1.3379,0.0,0.0,False
KJ-01,kj_sv_40xx0.75-1,1982,8,7,1.2563857142857144,0.20959246510447704,0.16682175125147408,0.8095,1.4301,0.6205999999999999,38,1.4301,84.0,2,37;39,1.365;1.3513,0.07879999999999998,0.05510104188518285,False
KJ-01,kj_sv_40xx0.75-1,1984,6,6,1.4707666666666668,0.07902426631526965,0.053729981856584764,1.3845,1.5761,0.1916,38,1.5761,220.0,1,37,1.5554,0.020700000000000163,0.013133684410887737,False
KJ-01,kj_sv_40xx0.75-1,1986,9,9,1.4912666666666667,0.10740435279819899,0.07202223130104093,1.3379,1.6118,0.2738999999999998,37,1.5466,131.0,2,36;38,1.4859;1.5698,0.060699999999999976,0.039247381352644495,False
KJ-01,kj_sv_40xx0.75-1,1988,9,9,1.2969333333333335,0.21819985105402798,0.168242920006704,0.8328,1.6055,0.7726999999999999,36,1.3667,113.0,2,35;37,1.3623;1.3652,0.0043999999999999595,0.003219433672349425,False
KJ-01,kj_sv_40xx0.75-1,1989,9,9,1.4549555555555558,0.28899823144403114,0.19863028141342842,0.7935,1.7531,0.9596000000000001,36,1.7531,130.0,2,35;37,1.5836;1.5512,0.2019000000000002,0.1151674177171868,False
KJ-01,kj_sv_40xx0.75-1,1991,4,4,1.50655,0.27539050455671127,0.18279546285002904,1.1088,1.692,0.5831999999999999,36,1.692,114.0,1,35,1.534,0.15799999999999992,0.09338061465721036,False
KJ-01,kj_sv_40xx0.75-1,1995,6,6,1.5406333333333333,0.09288256384632512,0.06028855915077682,1.4115,1.6236,0.21209999999999996,34,1.6188,136.0,2,33;35,1.4115;1.5336,0.20730000000000004,0.1280578206078577,False
KJ-01,kj_sv_40xx0.75-1,2001,7,7,2.7797285714285715,0.9067950829051471,0.32621713221414367,1.688,3.7953,2.1073000000000004,36,3.7953,267.0,2,35;37,3.7721;2.7012,1.0941,0.28827760651331913,True
KJ-01,kj_sv_40xx0.75-1,2002,9,9,1.235611111111111,0.1258240879605774,0.10183146366127392,1.0703,1.3397,0.26939999999999986,36,1.3379,104.0,2,35;37,1.3379;1.3379,0.0,0.0,False
KJ-01,kj_sv_40xx0.75-1,2003,5,5,1.5276,0.009104119946485736,0.005959753827236015,1.5167,1.5393,0.022599999999999953,37,1.5344,111.0,1,36,1.5232,0.011199999999999877,0.007299270072992621,False
KJ-01,kj_sv_40xx0.75-1,2005,11,11,1.5124727272727272,0.3097795380295771,0.2048166108675347,0.6034,1.6906,1.0872000000000002,38,1.6273,183.0,2,37;39,1.5779;1.6906,0.06330000000000013,0.03889878940576423,False
KJ-01,kj_sv_40xx0.75-1,2008,7,7,1.5606857142857145,0.058195831138533965,0.037288629354289116,1.4803,1.6741,0.19379999999999997,37,1.6741,138.0,2,36;38,1.5441;1.5775,0.1299999999999999,0.0776536646556358,False
KJ-01,kj_sv_40xx0.75-1,2009,3,3,1.5792666666666666,0.03750697712870668,0.02374961614802652,1.5374,1.6098,0.0723999999999998,35,1.6098,124.0,1,34,1.5906,0.019199999999999884,0.01192694744688774,False
KJ-01,kj_sv_40xx0.75-1,2010,14,4,0.8896,0.14749562705382147,0.16579994048316263,0.7446,1.0788,0.33419999999999994,40,1.0788,33.0,0,,,,,False
KJ-01,kj_sv_40xx0.75-1,2011,8,8,1.4889875000000001,0.1294443889144237,0.08693450342224074,1.1716,1.5616,0.3900000000000001,37,1.5347,127.0,2,36;38,1.5265;1.5574,0.022699999999999942,0.014791164396950506,False
KJ-01,kj_sv_40xx0.75-1,2012,10,9,1.4016,0.11659830616265399,0.08318943076673373,1.3382,1.6088,0.27059999999999995,38,1.6055,118.0,2,37;39,1.3459;1.3387,0.2667999999999999,0.1661787605107443,False
KJ-01,kj_sv_40xx0.75-1,2013,8,8,1.4767375,0.10299128863993443,0.06974244822789048,1.3533,1.6124,0.2591000000000001,37,1.5582,110.0,2,36;38,1.5035;1.5754,0.05469999999999997,0.035104607880888185,False
KJ-01,kj_sv_40xx0.75-1,2016,8,8,1.6191375,0.11793768254585008,0.07283981906777533,1.5224,1.8042,0.28180000000000005,37,1.5396,163.0,2,36;38,1.5379;1.5392,0.0017000000000000348,0.0011041829046505812,False
KJ-01,kj_sv_40xx0.75-1,2020,7,7,1.4227142857142858,0.29176449651829034,0.20507595899468142,0.7614,1.5422,0.7808,35,1.5366,144.0,2,34;36,1.5399;1.5422,0.005600000000000049,0.0036444097357803264,False
KJ-01,kj_sv_40xx0.75-1,2023,8,6,0.9524333333333334,0.1456163406581372,0.1528887488098595,0.8363,1.1937,0.35739999999999994,37,1.063,37.0,2,36;38,0.8363;0.8417,0.2266999999999999,0.21326434619002815,False
KJ-01,kj_sv_40xx0.75-1,2024,8,8,1.484725,0.17110728255354046,0.11524510098068023,1.1422,1.708,0.5657999999999999,35,1.514,129.0,2,34;36,1.5137;1.5349,0.02089999999999992,0.013804491413474186,False
KJ-01,kj_sv_40xx0.75-1,2029,5,4,1.1338499999999998,0.21957160563242234,0.19365136978649944,0.9251,1.3587,0.4336,36,1.3587,47.0,2,35;37,0.9671;1.2845,0.39160000000000006,0.2882166777066314,False
KJ-01,kj_sv_40xx0.75-1,2031,9,9,1.4990666666666668,0.12606976243334486,0.08409883645380116,1.1661,1.5619,0.39580000000000015,34,1.5499,141.0,1,35,1.5619,0.01200000000000001,0.007742434995806188,False
KJ-01,kj_sv_40xx0.75-1,2032,18,11,1.3676818181818182,0.14492527604377242,0.10596417537847695,1.1353,1.5747,0.4394,42,1.4222,91.0,2,41;43,1.4179;1.5747,0.15250000000000008,0.1072282379412179,False
KJ-01,kj_sv_40xx0.75-1,2033,4,3,1.2650666666666666,0.23245124936926737,0.18374624475859036,1.1159,1.5329,0.41700000000000004,37,1.5329,59.0,1,36,1.1464,0.38649999999999984,0.25213647335116435,False
KJ-01,kj_sv_40xx0.75-1,2035,10,10,1.44204,0.15750914047550807,0.10922660985514138,1.0703,1.5748,0.5045,40,1.557,105.0,2,39;41,1.5748;1.5607,0.017800000000000038,0.011432241490044983,False
KJ-01,kj_sv_40xx0.75-1,2036,6,6,1.4349999999999998,0.06513766959294753,0.04539210424595647,1.3406,1.5022,0.16159999999999997,36,1.4789,114.0,2,35;37,1.4799;1.4354,0.043500000000000094,0.029413753465413545,False
KJ-01,kj_sv_40xx0.75-1,2038,8,8,1.3675,0.28168672568754716,0.2059866367002173,0.8027,1.6055,0.8028,37,1.4628,139.0,1,38,1.6055,0.14269999999999983,0.09755263877495202,False
KJ-01,kj_sv_40xx0.75-1,2039,8,8,1.46045,0.15482808899827297,0.10601396076433495,1.1664,1.6331,0.4666999999999999,38,1.6002,112.0,2,37;39,1.4313;1.6331,0.16890000000000005,0.10554930633670793,False
KJ-01,kj_sv_40xx0.75-1,2040,6,6,1.2948833333333334,0.10466474892086,0.080829481874192,1.083,1.349,0.266,36,1.3457,101.0,2,35;37,1.349;1.3113,0.034399999999999986,0.02556290406479898,False
KJ-01,kj_sv_40xx0.75-1,2041,7,7,1.4928857142857141,0.22983883794644333,0.15395608367544195,1.1702,1.729,0.5588000000000002,34,1.6963,217.0,1,35,1.6685,0.027799999999999825,0.016388610505217133,False
KJ-01,kj_sv_40xx0.75-1,2049,4,3,1.6138333333333332,0.007285830998131503,0.004514611792707737,1.6055,1.619,0.013500000000000068,35,1.6055,121.0,2,34;36,1.619;1.617,0.013500000000000068,0.008408595453129908,False
KJ-01,kj_sv_40xx0.75-1,2050,8,7,1.6065714285714283,0.16933672287571208,0.10540254847323358,1.3425,1.7946,0.45209999999999995,42,1.7946,247.0,1,41,1.7231,0.0714999999999999,0.039841747464616016,False
KJ-01,kj_sv_40xx0.75-1,2052,7,7,1.4740714285714287,0.23856704658080027,0.16184225672971864,0.9709,1.6651,0.6942,34,1.6651,147.0,1,35,1.6148,0.05030000000000001,0.030208395892138615,False
KJ-01,kj_sv_40xx0.75-1,2053,7,7,1.5527142857142857,0.01718763398216176,0.011069411893930656,1.5175,1.5723,0.05479999999999996,38,1.5723,213.0,2,37;39,1.5516;1.5589,0.02069999999999994,0.013165426445334822,False
KJ-01,kj_sv_40xx0.75-1,2057,3,3,1.5142666666666666,0.000981495457622384,0.0006481655307007026,1.5137,1.5154,0.0017000000000000348,35,1.5154,209.0,2,34;36,1.5137;1.5137,0.0017000000000000348,0.0011218160221723866,False
KJ-01,kj_sv_40xx0.75-1,2059,7,6,1.5405,0.13779674887311383,0.08944936635710084,1.2898,1.6992,0.4094,34,1.6992,140.0,1,35,1.6184,0.08079999999999998,0.047551789077212796,False
KJ-01,kj_sv_40xx0.75-1,2060,3,3,1.2304666666666666,0.33265904967899695,0.2703519393826166,0.8964,1.5617,0.6653000000000001,36,1.5617,119.0,0,,,,,False
KJ-01,kj_sv_40xx0.75-1,2065,3,3,1.5170000000000001,0.0025980762113532864,0.0017126408776224694,1.514,1.5185,0.0044999999999999485,34,1.5185,204.0,1,35,1.5185,0.0,0.0,False
KJ-01,kj_sv_40xx0.75-1,2067,8,8,1.4959,0.1811066063321348,0.12106865855480634,1.0902,1.6658,0.5755999999999999,38,1.6169,120.0,2,37;39,1.5335;1.6232,0.08339999999999992,0.05158018430329638,False
KJ-01,kj_sv_40xx0.75-1,2070,13,12,1.2301166666666663,0.28582467554694285,0.23235574583463053,0.542,1.6055,1.0635,48,1.6055,108.0,0,,,,,False
KJ-01,kj_sv_40xx0.75-1,2072,8,8,1.96045,0.8790580624411889,0.44839606337381155,0.8027,3.0177,2.215,41,1.7452,279.0,1,40,3.0177,1.2725,0.7291427916571166,True
KJ-01,kj_sv_40xx0.75-1,2073,4,3,1.4224333333333334,0.2962950275204316,0.2083015214682105,1.084,1.6351,0.5510999999999999,38,1.6351,91.0,1,37,1.5482,0.08689999999999998,0.053146596538438,False
KJ-01,kj_sv_40xx0.75-1,2076,8,7,1.5199142857142858,0.12651262688721926,0.08323668517120653,1.3379,1.6095,0.27159999999999984,34,1.6095,196.0,1,35,1.598,0.011499999999999844,0.007145076110593255,False
KJ-01,kj_sv_40xx0.75-1,2083,9,8,1.3293125,0.22969987522541546,0.17279599433949164,0.8202,1.5803,0.7601,37,1.4031,128.0,2,36;38,1.3729;1.431,0.030200000000000005,0.021523768797662324,False
KJ-01,kj_sv_40xx0.75-1,2086,8,7,1.4004285714285714,0.09937249308008918,0.0709586301704197,1.3379,1.6055,0.26759999999999984,38,1.3488,122.0,2,37;39,1.343;1.3648,0.016000000000000014,0.011862396204033225,False
KJ-01,kj_sv_40xx0.75-1,2089,12,12,1.27445,0.21585975455458029,0.16937483193109207,0.8945,1.5461,0.6516000000000001,37,1.5461,105.0,2,36;38,1.4121;1.534,0.13400000000000012,0.08666968501390603,False
KJ-01,kj_sv_40xx0.75-1,2090,7,7,1.535942857142857,0.025740166869625967,0.016758544596839706,1.5137,1.5804,0.06669999999999998,39,1.558,136.0,2,38;40,1.5137;1.5398,0.044300000000000006,0.028433889602053918,False
KJ-01,kj_sv_40xx0.75-1,2091,10,9,1.3828666666666667,0.261583308909418,0.189160180959421,0.7803,1.5558,0.7755000000000001,40,1.5352,123.0,2,39;41,1.5137;1.5137,0.021499999999999853,0.014004689942678384,False
KJ-01,kj_sv_40xx0.75-1,2092,16,14,1.4075642857142854,0.2035472525262599,0.1446095603533784,0.825,1.6233,0.7983,40,1.6018,165.0,2,39;41,1.4381;1.5523,0.16369999999999996,0.10219752778124608,False
KJ-01,kj_sv_40xx0.75-1,2095,3,3,1.4395,0.1356787750534327,0.09425409868248191,1.2987,1.5694,0.27069999999999994,37,1.5694,83.0,1,36,1.4504,0.119,0.07582515611061552,False
KJ-01,kj_sv_40xx0.75-1,2096,8,6,1.5794500000000002,0.24148632880558682,0.15289267074335167,1.2729,1.8899,0.617,39,1.8899,77.0,2,38;40,1.5881;1.7885,0.30179999999999985,0.15969098894121375,False
KJ-01,kj_sv_40xx0.75-1,2100,8,8,1.7572999999999999,0.1349039234841914,0.07676772519444114,1.5643,1.8929,0.3286,39,1.8644,190.0,2,38;40,1.8928;1.5716,0.29279999999999995,0.1570478438103411,False
KJ-01,kj_sv_40xx0.75-1,2102,11,10,1.46903,0.3051338797242213,0.20771112892467905,0.6844,1.7148,1.0304000000000002,39,1.5568,100.0,2,38;40,1.7088;1.5431,0.15200000000000014,0.09763617677286751,False
KJ-01,kj_sv_40xx0.75-1,2104,3,3,1.579,0.5357143548571384,0.33927444892789005,0.9668,1.9619,0.9951,35,1.9619,169.0,1,36,1.8083,0.15359999999999996,0.07829145216371883,False
KJ-01,kj_sv_40xx0.75-1,2105,3,3,1.5110999999999999,0.13075691186319746,0.0865309455781864,1.3628,1.6098,0.2469999999999999,38,1.5607,215.0,0,,,,,False
KJ-01,kj_sv_40xx0.75-1,2106,6,5,1.4356,0.133633678389843,0.09308559375163207,1.3379,1.6057,0.2677999999999998,41,1.5557,146.0,1,40,1.6057,0.04999999999999982,0.03213987272610389,False
KJ-01,kj_sv_40xx0.75-1,2109,13,13,1.735053846153846,0.3283301301418656,0.18923339518810114,1.5075,2.6499,1.1424,36,2.6499,229.0,2,35;37,1.6706;1.5075,1.1424,0.43111060794746975,True
KJ-01,kj_sv_40xx0.75-1,2110,6,6,1.5477666666666667,0.04132789211497082,0.02670162951885781,1.5198,1.6286,0.10880000000000001,35,1.6286,195.0,1,36,1.5202,0.10840000000000005,0.06656023578533712,False
KJ-01,kj_sv_40xx0.75-1,2114,6,6,1.665783333333333,0.17913713648115137,0.10753927770587496,1.5144,1.8921,0.3776999999999999,39,1.6187,158.0,0,,,,,False
KJ-01,kj_sv_40xx0.75-1,2116,12,10,1.4911299999999998,0.1885554740063989,0.1264513986080348,1.1744,1.6922,0.5177999999999998,38,1.6922,95.0,2,37;39,1.6566;1.6246,0.06759999999999988,0.03994799669069843,False
KJ-01,kj_sv_40xx0.75-1,2119,9,9,1.5118999999999998,0.16925886239721694,0.11195109623468283,1.1156,1.6554,0.5398000000000001,39,1.6554,143.0,2,38;40,1.5681;1.6106,0.08729999999999993,0.052736498731424386,False
KJ-01,kj_sv_40xx0.75-1,2121,9,8,1.391475,0.20304595363048802,0.14592138100252466,1.1284,1.5606,0.4321999999999999,39,1.5535,92.0,2,38;40,1.5606;1.5378,0.015700000000000047,0.010106211779851977,False
KJ-01,kj_sv_40xx0.75-1,2122,3,3,1.3598,0.23989187147546287,0.1764170256474944,1.0829,1.5048,0.42189999999999994,37,1.4917,87.0,1,36,1.5048,0.01309999999999989,0.008781926660856667,False
KJ-01,kj_sv_40xx0.75-1,2123,4,4,1.4054,0.13340369809966532,0.09492222719486645,1.3379,1.6055,0.26759999999999984,35,1.3381,314.0,0,,,,,False
KJ-01,kj_sv_40xx0.75-1,2124,5,5,1.53464,0.030556390493643077,0.01991111302562365,1.5153,1.586,0.07069999999999999,35,1.586,129.0,1,36,1.5399,0.04610000000000003,0.02906683480453974,False
KJ-01,kj_sv_40xx0.75-1,2127,5,4,1.4969000000000001,0.09602732250076888,0.06415079330667972,1.3558,1.5647,0.20890000000000009,37,1.5489,212.0,2,36;38,1.3558;1.5182,0.19310000000000005,0.12466912002065986,False
KJ-01,kj_sv_40xx0.75-1,2128,5,4,1.3885,0.12297061979730496,0.0885636440744004,1.215,1.4834,0.26839999999999997,35,1.4834,75.0,1,36,1.4676,0.015800000000000036,0.01065120668733992,False
KJ-01,kj_sv_40xx0.75-1,2131,16,12,1.4216666666666666,0.18886167296503414,0.13284525648185286,0.9459,1.5655,0.6195999999999999,49,1.5595,100.0,2,48;50,1.5398;1.5608,0.01970000000000005,0.01263225392754091,False
KJ-01,kj_sv_40xx0.75-1,2134,15,15,1.60658,0.034518694727846876,0.02148582375471304,1.5234,1.6479,0.12449999999999983,49,1.6365,159.0,1,48,1.626,0.010500000000000176,0.006416131989001024,False
KJ-01,kj_sv_40xx0.75-1,2138,7,7,1.5528571428571427,0.1378581500086575,0.08877709752167458,1.2597,1.6901,0.4303999999999999,38,1.6151,102.0,2,37;39,1.6127;1.6901,0.07499999999999996,0.04643675314222027,False
KJ-01,kj_sv_40xx0.75-1,2139,4,3,0.9594333333333332,0.194301681241654,0.20251712598581179,0.7656,1.1542,0.38859999999999995,35,1.1542,41.0,1,36,0.9585,0.19569999999999987,0.1695546699012302,False
KJ-01,kj_sv_40xx0.75-1,2140,10,7,1.228057142857143,0.2764577355108906,0.22511797363736377,0.8913,1.5137,0.6224000000000001,37,1.5137,88.0,2,36;38,1.1353;1.5137,0.37840000000000007,0.2499834841778424,False
KJ-01,kj_sv_40xx0.75-1,2141,20,19,2.2402894736842107,0.9289587545530849,0.41466014346145613,1.1168,3.9699,2.8531,38,3.9699,271.0,2,37;39,3.8484;3.8669,0.12150000000000016,0.030605304919519426,False
KJ-01,kj_sv_40xx0.75-1,2147,9,9,1.3434666666666668,0.297656937597631,0.22155885589343313,0.7839,1.5552,0.7712999999999999,38,1.5552,104.0,2,37;39,1.4065;1.4373,0.14869999999999983,0.09561471193415627,False
KJ-01,kj_sv_40xx0.75-1,2148,12,12,1.67445,0.598063168600411,0.3571699176448452,0.7568,2.6591,1.9022999999999999,38,2.6591,150.0,2,37;39,1.6513;2.649,1.0078,0.37900041367379944,True
KJ-01,kj_sv_40xx0.75-1,2149,8,7,1.3529428571428572,0.005707555560499633,0.0042186227824527935,1.3482,1.3653,0.017099999999999893,40,1.3653,111.0,2,39;41,1.3532;1.3515,0.013800000000000034,0.010107668644254036,False
KJ-01,kj_sv_40xx0.75-1,2151,10,9,1.3747777777777779,0.15182453505426732,0.11043569186845598,1.0709,1.6056,0.5347,41,1.3647,93.0,2,40;42,1.3657;1.6056,0.2408999999999999,0.1765223125961749,False
KJ-01,kj_sv_40xx0.75-1,2155,5,4,1.513025,0.09510879296889428,0.06286002740793727,1.3864,1.615,0.22859999999999991,40,1.3864,115.0,1,39,1.5112,0.12480000000000002,0.09001731102135027,False
KJ-01,kj_sv_40xx0.75-1,2156,20,19,1.5764210526315792,0.22955188369939708,0.14561584502833014,0.7582,1.8933,1.1351,48,1.8933,153.0,2,47;49,1.6298;1.5975,0.29580000000000006,0.15623514498494695,False
KJ-01,kj_sv_40xx0.75-1,2157,3,3,1.3882999999999999,0.5783225657018753,0.4165688725072934,0.7568,1.8921,1.1353,38,1.8921,174.0,0,,,,,False
KJ-01,kj_sv_40xx0.75-1,2162,26,24,1.7374374999999997,0.37843856868947584,0.21781420551212685,1.4643,3.2542,1.7899,41,1.7175,284.0,1,40,1.8603,0.14280000000000004,0.08314410480349348,False
KJ-01,kj_sv_40xx0.75-1,2163,7,6,1.4754333333333334,0.3272846141612323,0.22182270575507687,0.8149,1.6909,0.8760000000000001,41,1.629,199.0,1,40,1.6909,0.061900000000000066,0.03799877225291594,False
KJ-01,kj_sv_40xx0.75-1,2164,3,3,1.6823333333333332,0.129201715674883,0.07679911769856332,1.5575,1.8155,0.2579999999999998,39,1.8155,162.0,1,38,1.5575,0.2579999999999998,0.1421096116772238,False
KJ-01,kj_sv_40xx0.75-1,2165,7,6,1.5404333333333333,0.10300690591735422,0.06686878535305274,1.3747,1.6615,0.28679999999999994,36,1.6173,102.0,1,37,1.5006,0.11670000000000003,0.07215729920237435,False
KJ-01,kj_sv_40xx0.75-1,2167,9,9,1.5759666666666667,0.02764317275567335,0.01754045522684914,1.555,1.6446,0.08960000000000012,41,1.5587,196.0,2,40;42,1.5602;1.5622,0.0035000000000000586,0.002245460961057329,False
KJ-01,kj_sv_40xx0.75-1,2171,10,7,1.6062714285714286,0.281667722173283,0.1753549973952971,1.1295,1.961,0.8315000000000001,38,1.5835,168.0,2,37;39,1.4856;1.7097,0.1262000000000001,0.07969687401326182,False
KJ-01,kj_sv_40xx0.75-1,2172,6,6,1.4826833333333334,0.07142572132409065,0.04817328131929092,1.3701,1.5505,0.1803999999999999,41,1.4989,116.0,1,40,1.5505,0.05160000000000009,0.03442524517979858,False
KJ-01,kj_sv_40xx0.75-1,2173,7,7,1.6219428571428571,0.04077004035411532,0.025136545455080966,1.5674,1.675,0.10760000000000014,42,1.6526,217.0,1,41,1.6287,0.023900000000000032,0.01446205978458189,False
KJ-01,kj_sv_40xx0.75-1,2174,19,19,1.4734526315789476,0.14551499108881857,0.09875783446997216,1.1735,1.6875,0.514,50,1.5112,108.0,2,49;51,1.3768;1.4244,0.13440000000000007,0.08893594494441508,False
KJ-01,kj_sv_40xx0.75-1,2176,8,8,2.7925375,1.5910669258955046,0.5697566911439881,1.1699,5.6573,4.4874,38,5.6573,467.0,1,39,3.8127,1.8446000000000002,0.32605659943789445,True
KJ-01,kj_sv_40xx0.75-1,2182,4,4,1.5342,0.020754919095642553,0.013528170444298366,1.514,1.5523,0.0383,38,1.5519,242.0,2,37;39,1.5186;1.514,0.037900000000000045,0.024421676654423637,False
KJ-01,kj_sv_40xx0.75-1,2184,5,4,1.150725,0.2837017609509442,0.24654175493792538,0.7753,1.428,0.6527,36,1.428,56.0,1,37,1.2968,0.13119999999999998,0.0918767507002801,False
KJ-01,kj_sv_40xx0.75-1,2187,26,25,1.5848520000000001,0.22083014988900407,0.13933802644600507,1.0835,1.9546,0.8711,44,1.9307,204.0,2,43;45,1.9546;1.9449,0.02389999999999981,0.012378929921789926,False
KJ-01,kj_sv_40xx0.75-1,2188,9,9,1.4414222222222222,0.08762002878591428,0.06078720546630092,1.279,1.5466,0.26760000000000006,41,1.5444,112.0,2,40;42,1.3829;1.5466,0.16149999999999998,0.10457135457135455,False
KJ-01,kj_sv_40xx0.75-1,2190,4,4,1.5097,0.22465364452863887,0.14880681229955545,1.1739,1.6482,0.47430000000000017,40,1.608,185.0,1,39,1.6087,0.0006999999999999229,0.00043532338308452915,False
KJ-01,kj_sv_40xx0.75-1,2191,6,6,1.625416666666667,0.06063195252230183,0.03730240606345152,1.5549,1.7099,0.15500000000000003,39,1.7099,113.0,2,38;40,1.6263;1.6278,0.0835999999999999,0.04889174805544178,False
KJ-01,kj_sv_40xx0.75-1,2197,5,5,1.07816,0.15690638291669334,0.14553163066399546,0.8334,1.2358,0.4024,37,1.1884,61.0,2,36;38,0.8334;1.2358,0.35499999999999987,0.29872096937058223,False
KJ-01,kj_sv_40xx0.75-1,2198,14,8,1.329725,0.18960062349204296,0.14258634190681754,1.0056,1.5389,0.5332999999999999,41,1.5389,73.0,2,40;42,1.4059;1.1027,0.4361999999999999,0.2834492169731626,False
KJ-01,kj_sv_40xx0.75-1,2199,8,8,1.2365249999999999,0.1205490267780825,0.0974901654055377,1.091,1.378,0.2869999999999999,40,1.378,82.0,2,39;41,1.3328;1.3721,0.04519999999999991,0.03280116110304783,False
KJ-01,kj_sv_40xx0.75-1,2200,7,6,1.4092833333333334,0.19496617569893157,0.13834420026651717,1.1388,1.5567,0.41789999999999994,42,1.5527,105.0,1,41,1.5567,0.0040000000000000036,0.0025761576608488465,False
KJ-01,kj_sv_40xx0.75-1,2201,7,6,1.3653666666666666,0.11027098742038484,0.08076291161376786,1.2066,1.509,0.3024,40,1.4106,102.0,2,39;41,1.3913;1.2066,0.20400000000000018,0.1446193109315186,False
KJ-01,kj_sv_40xx0.75-1,2202,7,7,1.2629428571428571,0.20298320831325647,0.16072240099006802,0.8027,1.3481,0.5454000000000001,37,1.338,66.0,2,36;38,1.3379;1.3481,0.010099999999999998,0.007548579970104632,False
KJ-01,kj_sv_40xx0.75-1,2206,5,5,1.21038,0.22733912333780118,0.1878245867725848,0.8153,1.3417,0.5263999999999999,38,1.3417,132.0,2,37;39,0.8153;1.3395,0.5263999999999999,0.39233807855705444,True
KJ-01,kj_sv_40xx0.75-1,2208,7,7,1.4375714285714285,0.2865936770312382,0.19935960838901598,0.799,1.6152,0.8161999999999999,40,1.5594,117.0,2,39;41,1.5431;1.5584,0.01629999999999998,0.010452738232653573,False
KJ-01,kj_sv_40xx0.75-1,2209,11,10,1.43291,0.1811994876740365,0.12645559572760084,1.0299,1.6158,0.5858999999999999,42,1.6055,111.0,2,41;43,1.6158;1.5795,0.026000000000000023,0.016194331983805682,False
KJ-01,kj_sv_40xx0.75-1,2214,8,8,1.337325,0.16850285076011537,0.12599992579224598,1.0818,1.5224,0.4405999999999999,42,1.508,86.0,2,41;43,1.5224;1.0908,0.4172,0.276657824933687,False
KJ-01,kj_sv_40xx0.75-1,2215,9,9,1.5324222222222224,0.11419431660307981,0.07451883361328603,1.3379,1.6165,0.27859999999999996,43,1.6165,241.0,2,42;44,1.6055;1.5995,0.017000000000000126,0.010516548097742114,False
KJ-01,kj_sv_40xx0.75-1,2216,10,10,1.50895,0.13204876414079428,0.08751036425381509,1.1698,1.5798,0.41000000000000014,42,1.5798,133.0,2,41;43,1.5574;1.5629,0.022400000000000198,0.014179010001266108,False
KJ-01,kj_sv_40xx0.75-1,2218,5,5,1.5775599999999999,0.16303675352508712,0.10334741849760842,1.3029,1.6937,0.39080000000000004,40,1.692,185.0,1,41,1.6404,0.05159999999999987,0.030496453900709142,False
KJ-01,kj_sv_40xx0.75-1,2219,12,12,2.5361583333333337,1.0424071717627543,0.41101817582212763,1.4307,3.8978,2.4671000000000003,42,3.4159,418.0,2,41;43,3.4884;3.1202,0.2957000000000001,0.08656576597675578,False
KJ-01,kj_sv_40xx0.75-1,2220,3,3,1.6159999999999999,0.009093404203047417,0.005627106561291719,1.6055,1.6213,0.015800000000000036,37,1.6213,277.0,1,38,1.6055,0.015800000000000036,0.009745266144452005,False
KJ-01,kj_sv_40xx0.75-1,2227,3,3,1.8207000000000002,0.14955978737615264,0.0821441134597422,1.691,1.9843,0.2932999999999999,39,1.9843,211.0,1,38,1.7868,0.1975,0.09953132086882024,False
KJ-01,kj_sv_40xx0.75-1,2233,4,4,1.51705,0.005281729514720163,0.0034815790611516847,1.5137,1.5249,0.011199999999999877,37,1.5142,130.0,1,38,1.5154,0.0012000000000000899,0.0007924976885484678,False
KJ-01,kj_sv_40xx0.75-1,2234,6,5,1.3427600000000002,0.004331050680839442,0.0032254838398816177,1.3379,1.3465,0.008599999999999941,40,1.3461,124.0,2,39;41,1.3382;1.3451,0.007900000000000018,0.005868806180818674,False
KJ-01,kj_sv_40xx0.75-1,2235,3,3,1.5066666666666666,0.11833580748587182,0.07854146514549015,1.3702,1.5809,0.2106999999999999,39,1.5809,91.0,1,38,1.5689,0.01200000000000001,0.007590612941995073,False
KJ-01,kj_sv_40xx0.75-1,2236,7,6,1.6946666666666668,0.06225642670975157,0.03673667980512484,1.6056,1.7866,0.18100000000000005,40,1.7053,231.0,2,39;41,1.6056;1.7281,0.09970000000000012,0.058464786254618026,False
KJ-01,kj_sv_40xx0.75-1,2238,7,6,1.5843166666666668,0.1839438220399551,0.11610293946283155,1.3538,1.9012,0.5474000000000001,44,1.6236,297.0,1,43,1.3538,0.26980000000000004,0.16617393446661743,False
KJ-01,kj_sv_40xx0.75-1,2241,8,8,2.0578125,0.3676513000015873,0.17866122399469694,1.4065,2.4718,1.0653,43,2.155,250.0,2,42;44,2.366;2.3285,0.2110000000000003,0.09791183294663588,False
KJ-01,kj_sv_40xx0.75-1,2245,9,9,1.4399777777777778,0.1846580947168156,0.1282367669602417,1.1136,1.6918,0.5782,40,1.508,127.0,2,39;41,1.4959;1.3667,0.14129999999999998,0.09370026525198938,False
KJ-01,kj_sv_40xx0.75-1,2247,11,10,1.51384,0.13716797650245402,0.09060929589814909,1.1475,1.6782,0.5307,43,1.56,117.0,2,42;44,1.5592;1.5558,0.0041999999999999815,0.0026923076923076805,False
KJ-01,kj_sv_40xx0.75-1,2248,11,11,1.442490909090909,0.206377089108968,0.1430699408976044,0.9806,1.594,0.6134000000000001,41,1.5612,123.0,2,40;42,1.56;1.5607,0.0011999999999998678,0.0007686395080706303,False
KJ-01,kj_sv_40xx0.75-1,2249,10,10,1.52005,0.12842917849495447,0.08449010130913752,1.3403,1.7147,0.37439999999999984,49,1.7147,156.0,0,,,,,False
KJ-01,kj_sv_40xx0.75-1,2251,8,8,1.567375,0.0864016327557364,0.055125054792718016,1.4195,1.6884,0.2688999999999999,41,1.6365,129.0,2,40;42,1.5285;1.6884,0.1080000000000001,0.0659945004582952,False
KJ-01,kj_sv_40xx0.75-1,2252,5,5,1.61008,0.09695425209860575,0.060217040208316204,1.4621,1.72,0.2579,41,1.72,158.0,1,40,1.5781,0.14189999999999992,0.08249999999999995,False
KJ-01,kj_sv_40xx0.75-1,2255,10,9,1.511388888888889,0.2157072115417357,0.14272118389087457,0.9843,1.6885,0.7041999999999999,44,1.6885,129.0,2,43;45,1.5867;1.4376,0.2508999999999999,0.14859342611785603,False
KJ-01,kj_sv_40xx0.75-1,2257,9,6,1.1646833333333333,0.19308660664755245,0.16578463958519693,0.8465,1.3739,0.5273999999999999,41,1.3739,66.0,2,40;42,1.3413;1.1284,0.24549999999999983,0.17868840526967017,False
KJ-01,kj_sv_40xx0.75-1,2263,7,7,1.5891857142857142,0.04295604065287474,0.027030220739293547,1.5315,1.6511,0.11959999999999993,38,1.6511,130.0,2,37;39,1.5315;1.5857,0.11959999999999993,0.07243655744655074,False
KJ-01,kj_sv_40xx0.75-1,2265,14,10,1.41937,0.1807501347778812,0.12734532558662026,1.0769,1.6289,0.552,45,1.6253,95.0,2,44;46,1.4155;1.5663,0.2098,0.12908386144096473,False
KJ-01,kj_sv_40xx0.75-1,2266,9,9,1.438688888888889,0.16332431267607134,0.11352302359282695,1.1353,1.5587,0.4234,39,1.5137,128.0,2,38;40,1.5587;1.5137,0.04499999999999993,0.029728479883728565,False
KJ-01,kj_sv_40xx0.75-1,2268,6,5,1.6005600000000002,0.16114871392598826,0.10068270725620297,1.4031,1.8401,0.43700000000000006,37,1.5786,110.0,1,38,1.8401,0.26150000000000007,0.1656531103509439,False
KJ-01,kj_sv_40xx0.75-1,2272,6,4,1.26595,0.09935473483097489,0.07848235303998964,1.1687,1.3524,0.18369999999999997,40,1.3508,80.0,2,39;41,1.3524;1.1919,0.15890000000000004,0.11763399466982533,False
KJ-01,kj_sv_40xx0.75-1,2273,7,7,1.5229000000000001,0.11561337869525888,0.07591659248490305,1.3766,1.7414,0.3648,43,1.5252,261.0,1,42,1.7414,0.21620000000000017,0.14175190138998175,False
KJ-01,kj_sv_40xx0.75-1,2275,9,7,1.1917142857142857,0.13841913919410892,0.11615127959227553,1.0441,1.3746,0.3305,38,1.3746,64.0,1,39,1.2775,0.09709999999999996,0.07063873126727772,False
KJ-01,kj_sv_40xx0.75-1,2279,5,4,2.133525,0.12305793689694837,0.05767822589233703,2.0087,2.302,0.2932999999999999,39,2.1277,194.0,2,38;40,2.302;2.0957,0.17430000000000012,0.08191944353057298,False
KJ-01,kj_sv_40xx0.75-1,2281,8,7,1.1924428571428571,0.08837938781455884,0.0741162457262896,1.0897,1.3652,0.2755000000000001,40,1.3652,76.0,2,39;41,1.1757;1.2004,0.1895,0.1388075007324934,False
KJ-01,kj_sv_40xx0.75-1,2283,8,8,1.3092875,0.14273818627623297,0.10901974262813399,1.0829,1.5321,0.44920000000000004,40,1.5321,106.0,2,39;41,1.3581;1.3659,0.17399999999999993,0.1135696103387507,False
KJ-01,kj_sv_40xx0.75-1,2284,8,8,1.5110875,0.11956728455440596,0.0791266452501301,1.2718,1.6227,0.3509,38,1.5704,149.0,1,39,1.6169,0.046499999999999986,0.029610290371879767,False
KJ-01,kj_sv_40xx0.75-1,2285,7,7,1.4199428571428572,0.054410901393711436,0.038319078207974165,1.3808,1.5198,0.139,38,1.3864,114.0,1,39,1.4064,0.020000000000000018,0.0144258511252164,False
KJ-01,kj_sv_40xx0.75-1,2286,9,9,1.5249333333333335,0.0114598211155323,0.007514965320144464,1.5139,1.5416,0.027700000000000058,42,1.5195,125.0,2,41;43,1.5399;1.5195,0.020399999999999974,0.0134254689042448,False
KJ-01,kj_sv_40xx0.75-1,2287,10,9,1.5818666666666665,0.10448240282459052,0.06605006921648929,1.3797,1.7106,0.33089999999999997,41,1.7106,218.0,2,40;42,1.6701;1.6675,0.043099999999999916,0.0251958377177598,False
KJ-01,kj_sv_40xx0.75-1,2290,3,3,1.5152999999999999,0.002771281292110155,0.001828866423883162,1.5137,1.5185,0.0047999999999999154,40,1.5137,78.0,1,41,1.5185,0.0047999999999999154,0.0031710378542643292,False
KJ-01,kj_sv_40xx0.75-1,2291,17,16,1.54396875,0.27676312547917215,0.1792543569804584,0.8207,2.0895,1.2688000000000001,40,2.0895,155.0,1,41,1.2592,0.8303,0.39736779133764055,True
KJ-01,kj_sv_40xx0.75-1,2292,6,6,1.4312833333333332,0.11362692315937563,0.07938814105712284,1.3379,1.6055,0.26759999999999984,42,1.5413,187.0,1,43,1.3379,0.2033999999999998,0.13196652176733914,False
KJ-01,kj_sv_40xx0.75-1,2295,3,3,1.5009,0.15678890266852427,0.10446325715805468,1.3809,1.6783,0.2973999999999999,38,1.6783,126.0,1,39,1.4435,0.2347999999999999,0.13990347375320258,False
KJ-01,kj_sv_40xx0.75-1,2297,7,7,1.570185714285714,0.06149868368703592,0.03916650312604073,1.4604,1.6593,0.19890000000000008,43,1.6593,132.0,2,42;44,1.5831;1.6117,0.07620000000000005,0.04592297956969809,False
KJ-01,kj_sv_40xx0.75-1,2298,7,6,1.94635,0.4040655528500295,0.20760169180775784,1.5947,2.6036,1.0089000000000001,40,2.6036,156.0,2,39;41,1.5947;1.6154,1.0089000000000001,0.38750192041788295,True
KJ-01,kj_sv_40xx0.75-1,2300,9,8,1.4439875,0.2046893355970038,0.14175284453432166,1.1073,1.7163,0.609,41,1.5147,123.0,2,40;42,1.5137;1.5137,0.0009999999999998899,0.0006601967386280384,False
KJ-01,kj_sv_40xx0.75-1,2303,3,3,1.698566666666667,0.1268693159646308,0.07469198498614367,1.5596,1.8082,0.24859999999999993,41,1.5596,119.0,1,40,1.7279,0.1682999999999999,0.1079122852013336,False
KJ-01,kj_sv_40xx0.75-1,2304,8,8,2.5574250000000003,0.8788021827627486,0.34362774382933947,1.3911,3.4558,2.0647,43,3.4154,294.0,2,42;44,3.4558;3.4191,0.04039999999999999,0.011828775546056096,False
KJ-01,kj_sv_40xx0.75-1,2306,6,6,1.5834666666666666,0.12748037757500824,0.08050714313005741,1.3706,1.692,0.3213999999999999,39,1.6918,131.0,2,38;40,1.5747;1.692,0.11709999999999998,0.06921621941127792,False
KJ-01,kj_sv_40xx0.75-1,2307,3,3,1.3431666666666666,0.4180305052664618,0.3112275755799443,0.8618,1.6149,0.7531,38,1.6149,119.0,1,39,1.5528,0.062100000000000044,0.038454393460895436,False
KJ-01,kj_sv_40xx0.75-1,2312,8,8,1.6034625,0.09684120931415806,0.06039505714300026,1.3899,1.6901,0.3002,39,1.6901,150.0,2,38;40,1.6436;1.6456,0.046499999999999986,0.027513164901485112,False
KJ-01,kj_sv_40xx0.75-1,2313,8,8,1.99845,0.402511167546939,0.20141167782378291,1.358,2.6344,1.2763999999999998,39,2.1867,206.0,2,38;40,1.9426;2.3738,0.24409999999999998,0.11162939589335527,False
KJ-01,kj_sv_40xx0.75-1,2314,10,10,1.59349,0.05674793094612935,0.03561235460914681,1.5064,1.6631,0.15670000000000006,43,1.64,143.0,2,42;44,1.6114;1.5064,0.13359999999999994,0.08146341463414632,False
KJ-01,kj_sv_40xx0.75-1,2315,6,6,1.5839333333333332,0.0468787229632662,0.02959639902559001,1.5232,1.6619,0.13869999999999982,42,1.6054,180.0,2,41;43,1.6619;1.5232,0.08219999999999983,0.05120219259997498,False
KJ-01,kj_sv_40xx0.75-1,2316,7,7,1.5778142857142858,0.026619818968294347,0.016871325864718862,1.5419,1.6105,0.0686,38,1.598,227.0,1,39,1.6105,0.012499999999999956,0.007822277847309109,False
KJ-01,kj_sv_40xx0.75-1,2318,10,10,1.45892,0.17014629522201702,0.11662482879254313,1.1364,1.5577,0.4213,42,1.5383,104.0,2,41;43,1.541;1.5398,0.0026999999999999247,0.0017551842943508578,False
KJ-01,kj_sv_40xx0.75-1,2319,5,5,1.33804,0.18922195432877228,0.14141726280886394,1.0703,1.6055,0.5351999999999999,42,1.338,120.0,1,43,1.6055,0.26749999999999985,0.19992526158445428,False
KJ-01,kj_sv_40xx0.75-1,2321,10,10,1.40134,0.3150643151273509,0.22483074423576782,0.7932,1.6911,0.8979,44,1.5919,136.0,2,43;45,1.5636;1.5305,0.06140000000000012,0.03857026195112766,False
KJ-01,kj_sv_40xx0.75-1,2324,9,8,1.38665,0.09329011584452934,0.06727733447122874,1.3379,1.6055,0.26759999999999984,43,1.6055,103.0,2,42;44,1.3379;1.4199,0.26759999999999984,0.16667704764870747,False
KJ-01,kj_sv_40xx0.75-1,2326,10,9,1.7616555555555555,0.2017427514875758,0.11451884044605658,1.3137,1.9688,0.6551,43,1.9688,151.0,2,42;44,1.8517;1.9156,0.1171000000000002,0.059477854530678685,False
KJ-01,kj_sv_40xx0.75-1,2327,10,9,1.3187333333333333,0.09538873099061547,0.07233360117583702,1.0712,1.3934,0.32220000000000004,41,1.3934,106.0,2,40;42,1.3496;1.3629,0.04380000000000006,0.031433902684082145,False
KJ-01,kj_sv_40xx0.75-1,2328,5,5,1.6074000000000002,0.002826658805020566,0.0017585285585545389,1.6055,1.6123,0.006800000000000139,42,1.6123,128.0,1,43,1.6055,0.006800000000000139,0.004217577373937939,False
KJ-01,kj_sv_40xx0.75-1,2329,7,6,1.5307666666666666,0.10841702203375014,0.07082530890866243,1.345,1.632,0.2869999999999999,43,1.6066,134.0,2,42;44,1.632;1.6065,0.025399999999999867,0.015809784638366655,False
KJ-01,kj_sv_40xx0.75-1,2331,10,9,1.3727111111111112,0.22277246488538732,0.16228648772651733,0.8319,1.6382,0.8063000000000001,43,1.5167,96.0,2,42;44,1.6382;1.375,0.14169999999999994,0.09342651809850329,False
KJ-01,kj_sv_40xx0.75-1,2333,4,4,1.529225,0.2822083081106342,0.18454335242402797,1.1363,1.7544,0.6180999999999999,38,1.7544,143.0,1,39,1.7125,0.04190000000000005,0.02388280893752853,False
KJ-01,kj_sv_40xx0.75-1,2334,3,3,1.6427333333333334,0.016835181416703923,0.010248274065604433,1.6287,1.6614,0.03269999999999995,38,1.6381,91.0,1,39,1.6614,0.0233000000000001,0.014223795861058604,False
KJ-01,kj_sv_40xx0.75-1,2335,8,7,1.4629428571428573,0.21621311906806867,0.14779327710060744,1.0033,1.5935,0.5901999999999998,45,1.5905,100.0,1,44,1.5321,0.05840000000000001,0.03671801320339516,False
KJ-01,kj_sv_40xx0.75-1,2336,9,6,1.2310333333333332,0.15306040202046592,0.12433489644509972,1.0335,1.4243,0.3907999999999998,41,1.4243,65.0,1,42,1.3694,0.05489999999999995,0.03854525029839216,False
KJ-01,kj_sv_40xx0.75-1,2339,9,9,1.4344000000000001,0.20374501834400763,0.14204198155605663,0.9517,1.6186,0.6669,45,1.5442,115.0,2,44;46,1.5985;1.4153,0.12890000000000001,0.08347364331045203,False
KJ-01,kj_sv_40xx0.75-1,2342,10,5,1.0792,0.22153233398310057,0.2052745867152526,0.8418,1.3401,0.4983000000000001,42,1.3401,51.0,1,43,1.2557,0.08440000000000003,0.06298037459891055,False
KJ-01,kj_sv_40xx0.75-1,2343,4,4,1.29735,0.4172544267789937,0.32162055480710194,0.6741,1.5356,0.8615,38,1.5356,111.0,1,39,1.5285,0.007100000000000106,0.0046235998958062685,False
KJ-01,kj_sv_40xx0.75-1,2345,4,3,1.6097333333333335,0.30354324787966097,0.18856741150480055,1.3611,1.948,0.5869,41,1.948,120.0,1,40,1.5201,0.42789999999999995,0.21966119096509237,False
KJ-01,kj_sv_40xx0.75-1,2350,8,6,1.5452833333333336,0.028424596156615252,0.018394423561988792,1.5238,1.5985,0.07469999999999999,45,1.5985,220.0,1,44,1.5335,0.06499999999999995,0.040663121676571753,False
KJ-01,kj_sv_40xx0.75-1,2352,8,8,1.4585124999999999,0.13172340542103478,0.0903135251984709,1.1397,1.5204,0.38070000000000004,41,1.5154,116.0,2,40;42,1.5137;1.5138,0.0017000000000000348,0.0011218160221723866,False
KJ-01,kj_sv_40xx0.75-1,2356,9,9,1.4880666666666666,0.12426222273885175,0.08350581699219463,1.2487,1.5706,0.3219000000000001,40,1.5702,131.0,2,39;41,1.5586;1.5607,0.011600000000000055,0.0073875939370781135,False
KJ-01,kj_sv_40xx0.75-1,2359,15,13,1.6858846153846156,0.14232316423169872,0.08442046563146867,1.5163,1.8945,0.3782000000000001,49,1.8039,127.0,2,48;50,1.6862;1.7595,0.11770000000000014,0.06524751926381736,False
KJ-01,kj_sv_40xx0.75-1,2360,5,3,0.9946333333333334,0.21197057185688145,0.2131142851873871,0.7758,1.199,0.4232,40,1.199,36.0,2,39;41,0.7758;1.0091,0.4232,0.3529608006672227,False
KJ-01,kj_sv_40xx0.75-1,2361,8,3,0.9457333333333334,0.0928970577216164,0.09822753882872168,0.8635,1.0465,0.18299999999999994,47,1.0465,49.0,0,,,,,False
KJ-01,kj_sv_40xx0.75-1,2363,8,8,1.6104875,0.09240009952839416,0.057373993606528555,1.408,1.6916,0.2836000000000001,43,1.6602,116.0,2,42;44,1.6445;1.6832,0.02300000000000013,0.013853752559932618,False
KJ-01,kj_sv_40xx0.75-1,2364,5,5,1.4421,0.23053763250280856,0.15986244539408404,1.085,1.6544,0.5694000000000001,42,1.6544,67.0,2,41;43,1.5347;1.5908,0.11970000000000014,0.07235251450676991,False
KJ-01,kj_sv_40xx0.75-1,2365,9,9,1.469933333333333,0.2119920812200305,0.14421884068667323,1.1626,1.6871,0.5245,45,1.6871,112.0,2,44;46,1.6593;1.5974,0.08970000000000011,0.05316815837828232,False
KJ-01,kj_sv_40xx0.75-1,2366,11,10,1.21904,0.17733979436851358,0.14547495928641685,0.8491,1.3673,0.5182,43,1.3662,82.0,2,42;44,1.3219;1.351,0.044300000000000006,0.03242570633874982,False
KJ-01,kj_sv_40xx0.75-1,2367,4,4,1.344025,0.004700620526412807,0.0034974204545397646,1.3407,1.3508,0.010099999999999998,40,1.3508,109.0,2,39;41,1.3436;1.341,0.009800000000000031,0.007254960023689689,False
KJ-01,kj_sv_40xx0.75-1,2373,4,4,1.47195,0.10350193234911119,0.07031620119508895,1.342,1.5684,0.22639999999999993,43,1.5684,242.0,1,42,1.5406,0.027800000000000047,0.017725070135169628,False
KJ-01,kj_sv_40xx0.75-1,2374,10,10,1.34046,0.2392683393644513,0.17849718705851073,0.8461,1.6059,0.7598000000000001,42,1.4899,117.0,2,41;43,1.403;1.3565,0.13339999999999996,0.08953621048392507,False
KJ-01,kj_sv_40xx0.75-1,2375,5,5,1.5533800000000002,0.00965308240926178,0.006214244041549253,1.5397,1.567,0.02729999999999988,39,1.5397,131.0,1,40,1.5532,0.013499999999999845,0.008767941806845389,False
KJ-01,kj_sv_40xx0.75-1,2376,8,8,1.5264625,0.09237191808120042,0.06051371591585147,1.2986,1.5647,0.2661,43,1.5622,130.0,2,42;44,1.5616;1.5647,0.0024999999999999467,0.0016003072589936926,False
KJ-01,kj_sv_40xx0.75-1,2377,8,8,1.5663125,0.3299799147026116,0.2106731030382581,0.8772,1.9057,1.0285,43,1.8007,113.0,2,42;44,1.5137;1.8921,0.2869999999999999,0.15938246237574272,False
KJ-01,kj_sv_40xx0.75-1,2378,4,4,1.647,0.08711176728777799,0.05289117625244565,1.5757,1.7608,0.18509999999999982,42,1.582,115.0,1,41,1.7608,0.17879999999999985,0.11302149178255363,False
KJ-01,kj_sv_40xx0.75-1,2379,10,10,1.76911,0.2550823024045377,0.14418679584906408,1.3943,2.2705,0.8762000000000001,49,2.2705,175.0,1,50,1.9086,0.3619000000000001,0.1593922043602731,False
KJ-01,kj_sv_40xx0.75-1,2380,10,10,1.68717,0.08350837682532213,0.04949612476829372,1.5742,1.8706,0.2964,44,1.6457,244.0,2,43;45,1.6997;1.8706,0.2249000000000001,0.13665917238864927,False
KJ-01,kj_sv_40xx0.75-1,2382,9,8,1.5611125,0.04045065556593969,0.02591142891107444,1.4885,1.5918,0.10330000000000017,43,1.5892,112.0,2,42;44,1.5918;1.5775,0.011700000000000044,0.007362194815001286,False
KJ-01,kj_sv_40xx0.75-1,2383,14,9,1.2173333333333334,0.16229516320580847,0.13332023264442097,1.1353,1.5137,0.37840000000000007,47,1.5137,59.0,2,46;48,1.1353;1.1353,0.37840000000000007,0.2499834841778424,False
KJ-01,kj_sv_40xx0.75-1,2387,8,7,1.576385714285714,0.12659646425514717,0.08030805094710598,1.5137,1.8509,0.33719999999999994,48,1.8509,136.0,1,47,1.6135,0.23740000000000006,0.128261926630288,False
KJ-01,kj_sv_40xx0.75-1,2391,11,11,1.4665,0.1641959195595311,0.11196448657315453,1.136,1.5924,0.45640000000000014,44,1.5412,110.0,2,43;45,1.557;1.5924,0.051200000000000134,0.03322086685699464,False
KJ-01,kj_sv_40xx0.75-1,2392,3,3,1.4858666666666667,0.12893076953672986,0.08677142601628444,1.3516,1.6087,0.2571000000000001,39,1.3516,127.0,1,40,1.4973,0.14570000000000016,0.10779816513761481,False
KJ-01,kj_sv_40xx0.75-1,2394,4,4,1.6127250000000002,0.009252522178663899,0.0057371977111186955,1.6032,1.6223,0.019100000000000117,40,1.6223,136.0,2,39;41,1.6066;1.6188,0.015700000000000047,0.009677618196387874,False
KJ-01,kj_sv_40xx0.75-1,2395,7,7,1.660985714285714,0.1339104107052103,0.08062104902738237,1.5473,1.9418,0.3945000000000001,45,1.9418,153.0,1,44,1.6396,0.3022,0.1556287980224534,False
KJ-01,kj_sv_40xx0.75-1,2396,7,5,1.4052799999999999,0.14504422429038666,0.1032137540492903,1.1632,1.5229,0.3596999999999999,41,1.511,69.0,2,40;42,1.4281;1.5229,0.08289999999999997,0.05486432825943083,False
KJ-01,kj_sv_40xx0.75-1,2397,7,7,1.5409142857142857,0.018841835417622195,0.012227698576295647,1.5034,1.5557,0.05230000000000001,42,1.5536,125.0,2,41;43,1.5482;1.5522,0.005400000000000071,0.0034757981462410345,False
KJ-01,kj_sv_40xx0.75-1,2400,4,4,1.6359250000000003,0.015664902382928114,0.00957556268345316,1.624,1.6583,0.0343,42,1.6263,270.0,1,41,1.6583,0.03200000000000003,0.019676566439156384,False
KJ-01,kj_sv_40xx0.75-1,2402,10,10,2.81283,0.5240992527926154,0.18632453891369738,1.5919,3.2784,1.6864999999999999,43,3.0916,265.0,2,42;44,3.1232;3.0775,0.03160000000000007,0.010221244662957716,False
KJ-01,kj_sv_40xx0.75-1,2403,13,10,1.7654500000000002,0.5602209846718228,0.3173247527099735,1.1085,2.7227,1.6142,44,1.6959,180.0,2,43;45,1.834;1.9928,0.29689999999999994,0.1750692847455628,False
KJ-01,kj_sv_40xx0.75-1,2404,8,8,1.5779,0.11311460686274909,0.07168680325923638,1.5177,1.855,0.33729999999999993,39,1.5607,220.0,1,40,1.5608,9.999999999998899e-05,6.407381303260651e-05,False
KJ-01,kj_sv_40xx0.75-1,2408,5,5,1.53198,0.009270760486605157,0.0060514892404634245,1.5215,1.5465,0.02499999999999991,39,1.5465,100.0,1,40,1.5338,0.012699999999999934,0.008212091820239208,False
KJ-01,kj_sv_40xx0.75-1,2411,3,3,1.4521666666666666,0.062250327977717006,0.04286720622819948,1.4038,1.5224,0.11860000000000004,42,1.5224,119.0,1,41,1.4303,0.09210000000000007,0.060496584340515025,False
KJ-01,kj_sv_40xx0.75-1,2413,9,8,1.6129000000000002,0.10102098791835289,0.06263313777565434,1.4489,1.6902,0.24129999999999985,43,1.6449,216.0,2,42;44,1.6845;1.6872,0.042300000000000004,0.025715848987780416,False
KJ-01,kj_sv_40xx0.75-1,2414,8,8,1.4526999999999999,0.11605349751607782,0.07988813761690496,1.3382,1.6055,0.26729999999999987,42,1.5824,103.0,1,41,1.5732,0.009200000000000097,0.0058139534883721545,False
KJ-01,kj_sv_40xx0.75-1,2417,4,4,1.623375,0.04292515773607207,0.026441923607344,1.5605,1.6525,0.09200000000000008,41,1.6314,225.0,1,40,1.6525,0.02110000000000012,0.012933676596788108,False
KJ-01,kj_sv_40xx0.75-1,2420,16,15,1.7370333333333334,0.49188208323695215,0.28317365809730316,1.338,3.4176,2.0796,45,1.5984,228.0,2,44;46,1.5564;1.7934,0.19500000000000006,0.12199699699699704,False
KJ-01,kj_sv_40xx0.75-1,2424,9,9,1.4992777777777777,0.14988428684970434,0.09997099208117531,1.1353,1.6887,0.5534000000000001,42,1.5364,118.0,2,41;43,1.5162;1.4756,0.060799999999999965,0.039573027857328795,False
KJ-01,kj_sv_40xx0.75-1,2425,9,9,1.4688999999999999,0.11476001045660462,0.07812649632827601,1.2961,1.6543,0.3582000000000001,43,1.6543,142.0,2,42;44,1.5716;1.5371,0.11720000000000019,0.07084567490781611,False
KJ-01,kj_sv_40xx0.75-1,2426,8,8,1.4594,0.1710964807185867,0.11723755017033487,1.0365,1.5401,0.5036,42,1.5204,121.0,2,41;43,1.5184;1.5137,0.006699999999999928,0.004406735069718448,False
KJ-01,kj_sv_40xx0.75-1,2430,8,7,1.4296714285714285,0.072735129391643,0.050875416503442454,1.3448,1.5276,0.18280000000000007,42,1.5276,121.0,2,41;43,1.4191;1.4988,0.10850000000000004,0.07102644671379944,False
KJ-01,kj_sv_40xx0.75-1,2432,10,10,1.36218,0.20159027092926218,0.14799091965031214,0.8116,1.5296,0.7180000000000001,44,1.447,125.0,2,43;45,1.4976;1.411,0.05059999999999998,0.03496890117484449,False
KJ-01,kj_sv_40xx0.75-1,2433,7,7,1.4575714285714285,0.10900910840056308,0.07478817590943267,1.3491,1.6056,0.25649999999999995,43,1.3517,153.0,1,44,1.3568,0.0051000000000001044,0.0037730265591478175,False
KJ-01,kj_sv_40xx0.75-1,2437,5,3,1.3394000000000001,0.0014525839046333419,0.0010845034378328666,1.3379,1.3408,0.0028999999999999027,42,1.3395,32.0,2,41;43,1.3408;1.3379,0.0015999999999998238,0.0011944755505784426,False
KJ-01,kj_sv_40xx0.75-1,2445,13,10,1.2594900000000002,0.14261663024423984,0.11323363444270286,1.1353,1.5541,0.41880000000000006,47,1.5541,76.0,2,46;48,1.1715;1.3726,0.38260000000000005,0.24618750402162026,False
KJ-01,kj_sv_40xx0.75-1,2446,3,3,1.0684666666666667,0.014338177476002176,0.013419396152744284,1.0533,1.0818,0.028500000000000192,41,1.0818,48.0,2,40;42,1.0533;1.0703,0.028500000000000192,0.026344980587909215,False
KJ-01,kj_sv_40xx0.75-1,2447,9,8,1.5137,0.007861115878623235,0.005193311672473565,1.4953,1.5204,0.0250999999999999,43,1.5158,135.0,2,42;44,1.5179;1.5137,0.0020999999999999908,0.0013854070457843981,False
KJ-01,kj_sv_40xx0.75-1,2448,10,10,1.4304299999999999,0.2636601223376624,0.18432228234703021,1.0346,1.8921,0.8574999999999999,44,1.8921,132.0,2,43;45,1.5465;1.5179,0.37419999999999987,0.19776967390729872,False
KJ-01,kj_sv_40xx0.75-1,2449,7,6,1.67575,0.44852339403870556,0.26765531495670924,0.8528,2.0721,1.2192999999999998,44,1.9481,107.0,2,43;45,1.7166;1.9437,0.23150000000000004,0.11883373543452597,False
KJ-01,kj_sv_40xx0.75-1,2453,9,9,1.5363777777777776,0.12623852203049762,0.08216632904772254,1.2332,1.6754,0.4421999999999999,45,1.5349,237.0,2,44;46,1.5677;1.648,0.11309999999999998,0.07368558212261384,False
KJ-01,kj_sv_40xx0.75-1,2458,8,8,1.50735,0.1379490382092501,0.09151758928533527,1.2347,1.6359,0.4012,42,1.5923,123.0,2,41;43,1.5905;1.5009,0.09140000000000015,0.05740124348426813,False
KJ-01,kj_sv_40xx0.75-1,2459,10,9,1.5757777777777777,0.05168357519023281,0.032798771450577864,1.4747,1.6433,0.16860000000000008,45,1.5966,118.0,2,44;46,1.6433;1.5947,0.046699999999999964,0.029249655517975676,False
KJ-01,kj_sv_40xx0.75-1,2463,5,5,1.6330200000000001,0.03310290017506021,0.020270970456614253,1.5923,1.6846,0.09230000000000005,43,1.6266,195.0,2,42;44,1.6282;1.5923,0.0343,0.021086929792204598,False
KJ-01,kj_sv_40xx0.75-1,2466,5,5,1.7446000000000002,0.0789819283127476,0.045272227623952534,1.663,1.8746,0.2116,40,1.7278,230.0,1,41,1.7113,0.01649999999999996,0.009549716402361361,False
KJ-01,kj_sv_40xx0.75-1,2467,9,9,1.8623777777777777,0.5782403777361492,0.31048500719661504,1.1193,3.0333,1.9140000000000001,41,3.0333,228.0,2,40;42,1.9112;2.5028,1.1221,0.3699271420565061,True
KJ-01,kj_sv_40xx0.75-1,2470,10,8,1.2746375,0.13738439230858795,0.10778310877295541,0.9537,1.3557,0.4019999999999999,47,1.3557,93.0,2,46;48,1.2146;0.9537,0.4019999999999999,0.29652578003983177,False
KJ-01,kj_sv_40xx0.75-1,2471,18,16,1.3822687500000002,0.12143040650924297,0.08784862314889413,1.1594,1.6786,0.5192000000000001,57,1.3773,122.0,1,56,1.3666,0.010699999999999932,0.007768823059609332,False
KJ-01,kj_sv_40xx0.75-1,2473,10,10,1.64471,0.21673067490423326,0.1317744008999965,1.3982,2.21,0.8117999999999999,49,2.21,122.0,1,48,1.6576,0.5524,0.24995475113122173,True
KJ-01,kj_sv_40xx0.75-1,2475,9,9,1.7785777777777778,0.306110673522575,0.17210980444444843,1.3379,2.2722,0.9343000000000001,44,2.1528,361.0,2,43;45,1.87;2.2722,0.28279999999999994,0.1313638052768487,False
KJ-01,kj_sv_40xx0.75-1,2476,16,14,1.5456357142857142,0.20425486194060014,0.13214941920191886,0.92,1.8486,0.9286,56,1.8486,155.0,2,55;57,1.5366;1.7201,0.31200000000000006,0.1687763713080169,False
KJ-01,kj_sv_40xx0.75-1,2477,19,19,1.8143368421052632,0.5892748587228264,0.3247880134755254,0.9055,2.9282,2.0227,52,2.7047,226.0,2,51;53,2.9072;1.939,0.7656999999999998,0.28309978925574,True
KJ-01,kj_sv_40xx0.75-1,2479,6,6,1.4748333333333334,0.16710838000132328,0.11330661995795452,1.1353,1.5617,0.4264000000000001,41,1.5573,146.0,2,40;42,1.5389;1.5165,0.04079999999999995,0.026199190907339593,False
KJ-01,kj_sv_40xx0.75-1,2480,8,8,1.584225,0.10982838235824366,0.06932625249459115,1.3525,1.6506,0.29810000000000003,43,1.6506,124.0,2,42;44,1.6378;1.6381,0.012800000000000145,0.007754755846358987,False
KJ-01,kj_sv_40xx0.75-1,2481,16,15,1.5641200000000002,0.15826966228560668,0.1011876724839569,1.0942,1.7156,0.6214,49,1.7156,179.0,2,48;50,1.6985;1.6529,0.06269999999999998,0.036546980648169726,False
KJ-01,kj_sv_40xx0.75-1,2483,11,11,1.5455818181818182,0.44445308147920815,0.2875636063072035,0.956,2.6359,1.6799,46,1.3492,175.0,2,45;47,1.4899;1.498,0.14880000000000004,0.11028757782389567,False
KJ-01,kj_sv_40xx0.75-1,2484,8,7,1.5550000000000002,0.07442922812981466,0.04786445538894833,1.3964,1.6156,0.21919999999999984,43,1.5918,144.0,2,42;44,1.5347;1.5656,0.05710000000000015,0.035871340620681084,False
KJ-01,kj_sv_40xx0.75-1,2485,8,5,1.5415,0.24629337181499625,0.15977513578656907,1.149,1.7549,0.6058999999999999,42,1.7471,106.0,2,41;43,1.5428;1.5137,0.23340000000000005,0.13359281094384984,False
KJ-01,kj_sv_40xx0.75-1,2487,8,8,1.5309249999999999,0.1140663059051933,0.07450809537057225,1.3421,1.6193,0.2771999999999999,43,1.6193,197.0,2,42;44,1.6119;1.5184,0.10089999999999999,0.06231087506947446,False
KJ-01,kj_sv_40xx0.75-1,2489,15,12,1.559025,0.20116507976828832,0.12903261959768977,1.3062,1.8921,0.5858999999999999,49,1.8921,95.0,2,48;50,1.5545;1.8921,0.3375999999999999,0.17842608741609847,False
KJ-01,kj_sv_40xx0.75-1,2490,5,5,1.40422,0.18408331537648928,0.13109293086303378,1.1154,1.5698,0.45440000000000014,43,1.5698,143.0,2,42;44,1.4849;1.5185,0.08489999999999998,0.05408332271626957,False
KJ-01,kj_sv_40xx0.75-1,2492,11,9,1.3874555555555554,0.1866172896003416,0.1345032558723062,1.0738,1.5534,0.4795999999999998,47,1.55,84.0,1,46,1.5137,0.0363,0.023419354838709674,False
KJ-01,kj_sv_40xx0.75-1,2493,8,8,1.3393625,0.0010622583758873416,0.000793107449168796,1.3379,1.3408,0.0028999999999999027,43,1.3408,124.0,2,42;44,1.3405;1.3393,0.0015000000000000568,0.0011187350835322619,False
KJ-01,kj_sv_40xx0.75-1,2494,5,5,1.4172600000000002,0.13553485898469078,0.09563161239623694,1.2066,1.5699,0.3633000000000002,40,1.4716,126.0,1,41,1.5699,0.09830000000000005,0.06679804294645288,False
KJ-01,kj_sv_40xx0.75-1,2496,8,5,1.04772,0.2679140104585798,0.25571145960617325,0.7568,1.3984,0.6416000000000001,47,1.3984,144.0,1,46,0.7994,0.5990000000000001,0.4283466819221968,True
KJ-01,kj_sv_40xx0.75-1,2497,6,5,3.3803999999999994,0.3662467542518295,0.10834420608561991,3.1182,3.9709,0.8527,43,3.9709,358.0,2,42;44,3.5062;3.1182,0.8527,0.21473721322622077,True
KJ-01,kj_sv_40xx0.75-1,2500,4,4,1.510975,0.11786366064228622,0.07800503690814621,1.3472,1.607,0.25980000000000003,40,1.607,122.0,1,41,1.5857,0.021299999999999875,0.013254511512134333,False
KJ-01,kj_sv_40xx0.75-1,2503,11,10,1.52128,0.20497007261223935,0.13473527070114596,1.032,1.7004,0.6683999999999999,44,1.7004,116.0,2,43;45,1.624;1.6927,0.0763999999999998,0.04493060456363197,False
KJ-01,kj_sv_40xx0.75-1,2504,11,10,1.3801299999999999,0.3736344144570554,0.27072407270116255,0.3784,1.5584,1.18,43,1.5352,128.0,2,42;44,1.5373;1.5371,0.002100000000000213,0.0013678999478896644,False
KJ-01,kj_sv_40xx0.75-1,2505,10,10,1.55904,0.09924585857578361,0.06365831446004183,1.3386,1.6261,0.2875000000000001,45,1.6254,130.0,2,44;46,1.6238;1.6056,0.01980000000000004,0.012181616832779648,False
KJ-01,kj_sv_40xx0.75-1,2507,8,8,1.5499625,0.017728341917473737,0.011437916670547667,1.5282,1.579,0.050799999999999956,43,1.5574,132.0,2,42;44,1.5427;1.5282,0.029199999999999893,0.018749197380249067,False
KJ-01,kj_sv_40xx0.75-1,2513,8,7,1.4568714285714286,0.07552784727691977,0.051842493301540324,1.3417,1.5333,0.19160000000000021,44,1.4974,70.0,2,43;45,1.3891;1.5189,0.10830000000000006,0.07232536396420466,False
KJ-01,kj_sv_40xx0.75-1,2514,8,4,1.26675,0.1146083621149289,0.09047433362141614,1.1258,1.363,0.23720000000000008,42,1.363,54.0,2,41;43,1.221;1.3572,0.1419999999999999,0.10418195157740272,False
KJ-01,kj_sv_40xx0.75-1,2520,8,5,1.5385,0.10771357853121402,0.07001207574339553,1.3575,1.6209,0.2634000000000001,49,1.6204,96.0,1,48,1.6209,0.0004999999999999449,0.0003085657862255893,False
KJ-01,kj_sv_40xx0.75-1,2525,8,8,1.5263,0.057950224947178344,0.0379677815286499,1.3909,1.5665,0.17559999999999998,47,1.5665,116.0,2,46;48,1.5644;1.3909,0.17559999999999998,0.11209703159910628,False
KJ-01,kj_sv_40xx0.75-1,2529,9,9,1.4115666666666666,0.2577119661560169,0.1825715867636552,0.8033,1.6088,0.8055,47,1.5994,131.0,2,46;48,1.5808;1.4171,0.1822999999999999,0.11398024259097156,False
KJ-01,kj_sv_40xx0.75-1,2530,9,9,1.3904333333333332,0.15533990955321172,0.1117205016804438,1.0819,1.6163,0.5344,46,1.6163,108.0,2,45;47,1.3864;1.583,0.2299,0.14223844583307554,False
KJ-01,kj_sv_40xx0.75-1,2533,7,7,1.558642857142857,0.07091868247372846,0.04550027746813613,1.4104,1.635,0.2245999999999999,42,1.5878,227.0,2,41;43,1.5924;1.635,0.04719999999999991,0.029726665826930284,False
KJ-01,kj_sv_40xx0.75-1,2534,9,8,1.5694375,0.06770714116166564,0.04314102419603561,1.4461,1.6318,0.18569999999999998,45,1.5938,237.0,2,44;46,1.4982;1.6309,0.09560000000000013,0.05998243192370443,False
KJ-01,kj_sv_40xx0.75-1,2535,4,3,1.2014666666666667,0.2363094651793139,0.19668416256185264,0.9286,1.3379,0.4093000000000001,44,1.3379,50.0,1,43,1.3379,0.0,0.0,False
KJ-01,kj_sv_40xx0.75-1,2536,3,3,1.2561333333333333,0.15456630723845777,0.12304928397074974,1.0777,1.3488,0.2710999999999999,42,1.3488,88.0,2,41;43,1.0777;1.3419,0.2710999999999999,0.2009934756820877,False
KJ-01,kj_sv_40xx0.75-1,2537,11,11,1.518081818181818,0.10045118036321743,0.06616980663369394,1.2383,1.6523,0.41400000000000015,45,1.5186,124.0,2,44;46,1.5528;1.5174,0.03420000000000001,0.022520742789411307,False
KJ-01,kj_sv_40xx0.75-1,2539,8,8,1.5608875,0.11773247443128974,0.07542662391190252,1.5137,1.8521,0.33840000000000003,43,1.5185,111.0,2,42;44,1.5137;1.5205,0.0047999999999999154,0.003161014158709197,False
KJ-01,kj_sv_40xx0.75-1,2540,13,13,1.4353153846153845,0.17258361184342813,0.12024089875527576,1.0732,1.7506,0.6774,53,1.368,98.0,1,52,1.344,0.02400000000000002,0.01754385964912282,False
KJ-01,kj_sv_40xx0.75-1,2542,3,3,1.8000333333333334,0.10563944970196176,0.058687496362268346,1.6847,1.8921,0.2073999999999998,41,1.8921,139.0,1,42,1.8233,0.06879999999999997,0.03636171449711959,False
KJ-01,kj_sv_40xx0.75-1,2544,9,9,1.5007,0.036732274636891195,0.024476760602979406,1.4029,1.5137,0.11080000000000001,46,1.5137,130.0,2,45;47,1.5137;1.5137,0.0,0.0,False
KJ-01,kj_sv_40xx0.75-1,2546,7,6,1.7713166666666667,0.12225863432357928,0.06902133120762104,1.5451,1.8924,0.34730000000000016,45,1.8051,251.0,1,46,1.737,0.06809999999999983,0.0377264417483795,False
KJ-01,kj_sv_40xx0.75-1,2550,3,3,1.7903333333333336,0.19848920205727388,0.11086717672162011,1.5616,1.9173,0.3556999999999999,42,1.8921,208.0,1,41,1.5616,0.3304999999999998,0.1746736430421224,False
KJ-01,kj_sv_40xx0.75-1,2551,7,7,1.673857142857143,0.0936097013694424,0.05592454635026856,1.5598,1.8511,0.2912999999999999,46,1.7156,135.0,2,45;47,1.8511;1.6493,0.13549999999999995,0.07898111447889948,False
KJ-01,kj_sv_40xx0.75-1,2553,9,8,1.63645,0.08961606998747489,0.054762485861147535,1.5435,1.7537,0.21019999999999994,48,1.7537,151.0,2,47;49,1.7388;1.5435,0.21019999999999994,0.11986086559844895,False
KJ-01,kj_sv_40xx0.75-1,2555,3,3,1.4890999999999999,0.20368978864930856,0.136787179268893,1.2539,1.6072,0.35329999999999995,41,1.6062,111.0,1,42,1.6072,0.0009999999999998899,0.0006225874735399638,False
KJ-01,kj_sv_40xx0.75-1,2556,8,8,1.5059,0.29530598174968087,0.19609933046661854,0.7817,1.6889,0.9072000000000001,45,1.6889,172.0,2,44;46,1.6194;1.6002,0.0887,0.05251939131979395,False
KJ-01,kj_sv_40xx0.75-1,2560,7,7,1.4712428571428569,0.20958294982450945,0.14245299394793193,1.0703,1.6236,0.5532999999999999,43,1.6137,136.0,2,42;44,1.6229;1.605,0.009200000000000097,0.005701183615294105,False
KJ-01,kj_sv_40xx0.75-1,2563,8,8,1.4940625,0.12239615934100449,0.08192171300799296,1.2734,1.6332,0.3597999999999999,47,1.5864,219.0,2,46;48,1.543;1.5824,0.043400000000000105,0.027357539082198755,False
KJ-01,kj_sv_40xx0.75-1,2564,7,5,1.4972599999999998,0.19674930241299457,0.13140623700158596,1.1666,1.6849,0.5183,43,1.5678,147.0,1,44,1.4968,0.07100000000000017,0.04528638856997077,False
KJ-01,kj_sv_40xx0.75-1,2567,10,10,1.4900499999999999,0.14022123194755096,0.09410505147313913,1.2222,1.6251,0.40290000000000004,46,1.6055,125.0,2,45;47,1.6251;1.5372,0.06830000000000003,0.042541264403612604,False
KJ-01,kj_sv_40xx0.75-1,2568,3,3,1.5142,0.15219977003924806,0.10051497162808616,1.3385,1.6055,0.2669999999999999,41,1.6055,192.0,0,,,,,False
KJ-01,kj_sv_40xx0.75-1,2570,5,4,1.6392,0.064393219104706,0.039283320586082235,1.5691,1.6989,0.12980000000000014,43,1.6989,116.0,2,42;44,1.5691;1.6886,0.12980000000000014,0.0764023780093002,False
KJ-01,kj_sv_40xx0.75-1,2571,13,13,1.542369230769231,0.25292868027903104,0.16398711490950002,0.8441,1.8921,1.048,48,1.8921,190.0,2,47;49,1.5473;1.558,0.3448,0.18223138311928547,False
KJ-01,kj_sv_40xx0.75-1,2576,9,7,2.7809714285714286,0.5598324621833622,0.20130823942730883,1.7446,3.5822,1.8376,45,3.5822,283.0,2,44;46,2.9289;3.0153,0.6532999999999998,0.18237396013622909,False
KJ-01,kj_sv_40xx0.75-1,2585,9,8,1.5303,0.03337638172634745,0.021810352039696432,1.4586,1.5603,0.10170000000000012,46,1.5585,127.0,2,45;47,1.5283;1.5344,0.030200000000000005,0.019377606673083095,False
KJ-01,kj_sv_40xx0.75-1,2586,8,7,1.3410571428571427,0.1055907801711061,0.0787369730913504,1.1323,1.4653,0.33299999999999996,49,1.3506,72.0,1,48,1.291,0.0596000000000001,0.04412853546571901,False
KJ-01,kj_sv_40xx0.75-1,2587,10,10,1.32942,0.19766728948749546,0.14868686305869888,1.1353,1.5185,0.3832,45,1.5172,91.0,2,44;46,1.1456;1.5166,0.37160000000000015,0.24492486158713428,False
KJ-01,kj_sv_40xx0.75-1,2588,10,10,1.41787,0.2647137155914333,0.18669815680664187,0.7701,1.6064,0.8363,42,1.6064,161.0,2,41;43,1.5919;1.5515,0.05489999999999995,0.034175796812748974,False
KJ-01,kj_sv_40xx0.75-1,2591,7,6,1.5170333333333332,0.00421220449012942,0.002776606418313872,1.5137,1.5242,0.010499999999999954,48,1.5137,141.0,0,,,,,False
KJ-01,kj_sv_40xx0.75-1,2592,8,6,1.0358333333333334,0.1336988356967504,0.12907369496066007,0.873,1.1924,0.3193999999999999,42,1.1924,57.0,1,43,0.9404,0.2519999999999999,0.21133847702113379,False
KJ-01,kj_sv_40xx0.75-1,2600,6,6,1.5361333333333331,0.2985398108572233,0.1943449858023761,1.0705,1.944,0.8734999999999999,43,1.6517,156.0,2,42;44,1.944;1.6055,0.2923,0.17696918326572622,False
KJ-01,kj_sv_40xx0.75-1,2602,12,11,1.0956090909090908,0.23227029278211822,0.21200106380040168,0.7063,1.3926,0.6863,48,1.3926,61.0,2,47;49,1.2976;1.3406,0.09499999999999997,0.06821772224615824,False
KJ-01,kj_sv_40xx0.75-1,2603,6,6,1.45645,0.1961416809349813,0.13467107070958928,1.1017,1.6202,0.5185000000000002,47,1.6096,194.0,1,46,1.6202,0.010600000000000165,0.006585487077534894,False
KJ-01,kj_sv_40xx0.75-1,2604,8,8,1.5458375,0.08253906326271043,0.053394398352162135,1.5137,1.7497,0.236,48,1.7497,137.0,2,47;49,1.5139;1.5186,0.2358,0.13476595987883638,False
KJ-01,kj_sv_40xx0.75-1,2605,7,7,1.5818285714285716,0.0667161078572412,0.0421765727729832,1.4708,1.6918,0.22099999999999986,42,1.5597,206.0,1,43,1.6079,0.04820000000000002,0.030903378854908008,False
KJ-01,kj_sv_40xx0.75-1,2606,19,19,1.6450315789473684,0.2854789971893857,0.17354013189951012,1.0757,2.4147,1.3389999999999997,51,2.4147,196.0,2,50;52,1.8493;1.5137,0.9009999999999998,0.3731312378349277,True
KJ-01,kj_sv_40xx0.75-1,2607,10,6,1.0649499999999998,0.12556500706805218,0.11790695062496098,0.8465,1.2079,0.36139999999999994,50,1.2079,44.0,0,,,,,False
KJ-01,kj_sv_40xx0.75-1,2608,9,9,1.4188333333333332,0.11409951796567765,0.08041784421403336,1.331,1.6077,0.27669999999999995,45,1.3518,117.0,2,44;46,1.3506;1.6077,0.2559,0.1893031513537506,False
KJ-01,kj_sv_40xx0.75-1,2610,4,4,1.4504249999999999,0.0980362305476909,0.06759138221396549,1.3417,1.5712,0.22950000000000004,45,1.4101,176.0,1,44,1.5712,0.16110000000000002,0.11424721650946744,False
KJ-01,kj_sv_40xx0.75-1,2611,22,14,1.358,0.19828549347614144,0.14601288179391858,1.006,1.5143,0.5083,54,1.5137,85.0,2,53;55,1.5137;1.5137,0.0,0.0,False
KJ-01,kj_sv_40xx0.75-1,2615,4,4,1.565575,0.036699897820021185,0.023441801140169704,1.532,1.6178,0.08579999999999988,45,1.6178,134.0,1,44,1.532,0.08579999999999988,0.05303498578316224,False
KJ-01,kj_sv_40xx0.75-1,2616,12,11,1.4826545454545454,0.17226155905271703,0.11618455531723736,1.0195,1.628,0.6084999999999998,46,1.4469,110.0,2,45;47,1.5806;1.5526,0.13369999999999993,0.09240445089501688,False
KJ-01,kj_sv_40xx0.75-1,2619,7,7,1.6129571428571428,0.08181177293321656,0.05072160366784309,1.5425,1.7808,0.23829999999999996,48,1.7808,274.0,1,47,1.6378,0.14300000000000002,0.08030098831985626,False
KJ-01,kj_sv_40xx0.75-1,2621,8,8,1.5528499999999998,0.3156374140415822,0.20326329912199004,0.8367,1.8359,0.9992000000000001,43,1.8359,148.0,2,42;44,1.4339;1.5901,0.40200000000000014,0.2189661746282478,False
KJ-01,kj_sv_40xx0.75-1,2624,10,10,1.5524,0.13359339637704984,0.0860560399233766,1.357,1.7017,0.3447,50,1.6075,184.0,2,49;51,1.6881;1.66,0.0806,0.05013996889580094,False
KJ-01,kj_sv_40xx0.75-1,2635,4,4,1.563,0.051357764748867336,0.03285845473376029,1.5076,1.6071,0.09949999999999992,45,1.6071,198.0,1,44,1.6063,0.0007999999999999119,0.0004977910522057818,False
KJ-01,kj_sv_40xx0.75-1,2637,6,4,1.0151,0.17607231468916404,0.17345317179505867,0.8068,1.2055,0.39870000000000005,44,1.2055,39.0,2,43;45,1.1053;0.8068,0.39870000000000005,0.33073413521360434,False
KJ-01,kj_sv_40xx0.75-1,2638,8,8,1.3288125,0.021561635075820585,0.01622624341343913,1.2925,1.3447,0.052200000000000024,44,1.3392,81.0,2,43;45,1.3447;1.3389,0.00550000000000006,0.004106929510155362,False
KJ-01,kj_sv_40xx0.75-1,2639,8,8,1.3576875000000002,0.025790166315311534,0.018995657185701075,1.3379,1.4188,0.08089999999999997,49,1.3501,126.0,1,48,1.4188,0.06869999999999998,0.05088511962076882,False
KJ-01,kj_sv_40xx0.75-1,2640,5,5,1.4412600000000002,0.18753568460429074,0.13011925995607365,1.158,1.6055,0.4475,46,1.6055,116.0,1,45,1.5887,0.016799999999999926,0.010464029897228232,False
KJ-01,kj_sv_40xx0.75-1,2642,7,7,1.5797571428571426,0.05796915435939061,0.03669497847912738,1.4559,1.6213,0.1654,45,1.6055,117.0,2,44;46,1.6213;1.6055,0.015800000000000036,0.009841170974774237,False
KJ-01,kj_sv_40xx0.75-1,2644,7,5,1.4005199999999998,0.21602143875087954,0.15424373714825892,1.0885,1.6059,0.5174000000000001,42,1.6059,100.0,1,43,1.363,0.24290000000000012,0.15125474811632114,False
KJ-01,kj_sv_40xx0.75-1,2645,12,8,1.3839375,0.19252847609416865,0.13911645294254157,1.057,1.5595,0.5025000000000002,47,1.5595,77.0,2,46;48,1.5594;1.3301,0.22940000000000005,0.14709842898364864,False
KJ-01,kj_sv_40xx0.75-1,2649,10,10,1.48725,0.27686837325904723,0.18616128644077812,0.78,1.8632,1.0832,49,1.5942,190.0,2,48;50,1.8632;1.653,0.2689999999999999,0.16873667043030982,False
KJ-01,kj_sv_40xx0.75-1,2650,7,6,1.8028833333333332,0.5710168418415229,0.31672423350088635,1.3419,2.8227,1.4808000000000001,45,2.8227,160.0,2,44;46,1.5287;2.0861,1.2940000000000003,0.45842632940092826,True
KJ-01,kj_sv_40xx0.75-1,2651,7,7,2.084457142857143,0.49712879906231827,0.23849317351802646,1.5141,2.7165,1.2024,46,2.0618,231.0,2,45;47,2.6489;1.5509,0.5871,0.2847511882820836,True
KJ-01,kj_sv_40xx0.75-1,2652,3,3,1.6107666666666667,0.05599654751262194,0.034763910050672725,1.5495,1.6593,0.1097999999999999,44,1.6593,118.0,1,43,1.6235,0.035800000000000054,0.021575363104923796,False
KJ-01,kj_sv_40xx0.75-1,2653,19,19,1.6151368421052634,0.16425784679557356,0.10169902791733133,1.0824,1.8677,0.7852999999999999,47,1.5895,172.0,2,46;48,1.6115;1.634,0.044499999999999984,0.02799622522805913,False
KJ-01,kj_sv_40xx0.75-1,2654,7,6,1.5813666666666666,0.15257935203252979,0.09648575200724888,1.5137,1.8921,0.37839999999999985,42,1.8921,92.0,1,43,1.5137,0.37839999999999985,0.19998942973415773,False
KJ-01,kj_sv_40xx0.75-1,2656,3,3,1.4403333333333332,0.06497209657486303,0.0451090695960632,1.3952,1.5148,0.11959999999999993,43,1.5148,56.0,2,42;44,1.3952;1.411,0.11959999999999993,0.07895431740163714,False
KJ-01,kj_sv_40xx0.75-1,2657,7,7,1.3888,0.17405175475511114,0.1253252842418715,1.1416,1.5142,0.37260000000000004,46,1.5137,135.0,2,45;47,1.5137;1.5142,0.0004999999999999449,0.0003303164431525037,False
KJ-01,kj_sv_40xx0.75-1,2660,6,4,1.5966,0.029391041719090787,0.01840851917768432,1.5715,1.6388,0.06730000000000014,42,1.6388,104.0,1,43,1.5715,0.06730000000000014,0.04106663412252876,False
KJ-01,kj_sv_40xx0.75-1,2662,7,6,1.29675,0.148913300279055,0.11483578197729323,1.0063,1.4052,0.39890000000000003,47,1.3706,82.0,2,46;48,1.3658;1.0063,0.36430000000000007,0.265796001751058,False
KJ-01,kj_sv_40xx0.75-1,2663,3,3,1.5795000000000001,0.04203046514137087,0.026609981096151227,1.5335,1.6159,0.0823999999999998,44,1.6159,130.0,1,43,1.5891,0.026799999999999935,0.01658518472677761,False
KJ-01,kj_sv_40xx0.75-1,2664,9,6,1.2383,0.10912273823543836,0.08812302207497243,1.0703,1.338,0.26770000000000005,47,1.3379,80.0,2,46;48,1.3067;1.0703,0.26760000000000006,0.2000149488003588,False
KJ-01,kj_sv_40xx0.75-1,2665,10,10,1.48597,0.20063273273432838,0.1350180237382507,0.9589,1.6228,0.6639,46,1.6068,121.0,2,45;47,1.4118;1.6055,0.19500000000000006,0.12135922330097092,False
KJ-01,kj_sv_40xx0.75-1,2666,13,10,1.41645,0.32890687722954176,0.2322050741145411,1.0865,2.1466,1.0600999999999998,42,2.1466,265.0,1,43,1.8421,0.30449999999999977,0.14185223143575879,False
KJ-01,kj_sv_40xx0.75-1,2667,7,7,1.1780285714285714,0.09105312944074129,0.0772928022707658,1.1356,1.3841,0.24850000000000017,42,1.3841,96.0,1,43,1.1527,0.23140000000000005,0.16718445199046314,False
KJ-01,kj_sv_40xx0.75-1,2670,5,4,1.613725,0.028198271223605197,0.017474025142824954,1.5823,1.6448,0.0625,44,1.6448,223.0,2,43;45,1.5992;1.6286,0.045600000000000085,0.027723735408560362,False
KJ-01,kj_sv_40xx0.75-1,2673,9,9,1.5275222222222224,0.15818535628952657,0.10355682816803821,1.3474,1.6866,0.33920000000000017,48,1.6783,140.0,2,47;49,1.6825;1.6068,0.0714999999999999,0.04260263361735083,False
KJ-01,kj_sv_40xx0.75-1,2674,8,5,0.9857400000000001,0.17939354224720577,0.18198870112525184,0.7505,1.2077,0.45720000000000005,49,1.2077,32.0,0,,,,,False
KJ-01,kj_sv_40xx0.75-1,2678,15,15,1.4785800000000002,0.19234726482514453,0.1300891834227059,0.8242,1.6185,0.7943,45,1.5391,118.0,2,44;46,1.4522;1.44,0.09909999999999997,0.06438827886427131,False
KJ-01,kj_sv_40xx0.75-1,2679,12,10,1.24723,0.17481323398924284,0.14016118437597141,0.8477,1.3597,0.5119999999999999,48,1.3457,78.0,2,47;49,1.345;1.3383,0.007399999999999851,0.005498996804636881,False
KJ-01,kj_sv_40xx0.75-1,2681,8,7,1.375557142857143,0.4304584953168844,0.31293392466618103,0.4151,1.586,1.1709,44,1.58,108.0,2,43;45,1.3668;1.5625,0.21320000000000006,0.13493670886075954,False
KJ-01,kj_sv_40xx0.75-1,2686,15,15,1.4843133333333332,0.11896791204034006,0.08015013364676377,1.2073,1.6459,0.4385999999999999,51,1.5879,128.0,2,50;52,1.4427;1.5475,0.1452,0.09144152654449272,False
KJ-01,kj_sv_40xx0.75-1,2687,5,3,1.0245666666666666,0.2330454104532705,0.22745753696190635,0.7568,1.1816,0.42479999999999996,47,1.1353,33.0,1,46,0.7568,0.37849999999999995,0.33339205496344576,False
KJ-01,kj_sv_40xx0.75-1,2688,9,9,1.4609444444444444,0.35048334878818105,0.2399019005280929,0.7575,1.8921,1.1345999999999998,49,1.8921,142.0,2,48;50,1.8921;1.5178,0.37429999999999986,0.19782252523650964,False
KJ-01,kj_sv_40xx0.75-1,2689,8,8,1.3555,0.19008551459052017,0.1402327662047364,1.0878,1.6122,0.5244,47,1.6122,129.0,2,46;48,1.4143;1.3743,0.2379,0.14756233717901004,False
KJ-01,kj_sv_40xx0.75-1,2691,8,7,1.569257142857143,0.17885635630437124,0.1139751742526581,1.1922,1.6882,0.496,48,1.6876,131.0,2,47;49,1.509;1.6882,0.1786000000000001,0.10583076558426173,False
KJ-01,kj_sv_40xx0.75-1,2692,10,9,1.5719888888888889,0.1487324900992084,0.09461421206630492,1.4175,1.949,0.5315000000000001,52,1.949,118.0,1,51,1.5552,0.39380000000000015,0.20205233453052854,False
KJ-01,kj_sv_40xx0.75-1,2693,15,13,2.0034615384615386,0.5869665174131337,0.29297618454101504,1.3412,2.9263,1.5851,49,2.8163,203.0,2,48;50,2.9263;2.2031,0.6132,0.2177324858857366,True
KJ-01,kj_sv_40xx0.75-1,2694,8,8,1.4380125,0.2909976359133229,0.202360991933883,0.737,1.6319,0.8948999999999999,44,1.5713,155.0,2,43;45,1.5632;1.5743,0.008099999999999996,0.005154967224591101,False
KJ-01,kj_sv_40xx0.75-1,2695,16,16,2.31125625,0.8794478093051723,0.38050640611795955,1.2689,4.187,2.9181000000000004,51,4.187,223.0,2,50;52,2.9676;1.5142,2.6728000000000005,0.6383568187246239,True
KJ-01,kj_sv_40xx0.75-1,2698,8,8,1.6006874999999998,0.09001292665104116,0.056233916146056724,1.4241,1.7036,0.2795000000000001,49,1.7036,191.0,2,48;50,1.6191;1.6842,0.08450000000000002,0.04960084526884246,False
KJ-01,kj_sv_40xx0.75-1,2700,11,11,1.4833818181818181,0.1054115346457096,0.07106163319091545,1.1791,1.5603,0.3812,48,1.5137,105.0,2,47;49,1.5137;1.5137,0.0,0.0,False
KJ-01,kj_sv_40xx0.75-1,2701,3,3,1.7530333333333334,0.16275786719336596,0.09284356669013669,1.5754,1.895,0.3196000000000001,43,1.7887,158.0,0,,,,,False
KJ-01,kj_sv_40xx0.75-1,2702,4,4,1.42905,0.39382025087595474,0.27558185569151167,0.8403,1.6642,0.8238999999999999,43,1.6264,109.0,1,44,1.6642,0.037799999999999834,0.023241515002459315,False
KJ-01,kj_sv_40xx0.75-1,2703,8,7,1.531442857142857,0.10006842420968526,0.06534257791138112,1.3672,1.6115,0.24429999999999996,45,1.6062,134.0,2,44;46,1.6115;1.5632,0.04300000000000015,0.026771261362221483,False
KJ-01,kj_sv_40xx0.75-1,2707,9,9,1.4626111111111113,0.17061171152975144,0.11664871833234039,1.0853,1.6231,0.5378000000000001,47,1.573,234.0,2,46;48,1.5571;1.6231,0.05010000000000003,0.0318499682136046,False
KJ-01,kj_sv_40xx0.75-1,2708,5,5,1.5137,0.0,0.0,1.5137,1.5137,0.0,47,1.5137,163.0,1,46,1.5137,0.0,0.0,False
KJ-01,kj_sv_40xx0.75-1,2709,5,5,1.4707599999999998,0.20277472229052607,0.1378707078588798,1.1584,1.6582,0.4997999999999998,43,1.6582,118.0,1,44,1.5478,0.11039999999999983,0.06657821734410797,False
KJ-01,kj_sv_40xx0.75-1,2713,4,4,1.600625,0.019603804902790307,0.012247593847897108,1.5785,1.6234,0.04489999999999994,45,1.6088,276.0,2,44;46,1.5918;1.6234,0.016999999999999904,0.010566882148184922,False
KJ-01,kj_sv_40xx0.75-1,2714,10,9,1.3744222222222224,0.03766984131164399,0.02740776502488285,1.3379,1.4297,0.09179999999999988,47,1.4078,127.0,2,46;48,1.3379;1.3387,0.06989999999999985,0.04965193919590841,False
KJ-01,kj_sv_40xx0.75-1,2715,8,6,1.6313000000000002,0.0785056431092695,0.04812458965810672,1.5596,1.7685,0.20889999999999986,50,1.7685,147.0,1,51,1.6456,0.12290000000000001,0.06949392140231836,False
KJ-01,kj_sv_40xx0.75-1,2718,5,5,1.20846,0.37067008646503974,0.3067292971757772,0.8027,1.5849,0.7822,47,1.5849,78.0,1,46,1.3746,0.21029999999999993,0.13268975960628426,False
KJ-01,kj_sv_40xx0.75-1,2719,9,8,1.4285125,0.18948183054621062,0.13264275289590438,1.1353,1.7172,0.5819000000000001,47,1.5395,87.0,2,46;48,1.5139;1.5185,0.025600000000000067,0.016628775576485913,False
KJ-01,kj_sv_40xx0.75-1,2720,8,7,1.5297857142857143,0.05387480637463823,0.03521722413246184,1.445,1.6248,0.17979999999999996,45,1.6248,122.0,2,44;46,1.549;1.5072,0.11759999999999993,0.07237813884785815,False
KJ-01,kj_sv_40xx0.75-1,2722,8,8,1.4938875,0.1257005220752881,0.08414323171944882,1.3426,1.6087,0.2661,46,1.6055,136.0,2,45;47,1.3458;1.3426,0.2628999999999999,0.16374961071317343,False
KJ-01,kj_sv_40xx0.75-1,2723,6,6,1.5009500000000002,0.1263491946947031,0.08417948279070128,1.3401,1.6055,0.26539999999999986,44,1.6055,110.0,2,43;45,1.5987;1.6055,0.006799999999999917,0.0042354406726875845,False
KJ-01,kj_sv_40xx0.75-1,2725,8,8,1.560825,0.11995816830402649,0.07685561693593228,1.5137,1.8565,0.3428,44,1.8565,159.0,2,43;45,1.545;1.5154,0.34109999999999996,0.183732830595206,False
KJ-01,kj_sv_40xx0.75-1,2726,6,6,1.5560666666666665,0.030140515368298957,0.0193696812700606,1.5207,1.6058,0.08509999999999995,47,1.5606,120.0,2,46;48,1.5603;1.5605,0.00029999999999996696,0.00019223375624757591,False
KJ-01,kj_sv_40xx0.75-1,2728,12,12,1.796433333333333,0.425915517302185,0.2370895203285316,1.5137,3.0353,1.5215999999999998,48,3.0353,225.0,2,47;49,1.8493;1.8921,1.186,0.39073567686884325,True
KJ-01,kj_sv_40xx0.75-1,2729,12,11,1.5792454545454546,0.21732878485666074,0.13761558358843798,1.1353,1.8916,0.7563,54,1.8916,130.0,1,53,1.8179,0.07369999999999988,0.0389617255233664,False
KJ-01,kj_sv_40xx0.75-1,2731,6,6,1.57855,0.04330028868264045,0.027430419487910078,1.5102,1.6149,0.10470000000000002,48,1.6141,213.0,2,47;49,1.6149;1.5688,0.04530000000000012,0.028065175639675432,False
KJ-01,kj_sv_40xx0.75-1,2733,20,9,0.9723333333333333,0.18313586486540534,0.18834679279952557,0.7278,1.2531,0.5253000000000001,49,1.2531,38.0,2,48;50,0.7278;0.8647,0.5253000000000001,0.41920038305003593,True
KJ-01,kj_sv_40xx0.75-1,2734,11,11,1.2521545454545455,0.17837642985347793,0.14245560222658088,1.0493,1.514,0.4647000000000001,52,1.5128,68.0,2,51;53,1.4397;1.4213,0.09149999999999991,0.06048387096774188,False
KJ-01,kj_sv_40xx0.75-1,2738,7,7,1.3177285714285711,0.41867752393413604,0.3177266798429064,0.3784,1.5137,1.1353,43,1.5137,107.0,1,44,1.5137,0.0,0.0,False
KJ-01,kj_sv_40xx0.75-1,2739,5,4,1.26645,0.16695974564746635,0.13183287587150408,1.0577,1.4127,0.355,43,1.3891,51.0,1,44,1.4127,0.023600000000000065,0.01698941760852355,False
KJ-01,kj_sv_40xx0.75-1,2740,13,13,1.4365153846153846,0.19571945417763087,0.1362459854406872,0.9851,1.6392,0.6541,54,1.5896,205.0,2,53;55,1.5511;1.4237,0.16589999999999994,0.10436587820835427,False
KJ-01,kj_sv_40xx0.75-1,2741,12,10,1.53084,0.08987500208623084,0.058709598708049725,1.2776,1.5919,0.3143,47,1.5571,99.0,2,46;48,1.5532;1.5564,0.0039000000000000146,0.0025046560914520678,False
KJ-01,kj_sv_40xx0.75-1,2742,12,11,1.7877000000000003,0.4913160327121434,0.2748313658399862,1.3564,2.8262,1.4698,49,2.5492,196.0,2,48;50,2.8262;1.5342,1.015,0.3981641299231131,True
KJ-01,kj_sv_40xx0.75-1,2746,10,7,1.4599714285714285,0.06893254466712886,0.04721499566233215,1.3466,1.514,0.1674,46,1.514,124.0,2,45;47,1.5137;1.5058,0.008199999999999985,0.005416116248348735,False
KJ-01,kj_sv_40xx0.75-1,2747,6,5,1.3636599999999999,0.20284980404230124,0.1487539445626485,1.1418,1.5253,0.3835000000000002,47,1.5253,85.0,2,46;48,1.1418;1.5245,0.3835000000000002,0.2514259489936407,False
KJ-01,kj_sv_40xx0.75-1,2748,11,10,1.2284600000000003,0.12344269205676865,0.10048572363509485,1.1386,1.533,0.39439999999999986,47,1.533,76.0,2,46;48,1.1709;1.3553,0.36209999999999987,0.2362035225048923,False
KJ-01,kj_sv_40xx0.75-1,2749,13,11,1.3091454545454546,0.2035125075450468,0.155454465994161,0.8027,1.5749,0.7722,52,1.3637,85.0,2,51;53,1.3489;1.528,0.1643000000000001,0.12048104421793658,False
KJ-01,kj_sv_40xx0.75-1,2751,10,10,1.4301099999999998,0.1690446650379058,0.11820395986176296,1.162,1.6068,0.4448000000000001,49,1.6055,131.0,2,48;50,1.6055;1.6068,0.0013000000000000789,0.0008097165991903326,False
KJ-01,kj_sv_40xx0.75-1,2752,15,13,1.5500692307692308,0.27326946220600457,0.1762950046240148,0.8118,1.7904,0.9786,51,1.7904,140.0,2,50;52,1.7317;1.7671,0.058699999999999974,0.032785969615728314,False
KJ-01,kj_sv_40xx0.75-1,2754,10,8,0.8258,0.4838869318933327,0.5859614094130936,0.5809,2.0132,1.4323,52,2.0132,102.0,1,51,0.7797,1.2334999999999998,0.6127061394794356,True
KJ-01,kj_sv_40xx0.75-1,2758,9,9,1.4643333333333333,0.16504135845296475,0.11270750634165588,1.0322,1.5448,0.5126,44,1.526,139.0,1,45,1.5408,0.014799999999999924,0.009698558322411484,False
KJ-01,kj_sv_40xx0.75-1,2760,8,8,1.6330624999999999,0.22700071074463934,0.13900307596594702,1.1353,1.8921,0.7567999999999999,46,1.6542,188.0,2,45;47,1.8921;1.6019,0.2379,0.14381574174827713,False
KJ-01,kj_sv_40xx0.75-1,2762,11,11,1.4794818181818181,0.1880739047192981,0.12712147077983565,0.9819,1.6011,0.6192,48,1.6011,102.0,2,47;49,1.5761;1.56,0.041099999999999914,0.025669851976765922,False
KJ-01,kj_sv_40xx0.75-1,2764,9,9,1.7677222222222222,0.2858670485460758,0.16171491479397104,1.4,2.2993,0.8993000000000002,47,2.2993,195.0,2,46;48,1.7644;2.1749,0.5349000000000002,0.2326360196581569,True
KJ-01,kj_sv_40xx0.75-1,2765,6,6,1.6188166666666666,0.06973250079171597,0.043076218714317646,1.5676,1.7554,0.18779999999999997,49,1.7554,149.0,1,48,1.6259,0.12950000000000017,0.07377235957616507,False
KJ-01,kj_sv_40xx0.75-1,2766,6,6,1.522333333333333,0.20391905910597638,0.13395164819748834,1.1158,1.6457,0.5299,49,1.6382,212.0,1,48,1.6457,0.00749999999999984,0.0045781955805151014,False
KJ-01,kj_sv_40xx0.75-1,2768,5,4,1.5344,0.015272633477345459,0.009953488971158407,1.5232,1.5564,0.033199999999999896,48,1.5564,121.0,1,47,1.533,0.023400000000000087,0.015034695451040919,False
KJ-01,kj_sv_40xx0.75-1,2769,18,18,1.7507611111111112,0.14892043726093113,0.08506039819814112,1.5429,2.0794,0.5365000000000002,52,1.7969,226.0,2,51;53,1.9034;1.5429,0.254,0.14135455506705993,False
KJ-01,kj_sv_40xx0.75-1,2772,9,8,1.5128625000000002,0.062121147480433056,0.041061991741108694,1.3782,1.568,0.18979999999999997,47,1.542,117.0,2,46;48,1.568;1.466,0.07600000000000007,0.04928664072632948,False
KJ-01,kj_sv_40xx0.75-1,2776,7,7,1.4878999999999998,0.15041979036461037,0.10109536283662235,1.1589,1.5918,0.43290000000000006,47,1.5632,126.0,2,46;48,1.5611;1.563,0.0020999999999999908,0.001343398157625378,False
KJ-01,kj_sv_40xx0.75-1,2777,8,7,1.555042857142857,0.0698339424908083,0.04490805007079807,1.4368,1.6383,0.2015,51,1.5277,277.0,1,50,1.6169,0.08919999999999995,0.058388427047195095,False
KJ-01,kj_sv_40xx0.75-1,2780,9,9,1.5511333333333335,0.29963856978032716,0.19317396083315025,0.8474,1.8265,0.9791,50,1.8265,186.0,2,49;51,1.8017;1.638,0.1885000000000001,0.10320284697508902,False
KJ-01,kj_sv_40xx0.75-1,2781,7,7,1.4564571428571427,0.2556194427734509,0.17550769964435778,0.8822,1.5888,0.7066,46,1.5834,253.0,1,47,1.4858,0.09759999999999991,0.06163950991537193,False
KJ-01,kj_sv_40xx0.75-1,2783,8,8,1.567825,0.0831197028387373,0.05301593152216434,1.3861,1.6219,0.2357999999999998,46,1.6219,129.0,2,45;47,1.5958;1.6167,0.02609999999999979,0.01609223749922917,False
KJ-01,kj_sv_40xx0.75-1,2785,15,11,1.4735818181818183,0.17379884244828456,0.11794312355368675,1.1353,1.686,0.5507,51,1.686,88.0,2,50;52,1.5223;1.5463,0.16369999999999996,0.09709371293001184,False
KJ-01,kj_sv_40xx0.75-1,2786,7,7,1.455957142857143,0.12512862525075089,0.08594251957526773,1.2657,1.6057,0.33999999999999986,48,1.5255,116.0,2,47;49,1.47;1.5822,0.05669999999999997,0.03716814159292033,False
KJ-01,kj_sv_40xx0.75-1,2787,5,5,1.6555199999999999,0.19252508148290703,0.11629281523805635,1.3855,1.922,0.5365,48,1.922,256.0,1,47,1.7096,0.21239999999999992,0.11050988553590006,False
KJ-01,kj_sv_40xx0.75-1,2788,3,3,1.7499,0.03855087547644018,0.02203033057685592,1.7058,1.7772,0.07139999999999991,45,1.7772,200.0,2,44;46,1.7058;1.7667,0.07139999999999991,0.040175557056043164,False
KJ-01,kj_sv_40xx0.75-1,2789,9,7,1.1425142857142858,0.30688054368962214,0.26860105604523293,0.765,1.5532,0.7881999999999999,47,1.5532,68.0,2,46;48,1.4915;1.1546,0.39859999999999984,0.25663147051249025,False
KJ-01,kj_sv_40xx0.75-1,2790,13,13,1.6276384615384614,0.18521643437908678,0.11379457954318566,1.2069,1.9374,0.7304999999999999,50,1.7652,187.0,2,49;51,1.9374;1.7845,0.1721999999999999,0.09755268524813046,False
KJ-01,kj_sv_40xx0.75-1,2792,20,19,1.5546526315789475,0.10333228692169662,0.06646647927823564,1.3426,1.6702,0.3275999999999999,53,1.6091,149.0,1,52,1.5965,0.012599999999999945,0.007830464234665307,False
KJ-01,kj_sv_40xx0.75-1,2793,8,8,1.5203875,0.0033812244189684823,0.0022239227953192737,1.5147,1.5256,0.010900000000000132,47,1.5147,125.0,2,46;48,1.5224;1.5177,0.00770000000000004,0.005083514887436483,False
KJ-01,kj_sv_40xx0.75-1,2794,3,3,1.3498999999999999,0.020178453855536065,0.014948110123369187,1.3382,1.3732,0.03499999999999992,45,1.3732,105.0,2,44;46,1.3383;1.3382,0.03499999999999992,0.025487911447713313,False
KJ-01,kj_sv_40xx0.75-1,2795,6,6,1.6625833333333333,0.047415584639089556,0.02851922287950853,1.5868,1.6976,0.11080000000000001,47,1.6976,141.0,2,46;48,1.6924;1.6875,0.010099999999999998,0.0059495758718190375,False
KJ-01,kj_sv_40xx0.75-1,2798,7,6,1.6073333333333333,0.023476087124277446,0.014605612064046524,1.5918,1.6431,0.0512999999999999,47,1.6431,132.0,2,46;48,1.6314;1.5936,0.0495000000000001,0.030125981376666118,False
KJ-01,kj_sv_40xx0.75-1,2802,18,12,1.477941666666667,0.17992790706953782,0.1217422251010388,1.0703,1.6252,0.5549,55,1.6092,109.0,2,54;56,1.614;1.6056,0.0048000000000001375,0.0029828486204325987,False
KJ-01,kj_sv_40xx0.75-1,2805,3,3,1.5526333333333333,0.013554458061218622,0.008729980073349764,1.537,1.5611,0.02410000000000001,46,1.5611,112.0,1,45,1.5598,0.0012999999999998568,0.0008327461405418339,False
KJ-01,kj_sv_40xx0.75-1,2807,3,3,1.2155333333333334,0.5164398157901202,0.424866847850151,0.6192,1.5137,0.8945000000000001,46,1.5137,83.0,1,45,1.5137,0.0,0.0,False
KJ-01,kj_sv_40xx0.75-1,2808,7,7,1.8024285714285715,0.15188627010898337,0.08426756683545086,1.5187,1.9505,0.43179999999999996,47,1.8921,253.0,2,46;48,1.8583;1.9505,0.05840000000000001,0.030865176259182923,False
KJ-01,kj_sv_40xx0.75-1,2809,8,8,1.5215750000000001,0.014054663689628868,0.009236918120781997,1.514,1.5558,0.04180000000000006,48,1.5184,137.0,2,47;49,1.514;1.5196,0.0043999999999999595,0.00289778714436246,False
KJ-01,kj_sv_40xx0.75-1,2811,9,8,1.4113875,0.09309861802718354,0.06596247878572223,1.2493,1.5264,0.2770999999999999,47,1.5264,125.0,2,46;48,1.3949;1.5208,0.13149999999999995,0.0861504192872117,False
KJ-01,kj_sv_40xx0.75-1,2813,10,10,1.30335,0.1911421126340876,0.1466544770277267,0.8436,1.4425,0.5988999999999999,48,1.4425,114.0,2,47;49,1.4049;1.4105,0.037599999999999856,0.026065857885615152,False
KJ-01,kj_sv_40xx0.75-1,2816,15,12,1.2513583333333334,0.14634501239029343,0.11694892541328564,1.0798,1.5349,0.45509999999999984,47,1.5349,66.0,2,46;48,1.1353;1.1353,0.39959999999999996,0.26034269333507065,False
KJ-01,kj_sv_40xx0.75-1,2819,13,11,1.396209090909091,0.15159844626212668,0.10857861279460575,1.081,1.6055,0.5245,50,1.6055,112.0,2,49;51,1.338;1.579,0.26749999999999985,0.1666147617564621,False
KJ-01,kj_sv_40xx0.75-1,2821,9,7,1.8055714285714288,0.26955210204019137,0.14928908254461107,1.5249,2.2745,0.7496000000000003,52,1.9509,240.0,1,51,1.8923,0.058599999999999985,0.03003741862730021,False
KJ-01,kj_sv_40xx0.75-1,2822,11,10,1.4406500000000002,0.27885137917296854,0.19355942052057648,1.1537,1.8929,0.7392000000000001,49,1.5137,99.0,2,48;50,1.5232;1.5137,0.009500000000000064,0.006276012419898305,False
KJ-01,kj_sv_40xx0.75-1,2824,7,7,1.6094857142857144,0.24910205692026063,0.15477121338154373,1.1884,1.8921,0.7037,51,1.8305,193.0,1,50,1.8089,0.021600000000000064,0.011800054629882581,False
KJ-01,kj_sv_40xx0.75-1,2825,11,11,1.5250636363636365,0.11252463083900584,0.07378356427624863,1.2479,1.6764,0.4284999999999999,49,1.5585,89.0,2,48;50,1.5628;1.56,0.0042999999999999705,0.0027590632017965803,False
KJ-01,kj_sv_40xx0.75-1,2827,12,12,1.9590083333333335,0.5842155228996999,0.2982200294705399,1.1353,2.8086,1.6733000000000002,53,2.8086,216.0,2,52;54,2.2948;2.7473,0.5138000000000003,0.18293811863561923,False
KJ-01,kj_sv_40xx0.75-1,2828,3,3,1.3452666666666666,0.27097380562211787,0.20142757739886855,1.0597,1.5988,0.5390999999999999,45,1.5988,118.0,1,46,1.3773,0.22150000000000003,0.13854140605454093,False
KJ-01,kj_sv_40xx0.75-1,2830,8,8,1.3435125,0.1880716158237905,0.13998501377827932,1.0828,1.548,0.46520000000000006,52,1.548,110.0,1,51,1.516,0.03200000000000003,0.020671834625323016,False
KJ-01,kj_sv_40xx0.75-1,2832,10,10,1.50333,0.2592039953824444,0.17241989142932315,0.8059,1.7836,0.9777000000000001,47,1.7836,121.0,2,46;48,1.6733;1.5587,0.2249000000000001,0.12609329446064144,False
KJ-01,kj_sv_40xx0.75-1,2833,8,8,1.63095,0.060326895210298055,0.03698880726588679,1.5568,1.6921,0.13529999999999998,50,1.6921,150.0,2,49;51,1.5656;1.6896,0.12649999999999983,0.07475917498965773,False
KJ-01,kj_sv_40xx0.75-1,2835,25,20,1.548505,0.15864936005975072,0.1024532436509735,1.1393,1.8922,0.7529000000000001,48,1.5531,84.0,2,47;49,1.5385;1.5385,0.014599999999999946,0.009400553731247149,False
KJ-01,kj_sv_40xx0.75-1,2837,6,6,1.5172,0.22758217856413976,0.15000143591098059,1.0943,1.7131,0.6188,45,1.641,122.0,1,46,1.6696,0.02859999999999996,0.01742839731870808,False
KJ-01,kj_sv_40xx0.75-1,2838,4,3,1.638366666666667,0.06324312874402513,0.03860132779232881,1.5987,1.7113,0.11260000000000003,45,1.5987,89.0,1,46,1.6051,0.006399999999999961,0.004003252642772228,False
KJ-01,kj_sv_40xx0.75-1,2839,8,8,1.6280125,0.1293541146012979,0.07945523428186078,1.5388,1.9301,0.3913,52,1.9301,144.0,1,51,1.5829,0.34719999999999995,0.1798870524843272,False
KJ-01,kj_sv_40xx0.75-1,2843,6,5,1.5728000000000002,0.030199420524241828,0.019201055775840428,1.5236,1.5976,0.07399999999999984,50,1.5647,109.0,1,49,1.586,0.021300000000000097,0.013612833130951681,False
KJ-01,kj_sv_40xx0.75-1,2844,8,8,2.0101125,0.19793679682089005,0.09847050690988193,1.8004,2.2835,0.4831000000000001,51,2.2705,253.0,2,50;52,1.9305;1.8004,0.4701000000000002,0.20704690596784855,False
KJ-01,kj_sv_40xx0.75-1,2845,9,9,1.5657,0.025750825229495046,0.01644684500829983,1.5159,1.6137,0.09779999999999989,49,1.5645,153.0,2,48;50,1.5561;1.5626,0.008399999999999963,0.0053691275167785,False
KJ-01,kj_sv_40xx0.75-1,2849,7,7,1.5525142857142857,0.06882265684524315,0.04432980583723196,1.4755,1.6366,0.16110000000000002,50,1.4755,125.0,1,49,1.6053,0.12979999999999992,0.08797017960013549,False
KJ-01,kj_sv_40xx0.75-1,2852,9,9,1.344011111111111,0.01429304415130349,0.010634617551254654,1.326,1.3761,0.05010000000000003,50,1.3379,116.0,2,49;51,1.3379;1.3761,0.03820000000000001,0.028552208685253017,False
KJ-01,kj_sv_40xx0.75-1,2853,11,9,1.2077,0.20943346795581644,0.17341514279690026,0.8196,1.589,0.7694,52,1.3496,71.0,1,53,1.1999,0.14969999999999994,0.11092175459395373,False
KJ-01,kj_sv_40xx0.75-1,2854,8,7,1.5626,0.09913384891145909,0.0634416030407392,1.342,1.6302,0.2882,48,1.6005,211.0,2,47;49,1.5803;1.6167,0.020199999999999996,0.01262105592002499,False
KJ-01,kj_sv_40xx0.75-1,2857,9,8,1.574475,0.08924946978634024,0.05668522509810587,1.3536,1.6072,0.25360000000000005,50,1.6055,107.0,2,49;51,1.6055;1.6055,0.0,0.0,False
KJ-01,kj_sv_40xx0.75-1,2858,10,10,1.44401,0.10950327696770844,0.07583276914128603,1.2248,1.6079,0.3831,49,1.4051,116.0,2,48;50,1.4911;1.4437,0.08600000000000008,0.06120560814176932,False
KJ-01,kj_sv_40xx0.75-1,2859,9,8,1.4336875,0.11497508348085063,0.08019535880786477,1.3494,1.6055,0.2561,50,1.5754,120.0,2,49;51,1.3494;1.3552,0.22599999999999998,0.1434556303161102,False
KJ-01,kj_sv_40xx0.75-1,2860,8,6,1.4683,0.1406481994196869,0.09578982457242179,1.3645,1.7331,0.36860000000000004,52,1.3645,132.0,2,51;53,1.7331;1.5141,0.36860000000000004,0.27013558079882743,False
KJ-01,kj_sv_40xx0.75-1,2864,14,13,1.7862769230769229,0.5038454577114001,0.2820645842770611,1.3431,2.6981,1.3550000000000002,51,1.6789,198.0,2,50;52,2.2529;1.619,0.5739999999999998,0.3418905235570908,True
KJ-01,kj_sv_40xx0.75-1,2869,4,4,1.2957,0.25492571466997993,0.19674748373078638,1.0551,1.5181,0.4630000000000001,45,1.5181,70.0,1,46,1.5139,0.0041999999999999815,0.002766616164943009,False
KJ-01,kj_sv_40xx0.75-1,2870,14,14,1.45835,0.15660101065593904,0.10738232293752463,1.0703,1.7031,0.6328,49,1.7031,117.0,2,48;50,1.6095;1.5491,0.15400000000000014,0.09042334566378964,False
KJ-01,kj_sv_40xx0.75-1,2871,5,5,1.5485799999999998,0.025636438910269822,0.016554804343508134,1.5138,1.5754,0.06159999999999988,49,1.5467,173.0,1,48,1.5138,0.03289999999999993,0.02127109329540307,False
KJ-01,kj_sv_40xx0.75-1,2872,8,7,1.5206714285714287,0.20214911752042283,0.13293411957527781,1.0752,1.6251,0.5499,48,1.6218,133.0,2,47;49,1.6238;1.5904,0.03139999999999987,0.01936120360093715,False
KJ-01,kj_sv_40xx0.75-1,2877,11,8,1.5852,0.09053315099217205,0.05711150075206412,1.5223,1.7932,0.2708999999999999,50,1.5481,121.0,2,49;51,1.5223;1.5584,0.025800000000000045,0.016665590078160354,False
KJ-01,kj_sv_40xx0.75-1,2878,4,4,1.367275,0.03752797845163881,0.027447279041625725,1.3392,1.4197,0.08050000000000002,45,1.4197,181.0,1,46,1.3691,0.05059999999999998,0.03564133267591743,False
KJ-01,kj_sv_40xx0.75-1,2880,3,3,1.0918666666666665,0.1276002089862448,0.11686427737169815,0.946,1.1828,0.23680000000000012,47,1.1828,130.0,1,46,1.1468,0.03600000000000003,0.030436252959080173,False
KJ-01,kj_sv_40xx0.75-1,2881,8,8,1.5288625,0.18377983674183943,0.12020690987046868,1.1007,1.6604,0.5597000000000001,50,1.6604,134.0,2,49;51,1.6586;1.5732,0.08720000000000017,0.05251746567092277,False
KJ-01,kj_sv_40xx0.75-1,2882,11,11,2.5929818181818183,0.6397892056266373,0.24673879359295056,1.8921,3.418,1.5259000000000003,51,3.418,360.0,2,50;52,3.0273;3.4058,0.39070000000000027,0.11430661205383272,False
KJ-01,kj_sv_40xx0.75-1,2883,7,5,1.35802,0.3020271295761359,0.2224025637149202,0.986,1.6489,0.6629,47,1.6489,103.0,1,48,1.4925,0.1564000000000001,0.09485111286312092,False
KJ-01,kj_sv_40xx0.75-1,2886,8,8,1.509925,0.10607196680960118,0.07024982486520932,1.351,1.6056,0.25459999999999994,48,1.6056,121.0,2,47;49,1.4806;1.6055,0.125,0.07785251619332337,False
KJ-01,kj_sv_40xx0.75-1,2898,9,8,1.1085,0.18012507559233074,0.1624944299434648,0.7806,1.3309,0.5503,50,1.2019,59.0,2,49;51,0.9707;1.1867,0.23119999999999996,0.19236209335219234,False
KJ-01,kj_sv_40xx0.75-1,2900,9,9,1.3266222222222224,0.13277781043700201,0.10008712971397853,1.129,1.4937,0.3647,49,1.4937,143.0,2,48;50,1.4082;1.4028,0.09089999999999998,0.0608555934926692,False
KJ-01,kj_sv_40xx0.75-1,2902,3,3,1.5195999999999998,0.13885229562380305,0.09137424034206572,1.417,1.6776,0.26059999999999994,48,1.4642,113.0,1,47,1.6776,0.21340000000000003,0.14574511678732416,False
KJ-01,kj_sv_40xx0.75-1,2903,9,9,1.5467111111111111,0.027502338284427913,0.017781173282366256,1.5075,1.6117,0.10419999999999985,48,1.537,130.0,2,47;49,1.5377;1.5474,0.010400000000000187,0.0067664281067014885,False
KJ-01,kj_sv_40xx0.75-1,2904,12,6,1.1241666666666668,0.21316920665674646,0.18962420162201316,0.8027,1.3887,0.5860000000000001,53,1.3887,50.0,1,52,1.0709,0.3178000000000001,0.22884712320875644,False
KJ-01,kj_sv_40xx0.75-1,2910,6,6,1.6266666666666667,0.028177414123135274,0.01732218081340283,1.5839,1.6577,0.07379999999999987,48,1.62,197.0,2,47;49,1.6068;1.6476,0.027599999999999847,0.01703703703703694,False
KJ-01,kj_sv_40xx0.75-1,2912,9,9,1.6791444444444443,0.3788389272207619,0.22561425759062864,1.5173,2.6765,1.1591999999999998,47,1.711,136.0,2,46;48,2.6765;1.5415,0.9654999999999998,0.564289888953828,True
KJ-01,kj_sv_40xx0.75-1,2915,10,9,2.705311111111111,0.5024475182654514,0.1857263352084814,1.5495,3.2444,1.6949,46,3.2444,407.0,1,47,2.7797,0.4647000000000001,0.1432314141289607,False
KJ-01,kj_sv_40xx0.75-1,2916,8,7,1.6573,0.03744053062302049,0.022591281375140583,1.5935,1.692,0.09850000000000003,52,1.6898,122.0,2,51;53,1.692;1.6684,0.021399999999999864,0.012664220617824514,False
KJ-01,kj_sv_40xx0.75-1,2917,12,11,1.5847818181818178,0.1932025766814812,0.12191115172127472,1.1222,1.8065,0.6842999999999999,51,1.8065,125.0,2,50;52,1.7217;1.7891,0.08479999999999999,0.04694159977857735,False
KJ-01,kj_sv_40xx0.75-1,2918,8,8,1.9840375,0.41740373376898027,0.21038097000131312,1.6779,2.9841,1.3062000000000002,48,1.6779,244.0,1,49,1.7257,0.047800000000000065,0.028487990941057313,False
KJ-01,kj_sv_40xx0.75-1,2919,4,4,1.64865,0.10324396673252469,0.06262333832682783,1.5032,1.7398,0.23659999999999992,48,1.653,164.0,1,49,1.6986,0.045600000000000085,0.027586206896551776,False
KJ-01,kj_sv_40xx0.75-1,2920,6,6,1.6874833333333334,0.06332479503848919,0.037526175096142686,1.6227,1.7967,0.17399999999999993,51,1.7029,140.0,1,50,1.6864,0.01650000000000018,0.009689353455869505,False
KJ-01,kj_sv_40xx0.75-1,2922,12,11,1.5600636363636362,0.10890967149640357,0.06981104421500518,1.3379,1.626,0.2880999999999998,49,1.6098,130.0,2,48;50,1.626;1.6108,0.016199999999999992,0.010063361908311587,False
KJ-01,kj_sv_40xx0.75-1,2924,5,4,1.7678250000000002,0.16075184550521762,0.09093199016034823,1.529,1.8787,0.3497000000000001,49,1.8299,194.0,2,48;50,1.8787;1.8337,0.048799999999999955,0.026668123941198947,False
KJ-01,kj_sv_40xx0.75-1,2925,6,6,1.4704666666666668,0.20744384943079577,0.14107347968726192,1.1025,1.633,0.5305,47,1.6113,106.0,2,46;48,1.633;1.4954,0.11589999999999989,0.07192949792093334,False
KJ-01,kj_sv_40xx0.75-1,2926,6,5,1.4937799999999999,0.1171871665328589,0.07845008403704623,1.3409,1.6073,0.26639999999999997,46,1.6073,137.0,1,47,1.4985,0.10880000000000001,0.06769115908666709,False
KJ-01,kj_sv_40xx0.75-1,2928,6,6,2.568516666666666,0.5290848718935997,0.20598849085150306,1.8961,3.219,1.3229,52,3.219,209.0,1,53,2.1521,1.0669,0.33143833488661073,True
KJ-01,kj_sv_40xx0.75-1,2930,5,5,1.5718999999999999,0.03738281690830694,0.023781930726068417,1.5205,1.6133,0.0928,50,1.6133,149.0,2,49;51,1.6006;1.5517,0.06159999999999988,0.03818260707865857,False
KJ-01,kj_sv_40xx0.75-1,2931,23,21,1.886519047619048,0.6469585779777927,0.34293773963974067,1.2725,3.4403,2.1678,54,3.4216,238.0,2,53;55,1.897;3.2177,1.5246000000000002,0.44558101472995093,True
KJ-01,kj_sv_40xx0.75-1,2932,5,4,1.9281,0.4326674396500542,0.22440093338003955,1.5074,2.3461,0.8386999999999998,51,2.2534,167.0,1,50,2.3461,0.09269999999999978,0.04113783615869343,False
KJ-01,kj_sv_40xx0.75-1,2933,10,10,1.52405,0.13162899250038598,0.08636789639472851,1.2015,1.6771,0.4756,50,1.6771,141.0,2,49;51,1.5373;1.5621,0.13979999999999992,0.08335817780692859,False
KJ-01,kj_sv_40xx0.75-1,2935,5,5,1.6991,0.24554533186358893,0.14451493841656696,1.4036,2.0032,0.5996000000000001,49,2.0032,199.0,2,48;50,1.752;1.8367,0.2512000000000001,0.12539936102236426,False
KJ-01,kj_sv_40xx0.75-1,2937,11,10,1.55557,0.14736161907965648,0.09473158975787427,1.3464,1.8711,0.5246999999999999,48,1.8711,120.0,2,47;49,1.5611;1.5634,0.31000000000000005,0.16567794345572126,False
KJ-01,kj_sv_40xx0.75-1,2939,6,5,1.40824,0.2209533615947039,0.15690035902595006,1.122,1.663,0.5409999999999999,47,1.663,125.0,2,46;48,1.357;1.5952,0.30600000000000005,0.18400481058328325,False
KJ-01,kj_sv_40xx0.75-1,2940,3,3,1.3383333333333336,0.0007505553499464309,0.0005608134619774078,1.3379,1.3392,0.0012999999999998568,47,1.3392,47.0,2,46;48,1.3379;1.3379,0.0012999999999998568,0.0009707287933093315,False
KJ-01,kj_sv_40xx0.75-1,2941,7,7,1.4566000000000001,0.12201845488832143,0.08376936350976344,1.3385,1.6201,0.2816000000000001,50,1.6055,126.0,2,49;51,1.6201;1.5031,0.10239999999999982,0.06378075365929606,False
KJ-01,kj_sv_40xx0.75-1,2942,6,6,1.665633333333333,0.03905834951283357,0.02344954842772534,1.5929,1.6918,0.09889999999999999,51,1.6488,215.0,1,50,1.6912,0.04239999999999999,0.025715672003881605,False
KJ-01,kj_sv_40xx0.75-1,2943,15,15,1.6239333333333332,0.22291029158663378,0.1372656666447517,1.0805,1.9396,0.8591,51,1.6924,252.0,2,50;52,1.7996;1.6683,0.10720000000000018,0.06334199952729862,False
KJ-01,kj_sv_40xx0.75-1,2944,6,4,1.604375,0.037924255650792486,0.02363802455834358,1.5528,1.6441,0.09129999999999994,51,1.6085,233.0,1,50,1.6121,0.0036000000000000476,0.0022381100404103497,False
KJ-01,kj_sv_40xx0.75-1,2946,7,7,1.5365142857142857,0.02524238687680096,0.01642834506095492,1.5137,1.5814,0.06769999999999987,52,1.5137,159.0,1,51,1.5178,0.0040999999999999925,0.0027085948338508243,False
KJ-01,kj_sv_40xx0.75-1,2947,16,13,1.3163384615384612,0.11885351304905785,0.09029099773484446,1.0845,1.5358,0.45130000000000003,52,1.4096,69.0,2,51;53,1.4015;1.5358,0.1262000000000001,0.08952894438138485,False
KJ-01,kj_sv_40xx0.75-1,2950,7,7,1.600785714285714,0.309099845942868,0.19309258146446623,1.1039,2.0408,0.9368999999999998,46,1.9335,181.0,0,,,,,False
KJ-01,kj_sv_40xx0.75-1,2952,11,11,1.5429818181818182,0.14826493731278356,0.09608987971581702,1.3495,1.8591,0.5096,52,1.5771,257.0,2,51;53,1.6389;1.6172,0.06180000000000008,0.03918584744150661,False
KJ-01,kj_sv_40xx0.75-1,2956,13,7,1.4163000000000001,0.16966434510526957,0.11979407265781936,1.1353,1.5181,0.38280000000000003,53,1.5181,75.0,2,52;54,1.5137;1.1353,0.38280000000000003,0.25215730189052105,False
KJ-01,kj_sv_40xx0.75-1,2959,8,7,1.7857,0.45723149133307367,0.25605168355998975,1.4106,2.7485,1.3378999999999999,51,1.5397,247.0,2,50;52,1.6878;1.5353,0.1480999999999999,0.09618756900694933,False
KJ-01,kj_sv_40xx0.75-1,2961,9,9,1.6037666666666666,0.1415125524467706,0.08823761921732419,1.3384,1.7411,0.40270000000000006,52,1.7411,201.0,2,51;53,1.7016;1.6624,0.07869999999999999,0.04520130951697202,False
KJ-01,kj_sv_40xx0.75-1,2962,8,8,1.7607875,0.2958787224402207,0.16803772314388912,1.3317,2.2722,0.9405000000000001,49,1.937,153.0,2,48;50,2.2722;1.6625,0.33520000000000016,0.17305110996386172,False
KJ-01,kj_sv_40xx0.75-1,2968,7,6,1.8817000000000002,0.3855517397185494,0.2048954348294358,1.5822,2.6493,1.0671000000000002,47,2.6493,216.0,1,48,1.8348,0.8145000000000002,0.3074397010531084,True
KJ-01,kj_sv_40xx0.75-1,2972,3,3,2.3908,0.6804787211956007,0.284623858622888,1.6073,2.834,1.2267000000000001,48,2.7311,186.0,2,47;49,2.834;1.6073,1.1238000000000001,0.4114825528175461,True
KJ-01,kj_sv_40xx0.75-1,2976,9,9,1.5456666666666667,0.049879028659347395,0.032270236354979984,1.5051,1.6672,0.1620999999999999,56,1.5685,201.0,0,,,,,False
KJ-01,kj_sv_40xx0.75-1,2977,3,3,1.5431000000000001,0.024482851141155913,0.015866017199893664,1.5155,1.5622,0.046699999999999964,50,1.5516,168.0,0,,,,,False
KJ-01,kj_sv_40xx0.75-1,2978,8,8,1.5718625,0.059282542298965006,0.03771483975154634,1.4766,1.625,0.1484000000000001,51,1.6155,139.0,2,50;52,1.5486;1.625,0.06689999999999996,0.04141132776230267,False
KJ-01,kj_sv_40xx0.75-1,2979,9,8,1.504175,0.1679476597889099,0.11165433529270856,1.1702,1.6217,0.4515,50,1.6087,124.0,2,49;51,1.6134;1.6059,0.0046999999999999265,0.002921613725368264,False
KJ-01,kj_sv_40xx0.75-1,2983,7,7,1.3455714285714284,0.012194768589537894,0.009062892040212897,1.3379,1.371,0.03309999999999991,52,1.371,123.0,1,53,1.338,0.03299999999999992,0.024070021881838016,False
KJ-01,kj_sv_40xx0.75-1,2984,8,8,1.4973125,0.20203310504893573,0.13493048715544398,1.0109,1.6163,0.6054000000000002,52,1.6163,131.0,2,51;53,1.5028;1.5989,0.11350000000000016,0.07022211223164027,False
KJ-01,kj_sv_40xx0.75-1,2986,8,7,1.4819142857142857,0.11459401422080513,0.07732836866848246,1.3648,1.6272,0.26239999999999997,52,1.6272,133.0,2,51;53,1.4846;1.548,0.14260000000000006,0.0876352015732547,False
KJ-01,kj_sv_40xx0.75-1,2988,11,11,1.4567545454545454,0.14243108764336784,0.09777288019302224,1.2723,1.6891,0.41680000000000006,54,1.5447,118.0,2,53;55,1.5157;1.3973,0.14739999999999998,0.09542305949375282,False
KJ-01,kj_sv_40xx0.75-1,2989,3,3,1.6033333333333335,0.10387344864465287,0.06478593470560469,1.526,1.7214,0.19540000000000002,51,1.7214,257.0,0,,,,,False
KJ-01,kj_sv_40xx0.75-1,2990,5,4,1.6305749999999999,0.007139269337030745,0.004378375319768024,1.6218,1.6387,0.016900000000000137,48,1.6331,234.0,2,47;49,1.6387;1.6287,0.005600000000000049,0.003429061294470669,False
KJ-01,kj_sv_40xx0.75-1,2991,14,13,1.5266076923076923,0.1516499008766489,0.0993378335775367,1.1883,1.6919,0.5036,53,1.6919,105.0,2,52;54,1.6918;1.6431,0.048799999999999955,0.028843312252497165,False
KJ-01,kj_sv_40xx0.75-1,2992,5,5,1.7517399999999999,0.11082512350545791,0.0632657377838366,1.6577,1.9262,0.26849999999999996,48,1.7268,315.0,2,47;49,1.786;1.9262,0.19940000000000002,0.115473708593931,False
KJ-01,kj_sv_40xx0.75-1,2993,11,10,1.69923,0.5289520500217597,0.3112892604425297,0.8064,2.8528,2.0463999999999998,53,2.0275,231.0,2,52;54,2.8528;1.8612,0.8252999999999999,0.4070530209617756,True
KJ-01,kj_sv_40xx0.75-1,2995,13,10,1.20441,0.18995980539752788,0.15772021603733602,0.9396,1.4929,0.5532999999999999,50,1.4929,83.0,2,49;51,1.3735;1.3741,0.11939999999999995,0.07997856520865428,False
KJ-01,kj_sv_40xx0.75-1,2998,25,23,1.2497739130434782,0.15776235354997864,0.12623271449617005,0.8224,1.4033,0.5809,58,1.3847,77.0,2,57;59,1.1913;1.4032,0.19340000000000002,0.13966924243518453,False
KJ-01,kj_sv_40xx0.75-1,3002,14,12,1.1819583333333332,0.148220189143372,0.1254022117051831,0.8641,1.3736,0.5095,53,1.3736,65.0,2,52;54,1.2155;1.2031,0.17049999999999987,0.12412638322655786,False
KJ-01,kj_sv_40xx0.75-1,3003,3,3,1.3264333333333334,0.5736148562697215,0.4324490661194593,0.6653,1.6918,1.0265,47,1.6918,129.0,1,48,1.6222,0.06959999999999988,0.041139614611656154,False
KJ-01,kj_sv_40xx0.75-1,3004,8,5,1.08026,0.007335734455390252,0.006790711916936897,1.0703,1.091,0.02069999999999994,53,1.091,39.0,1,52,1.08,0.010999999999999899,0.010082493125572776,False
KJ-01,kj_sv_40xx0.75-1,3005,9,9,1.234111111111111,0.14716945542846557,0.11925138190836322,0.9393,1.3475,0.4081999999999999,51,1.338,100.0,2,50;52,1.3432;1.1843,0.15370000000000017,0.11487294469357262,False
KJ-01,kj_sv_40xx0.75-1,3008,8,8,1.5262250000000002,0.024108193627893387,0.015795962998832666,1.509,1.5713,0.06230000000000002,54,1.5137,173.0,1,53,1.514,0.00029999999999996696,0.00019818986589150225,False
KJ-01,kj_sv_40xx0.75-1,3012,10,9,1.4899333333333333,0.17525079885695247,0.11762324859520726,1.1777,1.6137,0.43599999999999994,51,1.5958,122.0,2,50;52,1.5944;1.5333,0.0625,0.039165308935956884,False
KJ-01,kj_sv_40xx0.75-1,3021,5,4,1.52255,0.017699999999999938,0.011625233982463588,1.5137,1.5491,0.035399999999999876,49,1.5137,222.0,1,50,1.5137,0.0,0.0,False
KJ-01,kj_sv_40xx0.75-1,3023,7,4,1.074675,0.007428492444635117,0.006912315299634882,1.0704,1.0858,0.01540000000000008,50,1.0704,39.0,1,49,1.0858,0.01540000000000008,0.014387144992526232,False
KJ-01,kj_sv_40xx0.75-1,3028,11,10,1.7459899999999997,0.3764118738533333,0.21558650041141894,1.1893,2.3789,1.1895999999999998,52,2.2167,162.0,2,51;53,2.0077;2.3789,0.20900000000000007,0.09428429647674474,False
KJ-01,kj_sv_40xx0.75-1,3029,10,10,1.70161,0.4085946278267604,0.2401223710643217,0.7839,2.2812,1.4973,53,2.1912,196.0,2,52;54,1.8849;2.2812,0.3062999999999998,0.13978641840087616,False
KJ-01,kj_sv_40xx0.75-1,3030,8,8,1.4180875,0.035703798817492756,0.02517743003692844,1.3478,1.4641,0.11629999999999985,50,1.4224,119.0,2,49;51,1.4441;1.4298,0.02169999999999983,0.015255905511810903,False
KJ-01,kj_sv_40xx0.75-1,3031,8,8,1.849775,0.12161793512001896,0.06574742069712207,1.5488,1.8955,0.3467,51,1.8932,205.0,2,50;52,1.8921;1.8921,0.001100000000000101,0.0005810268328756079,False
KJ-01,kj_sv_40xx0.75-1,3032,10,9,1.5616555555555556,0.017825340888122668,0.01141438701044504,1.5439,1.5954,0.05149999999999988,54,1.5862,138.0,2,53;55,1.5954;1.5593,0.026900000000000146,0.016958769385953944,False
KJ-01,kj_sv_40xx0.75-1,3033,3,3,1.3005666666666666,0.06570367823290674,0.05051926972825184,1.2247,1.3389,0.11420000000000008,48,1.3389,95.0,1,49,1.3381,0.0007999999999999119,0.0005975054148927567,False
KJ-01,kj_sv_40xx0.75-1,3034,12,11,1.3747545454545456,0.14813195039313,0.10775156254831805,1.0567,1.5667,0.51,55,1.3971,82.0,2,54;56,1.3444;1.3656,0.05269999999999997,0.037720993486507745,False
KJ-01,kj_sv_40xx0.75-1,3035,7,7,1.4939142857142858,0.10303074668226353,0.06896697331801831,1.3562,1.6358,0.27959999999999985,48,1.6358,121.0,1,49,1.5579,0.07789999999999986,0.04762195867465452,False
KJ-01,kj_sv_40xx0.75-1,3036,6,6,1.7863500000000003,0.954336346892436,0.5342381654728557,1.3089,3.7225,2.4136,49,3.7225,124.0,2,48;50,1.3673;1.3605,2.362,0.6345198119543317,True
KJ-01,kj_sv_40xx0.75-1,3038,5,5,1.8029,0.5707812234122633,0.3165906170127369,1.0344,2.615,1.5806000000000002,54,1.6033,210.0,1,53,1.8579,0.25460000000000016,0.1587974801970936,False
KJ-01,kj_sv_40xx0.75-1,3039,7,7,1.6033714285714284,0.12877746586373603,0.08031667745163337,1.5343,1.8921,0.3577999999999999,53,1.8921,143.0,2,52;54,1.5627;1.5919,0.3293999999999999,0.17409227842080224,False
KJ-01,kj_sv_40xx0.75-1,3040,9,9,1.5766111111111112,0.047773147385441424,0.030301161173330475,1.5482,1.7001,0.15189999999999992,54,1.5605,128.0,2,53;55,1.5577;1.5584,0.0027999999999999137,0.0017942966997756577,False
KJ-01,kj_sv_40xx0.75-1,3042,5,5,1.51566,0.0017784824992110326,0.0011734046548771047,1.5137,1.5178,0.0040999999999999925,49,1.5178,131.0,1,48,1.5137,0.0040999999999999925,0.0027012781657662355,False
KJ-01,kj_sv_40xx0.75-1,3043,11,9,1.4964444444444445,0.0892362890184132,0.059632209768764384,1.3379,1.589,0.2510999999999999,52,1.589,93.0,2,51;53,1.5744;1.5154,0.07359999999999989,0.04631843926998105,False
KJ-01,kj_sv_40xx0.75-1,3045,11,10,1.5464499999999999,0.18755677214586997,0.12128214436022502,1.3379,1.907,0.5690999999999999,53,1.8301,136.0,1,54,1.5162,0.31390000000000007,0.1715206819299492,False
KJ-01,kj_sv_40xx0.75-1,3046,5,5,1.51664,0.0025706030420895414,0.001694932905692545,1.5137,1.5203,0.006599999999999939,50,1.5163,268.0,2,49;51,1.5137;1.5179,0.0025999999999999357,0.0017147002572049962,False
KJ-01,kj_sv_40xx0.75-1,3047,11,9,1.5244888888888888,0.23113376237821925,0.15161393701378775,0.9187,1.6386,0.7199000000000001,51,1.5602,126.0,2,50;52,1.5735;1.6237,0.06349999999999989,0.0406999102679143,False
KJ-01,kj_sv_40xx0.75-1,3050,9,8,1.511225,0.19164686088145114,0.12681557073331312,1.0546,1.6553,0.6007,54,1.6553,122.0,2,53;55,1.6078;1.553,0.10230000000000006,0.06180148613544376,False
KJ-01,kj_sv_40xx0.75-1,3051,8,8,1.6851875,0.13434243492444434,0.0797195771535478,1.3942,1.8833,0.48909999999999987,49,1.6921,227.0,2,48;50,1.6921;1.6928,0.000700000000000145,0.000413687134330208,False
KJ-01,kj_sv_40xx0.75-1,3052,8,8,1.3807375000000002,0.09346038026121777,0.06768873899725165,1.3379,1.6055,0.26759999999999984,54,1.4023,129.0,2,53;55,1.3457;1.338,0.06430000000000002,0.045853241103900745,False
KJ-01,kj_sv_40xx0.75-1,3053,7,7,1.4016285714285712,0.09058236977627439,0.064626514914683,1.3427,1.5506,0.20789999999999997,52,1.515,119.0,2,51;53,1.3427;1.3673,0.1722999999999999,0.11372937293729367,False
KJ-01,kj_sv_40xx0.75-1,3056,21,20,1.336375,0.12103371811628623,0.09056867878872787,1.0733,1.5445,0.47120000000000006,52,1.5237,99.0,2,51;53,1.5125;1.5445,0.02079999999999993,0.013650981164271136,False
KJ-01,kj_sv_40xx0.75-1,3061,12,10,1.16835,0.1500255922612317,0.1284080902651018,0.9209,1.3644,0.4435,54,1.3644,62.0,2,53;55,1.0703;1.3439,0.29410000000000003,0.21555262386396953,False
KJ-01,kj_sv_40xx0.75-1,3064,7,7,1.340885714285714,0.004607033959584215,0.00343581403731963,1.3314,1.3443,0.012900000000000134,52,1.3438,115.0,2,51;53,1.3431;1.3411,0.0027000000000001467,0.0020092275636256485,False
KJ-01,kj_sv_40xx0.75-1,3068,8,7,1.437385714285714,0.05814463083757688,0.040451654875720625,1.3487,1.5151,0.16639999999999988,53,1.5151,125.0,2,52;54,1.4564;1.4256,0.08949999999999991,0.05907200844828719,False
KJ-01,kj_sv_40xx0.75-1,3071,7,4,1.58635,0.06615449090323851,0.04170232981576481,1.4879,1.627,0.1391,49,1.6228,145.0,2,48;50,1.6077;1.4879,0.13490000000000002,0.08312792703968451,False
KJ-01,kj_sv_40xx0.75-1,3072,3,3,1.4053000000000002,0.11361478776990253,0.08084735484942895,1.2865,1.5129,0.22639999999999993,50,1.5129,90.0,1,49,1.4165,0.09639999999999982,0.06371868596734737,False
KJ-01,kj_sv_40xx0.75-1,3073,20,18,1.8153444444444442,0.2246591541770679,0.12375566238385194,1.5088,2.492,0.9832000000000001,62,2.2049,219.0,2,61;63,1.8947;2.492,0.3101999999999998,0.14068665245589362,False
KJ-01,kj_sv_40xx0.75-1,3074,12,10,1.59298,0.11818475931072217,0.07419098752697596,1.39,1.7403,0.35030000000000006,57,1.7185,83.0,2,56;58,1.7403;1.7184,0.02180000000000004,0.012685481524585419,False
KJ-01,kj_sv_40xx0.75-1,3075,9,7,1.5643285714285715,0.1403486220605166,0.08971812228191156,1.3537,1.6987,0.3450000000000002,48,1.5905,176.0,1,49,1.6583,0.06780000000000008,0.042628104369695115,False
KJ-01,kj_sv_40xx0.75-1,3077,8,7,1.4310000000000003,0.27910717176979405,0.19504344638000978,0.9107,1.6653,0.7546,51,1.6196,123.0,2,50;52,1.6653;1.5797,0.045700000000000074,0.02821684366510254,False
KJ-01,kj_sv_40xx0.75-1,3080,4,4,1.4210000000000003,0.33497577026803993,0.23573242101902875,0.9274,1.6728,0.7454000000000001,51,1.6728,91.0,1,50,1.5551,0.11770000000000014,0.07036107125777148,False
KJ-01,kj_sv_40xx0.75-1,3082,9,8,1.4777749999999998,0.1528374089397899,0.10342400496678446,1.1894,1.6515,0.46209999999999996,50,1.6433,216.0,1,51,1.4063,0.23699999999999988,0.1442219923325016,False
KJ-01,kj_sv_40xx0.75-1,3083,11,10,1.3812399999999998,0.17974478326535964,0.13013291192360463,1.0712,1.5505,0.47930000000000006,51,1.5471,68.0,2,50;52,1.5505;1.5322,0.014899999999999913,0.009630922370887411,False
KJ-01,kj_sv_40xx0.75-1,3089,7,7,1.562557142857143,0.050494120355504706,0.03231505521978926,1.5145,1.6665,0.15200000000000014,51,1.5628,228.0,1,52,1.5164,0.0464,0.0296902994625032,False
KJ-01,kj_sv_40xx0.75-1,3090,6,3,1.2728666666666666,0.09985701444231813,0.07845049057951983,1.2085,1.3879,0.1794,50,1.3879,106.0,1,51,1.2222,0.16569999999999996,0.11938900497153972,False
KJ-01,kj_sv_40xx0.75-1,3092,9,9,1.5430222222222225,0.011780680983900902,0.007634809670423706,1.5316,1.5615,0.029900000000000038,51,1.5529,123.0,2,50;52,1.5389;1.5316,0.021299999999999875,0.013716272779959994,False
KJ-01,kj_sv_40xx0.75-1,3094,12,11,1.3646545454545453,0.20745788663551143,0.15202227356844394,0.8011,1.5452,0.7440999999999999,53,1.5093,118.0,2,52;54,1.3817;1.4248,0.12760000000000016,0.0845425031471544,False
KJ-01,kj_sv_40xx0.75-1,3096,11,11,1.4761727272727276,0.2787253238975931,0.1888161993160152,0.6514,1.6338,0.9823999999999999,53,1.5602,131.0,2,52;54,1.5712;1.5694,0.010999999999999899,0.007050378156646519,False
KJ-01,kj_sv_40xx0.75-1,3101,6,5,1.7168799999999997,0.29799973489921094,0.17357050865477552,1.2041,1.8921,0.688,53,1.8921,123.0,1,52,1.8921,0.0,0.0,False
KJ-01,kj_sv_40xx0.75-1,3103,5,5,1.50488,0.06719878719143674,0.04465391738307157,1.399,1.5524,0.15339999999999998,52,1.5524,116.0,1,51,1.5446,0.007800000000000029,0.0050244782272610335,False
KJ-01,kj_sv_40xx0.75-1,3104,9,7,1.3460142857142856,0.2338071885733444,0.17370334851184036,0.9217,1.5653,0.6436,54,1.5653,75.0,2,53;55,1.4914;1.406,0.1593,0.10176962882514534,False
KJ-01,kj_sv_40xx0.75-1,3106,8,8,1.5447250000000001,0.037779576871259796,0.024457153778996127,1.5137,1.6269,0.11319999999999997,56,1.6269,186.0,1,55,1.5613,0.0656000000000001,0.04032208494683146,False
KJ-01,kj_sv_40xx0.75-1,3107,8,8,0.9602125,0.1012292932970915,0.10542384451055521,0.8389,1.0921,0.2532000000000001,54,1.0921,61.0,2,53;55,1.0696;0.9282,0.16390000000000005,0.15007783170039377,False
KJ-01,kj_sv_40xx0.75-1,3109,4,4,1.552875,0.04617101363409732,0.029732601551378777,1.4977,1.6003,0.10260000000000002,50,1.5336,202.0,1,49,1.5799,0.04630000000000001,0.030190401669274912,False
KJ-01,kj_sv_40xx0.75-1,3114,7,7,1.3081428571428568,0.084756353884588,0.06479135930895667,1.116,1.3447,0.2286999999999999,55,1.3447,68.0,1,54,1.3409,0.0038000000000000256,0.002825909124711851,False
KJ-01,kj_sv_40xx0.75-1,3116,10,6,1.4827833333333331,0.13747233054933883,0.0927123521413595,1.2326,1.6025,0.3699000000000001,52,1.6025,56.0,2,51;53,1.5303;1.5947,0.07220000000000004,0.04505460218408739,False
KJ-01,kj_sv_40xx0.75-1,3117,8,8,1.6472,0.08342709392038054,0.050647822923980415,1.5226,1.8052,0.28259999999999996,56,1.8052,249.0,2,55;57,1.6945;1.6095,0.19569999999999999,0.10840904054952359,False
KJ-01,kj_sv_40xx0.75-1,3121,5,5,0.8029200000000001,0.08191451031410732,0.10202076211092925,0.759,0.949,0.18999999999999995,52,0.949,114.0,2,51;53,0.7751;0.7699,0.17909999999999993,0.18872497365648044,False
KJ-01,kj_sv_40xx0.75-1,3122,12,10,2.1758100000000002,0.6733307004073935,0.30946208557153126,1.0182,3.0039,1.9856999999999998,54,3.0039,194.0,2,53;55,2.7418;2.7765,0.2620999999999998,0.08725323745797124,False
KJ-01,kj_sv_40xx0.75-1,3124,8,8,1.5481624999999999,0.3437933928455951,0.22206544393472594,0.7806,1.8921,1.1115,52,1.5753,138.0,2,51;53,1.5576;1.5574,0.017900000000000027,0.011362915000317417,False
KJ-01,kj_sv_40xx0.75-1,3125,4,3,1.6504333333333332,0.06689546571579669,0.040532061710538664,1.5918,1.7233,0.13149999999999995,49,1.6362,153.0,1,50,1.5918,0.044399999999999995,0.027136046938027132,False
KJ-01,kj_sv_40xx0.75-1,3130,14,14,1.5056999999999996,0.1079052290741207,0.07166449430439047,1.3474,1.6186,0.2712000000000001,53,1.6186,130.0,2,52;54,1.5472;1.5844,0.07140000000000013,0.04411219572470044,False
KJ-01,kj_sv_40xx0.75-1,3132,8,7,1.4594285714285715,0.09726184099782259,0.06664378298597867,1.3475,1.6164,0.26890000000000014,54,1.3811,117.0,2,53;55,1.3475;1.4054,0.033600000000000074,0.024328433857070505,False
KJ-01,kj_sv_40xx0.75-1,3133,10,10,1.44387,0.24578807515599468,0.17022867374209222,0.7872,1.592,0.8048000000000001,54,1.5905,140.0,2,53;55,1.4612;1.5895,0.12929999999999997,0.08129519019176358,False
KJ-01,kj_sv_40xx0.75-1,3139,11,9,1.3870111111111112,0.0847178618185747,0.061079439912134985,1.341,1.6061,0.2651000000000001,55,1.6061,105.0,2,54;56,1.3858;1.3522,0.2539,0.15808480169354336,False
KJ-01,kj_sv_40xx0.75-1,3140,10,8,1.394,0.22808247255261477,0.16361726868910673,0.9118,1.6055,0.6936999999999999,53,1.6055,126.0,2,52;54,1.3637;1.3599,0.24559999999999982,0.15297415135471806,False
KJ-01,kj_sv_40xx0.75-1,3142,9,8,1.5305625,0.15860033270997345,0.10362225176036487,1.1652,1.7245,0.5592999999999999,51,1.5612,129.0,2,50;52,1.5648;1.5599,0.0036000000000000476,0.002305918524212175,False
KJ-01,kj_sv_40xx0.75-1,3149,3,3,1.6628999999999998,0.19867493551024493,0.11947497474907989,1.5398,1.8921,0.35229999999999984,50,1.8921,156.0,2,49;51,1.5568;1.5398,0.35229999999999984,0.1861952328101051,False
KJ-01,kj_sv_40xx0.75-1,3151,4,4,1.5767250000000002,0.19646706891147603,0.1246045245121857,1.338,1.8077,0.4697,50,1.6327,219.0,2,49;51,1.338;1.5285,0.29469999999999996,0.18049856066638081,False
KJ-01,kj_sv_40xx0.75-1,3152,10,10,1.3826,0.11928638741374566,0.08627686056252398,1.0829,1.5592,0.47629999999999995,52,1.5592,104.0,2,51;53,1.3886;1.3794,0.17979999999999996,0.11531554643406873,False
KJ-01,kj_sv_40xx0.75-1,3154,11,10,1.37403,0.22832848680987858,0.16617430973841807,0.8027,1.6191,0.8164,52,1.3485,184.0,2,51;53,1.3472;1.4966,0.1480999999999999,0.10982573229514267,False
KJ-01,kj_sv_40xx0.75-1,3157,9,9,1.3911111111111112,0.13171711586240836,0.09468482769661943,1.2017,1.6064,0.40470000000000006,54,1.6064,123.0,2,53;55,1.3409;1.6055,0.26550000000000007,0.1652763944223108,False
KJ-01,kj_sv_40xx0.75-1,3158,11,10,1.55924,0.14995859576711315,0.09617415905640771,1.2361,1.6869,0.4508000000000001,53,1.6229,114.0,2,52;54,1.6318;1.5711,0.05180000000000007,0.03191817117505704,False
KJ-01,kj_sv_40xx0.75-1,3159,3,3,1.3795666666666666,0.02676309648253236,0.019399639850097152,1.3533,1.4068,0.0535000000000001,50,1.3786,258.0,1,49,1.4068,0.028200000000000003,0.020455534600319167,False
KJ-01,kj_sv_40xx0.75-1,3162,6,6,1.51575,0.12761054423518453,0.08418970426203828,1.3379,1.6331,0.2951999999999999,53,1.5593,143.0,1,52,1.5896,0.030299999999999994,0.019431796318861026,False
KJ-01,kj_sv_40xx0.75-1,3163,6,5,1.5506600000000001,0.1694989321500286,0.10930760589041348,1.3386,1.7506,0.4119999999999999,51,1.7506,243.0,1,50,1.4139,0.3367,0.19233405689477895,False
KJ-01,kj_sv_40xx0.75-1,3165,10,9,1.5172777777777777,0.17981671764450727,0.11851272079386074,1.1178,1.65,0.5322,53,1.65,120.0,2,52;54,1.5717;1.6349,0.07829999999999981,0.04745454545454535,False
KJ-01,kj_sv_40xx0.75-1,3168,3,3,1.5094,0.12581426787133493,0.08335382792588772,1.3961,1.6448,0.24870000000000014,49,1.6448,100.0,1,50,1.4873,0.15749999999999997,0.09575632295719842,False
KJ-01,kj_sv_40xx0.75-1,3170,4,4,1.37035,0.2772963937738823,0.2023544304549074,0.9946,1.602,0.6074,49,1.602,105.0,1,50,1.5552,0.046800000000000175,0.029213483146067525,False
KJ-01,kj_sv_40xx0.75-1,3174,9,9,1.5425222222222221,0.03188690082846632,0.020671923145799943,1.4644,1.5673,0.10289999999999999,54,1.5578,125.0,2,53;55,1.5411;1.5534,0.01670000000000016,0.010720246501476544,False
KJ-01,kj_sv_40xx0.75-1,3175,12,10,1.5017800000000001,0.0413684474502542,0.027546276718463554,1.3887,1.5372,0.14849999999999985,55,1.5141,97.0,2,54;56,1.5137;1.5137,0.00039999999999995595,0.00026418334324017963,False
KJ-01,kj_sv_40xx0.75-1,3176,11,11,1.4374454545454545,0.25559948107786273,0.17781508179639957,0.686,1.5549,0.8688999999999999,56,1.5549,125.0,2,55;57,1.5316;1.5498,0.023299999999999876,0.014984886487876955,False
KJ-01,kj_sv_40xx0.75-1,3179,15,14,1.5322357142857144,0.11369550838258134,0.0742023615051833,1.3393,1.6265,0.2872000000000001,54,1.6176,133.0,2,53;55,1.3506;1.6111,0.2669999999999999,0.16505934718100884,False
KJ-01,kj_sv_40xx0.75-1,3183,6,5,1.2445,0.14376407757155468,0.11551954806874623,1.0824,1.3584,0.276,52,1.3584,76.0,2,51;53,1.3386;1.351,0.01980000000000004,0.014575971731448792,False
KJ-01,kj_sv_40xx0.75-1,3185,7,7,1.512357142857143,0.06237100974926456,0.04124092648607679,1.4171,1.56,0.14290000000000003,55,1.56,134.0,2,54;56,1.5594;1.5273,0.03269999999999995,0.02096153846153843,False
KJ-01,kj_sv_40xx0.75-1,3186,20,20,1.5614,0.39221622259049654,0.2511952238955403,1.1407,2.8266,1.6859,65,1.8762,313.0,2,64;66,2.8266;1.6711,0.9503999999999999,0.5065558042852574,True
KJ-01,kj_sv_40xx0.75-1,3187,12,11,1.4797454545454547,0.17432864000867077,0.11780988376965192,1.0383,1.6577,0.6194,54,1.5866,110.0,2,53;55,1.5611;1.5807,0.025500000000000078,0.01607210386991055,False
KJ-01,kj_sv_40xx0.75-1,3191,16,10,1.2935200000000002,0.10544293664769057,0.08151627856367938,1.0782,1.4225,0.34430000000000005,58,1.342,67.0,2,57;59,1.0782;1.3454,0.26380000000000003,0.19657228017883757,False
KJ-01,kj_sv_40xx0.75-1,3192,7,7,1.5563714285714287,0.10260028775602457,0.0659227520323988,1.4251,1.6894,0.2643,55,1.6894,206.0,2,54;56,1.6663;1.5988,0.09060000000000001,0.053628507162306153,False
KJ-01,kj_sv_40xx0.75-1,3193,12,10,1.43155,0.14812802458234114,0.10347387417997354,1.1406,1.5601,0.4195,53,1.5182,77.0,2,52;54,1.5137;1.5138,0.0044999999999999485,0.002964036358845968,False
KJ-01,kj_sv_40xx0.75-1,3195,10,8,1.1694,0.2676477322366632,0.22887611786955978,0.8085,1.514,0.7055,55,1.3932,82.0,2,54;56,1.1365;1.4439,0.25669999999999993,0.18425208153890318,False
KJ-01,kj_sv_40xx0.75-1,3200,11,11,1.4449181818181818,0.2758637301936658,0.1909199660333283,0.8168,1.6902,0.8734,54,1.6902,131.0,2,53;55,1.5819;1.6756,0.10829999999999984,0.0640752573659921,False
KJ-01,kj_sv_40xx0.75-1,3206,7,7,1.5954285714285714,0.07910195350065034,0.049580379164089576,1.4701,1.6892,0.21910000000000007,55,1.6892,150.0,1,56,1.5924,0.0968,0.05730523324650722,False
KJ-01,kj_sv_40xx0.75-1,3208,7,6,1.586,0.07222780627985322,0.045540861462706944,1.4902,1.7053,0.21510000000000007,57,1.6222,266.0,0,,,,,False
KJ-01,kj_sv_40xx0.75-1,3210,10,9,1.4886555555555558,0.08931773495660182,0.05999892629512209,1.3816,1.6137,0.23209999999999997,56,1.6137,121.0,2,55;57,1.3965;1.5127,0.21719999999999984,0.13459750883063756,False
KJ-01,kj_sv_40xx0.75-1,3213,21,19,1.5880684210526317,0.10232347429506518,0.06443266104821939,1.3627,1.7945,0.43179999999999996,57,1.551,229.0,2,56;58,1.7465;1.5491,0.1955,0.12604771115409413,False
KJ-01,kj_sv_40xx0.75-1,3215,7,7,1.5566714285714287,0.06506355135008936,0.041796586071987434,1.4291,1.6248,0.19569999999999999,52,1.5581,119.0,2,51;53,1.566;1.584,0.025900000000000034,0.01662280983248831,False
KJ-01,kj_sv_40xx0.75-1,3216,7,7,1.4801571428571427,0.04552368823454651,0.030755983210453097,1.4328,1.5768,0.1439999999999999,52,1.5768,125.0,2,51;53,1.4328;1.472,0.1439999999999999,0.09132420091324195,False
KJ-01,kj_sv_40xx0.75-1,3217,8,8,1.6377625,0.06032405200249736,0.03683321116614732,1.6055,1.7853,0.17980000000000018,51,1.6353,179.0,2,50;52,1.6055;1.6202,0.02980000000000005,0.018222956032532288,False
KJ-01,kj_sv_40xx0.75-1,3222,11,9,1.3042333333333334,0.24637519152706913,0.18890422843080415,0.792,1.5631,0.7710999999999999,55,1.5631,82.0,2,54;56,1.5375;1.4,0.16310000000000002,0.10434393193013884,False
KJ-01,kj_sv_40xx0.75-1,3226,8,8,1.6433375,0.09127488995180592,0.0555423885548805,1.4972,1.7796,0.2824,54,1.7796,129.0,2,53;55,1.6918;1.7056,0.0878000000000001,0.04933692964711176,False
KJ-01,kj_sv_40xx0.75-1,3230,19,17,1.283894117647059,0.2200849025677029,0.17141982313233403,0.8195,1.5539,0.7344,65,1.4267,89.0,2,64;66,1.4359;1.437,0.010299999999999976,0.00721945748931098,False
KJ-01,kj_sv_40xx0.75-1,3231,4,4,1.41825,0.18862289539360447,0.13299692959182405,1.1385,1.5367,0.3981999999999999,50,1.5257,79.0,1,51,1.4721,0.05360000000000009,0.035131415088156315,False
KJ-01,kj_sv_40xx0.75-1,3232,16,10,1.3244500000000001,0.19720578789117163,0.14889636293644276,1.0172,1.5406,0.5233999999999999,61,1.4455,62.0,2,60;62,1.3718;1.3771,0.0737000000000001,0.05098581805603604,False
KJ-01,kj_sv_40xx0.75-1,3238,4,4,1.36915,0.3019178972281482,0.22051484295230486,0.9166,1.5352,0.6185999999999999,54,1.5352,99.0,0,,,,,False
KJ-01,kj_sv_40xx0.75-1,3242,3,3,1.1793666666666667,0.1610252878691211,0.1365353900701968,1.0811,1.3652,0.2841,50,1.3652,58.0,1,51,1.0918,0.27339999999999987,0.20026369762672128,False
KJ-01,kj_sv_40xx0.75-1,3243,8,6,1.3002833333333335,0.20346989375990412,0.1564811980157433,1.0568,1.5991,0.5423,52,1.5991,80.0,2,51;53,1.3481;1.4502,0.2509999999999999,0.1569632918516665,False
KJ-01,kj_sv_40xx0.75-1,3245,7,7,1.3852428571428572,0.28693522995699955,0.20713713012664067,0.7457,1.5203,0.7746,55,1.5157,90.0,2,54;56,1.5137;1.5138,0.0020000000000000018,0.0013195223329154858,False
KJ-01,kj_sv_40xx0.75-1,3247,10,10,1.30864,0.10451155385357587,0.07986272302052197,1.0116,1.3518,0.34019999999999984,57,1.3518,126.0,2,56;58,1.345;1.338,0.013799999999999812,0.010208610741233772,False
KJ-01,kj_sv_40xx0.75-1,3249,20,11,1.419618181818182,0.2614774017699496,0.18418854105902005,0.7804,1.7945,1.0141,68,1.5137,224.0,2,67;69,1.5137;1.4942,0.019500000000000073,0.012882341282949112,False
KJ-01,kj_sv_40xx0.75-1,3250,9,9,1.3301222222222222,0.37330098371748827,0.28065164048896046,0.384,1.5138,1.1298,54,1.5138,130.0,2,53;55,1.5137;1.5137,9.999999999998899e-05,6.605892456070088e-05,False
KJ-01,kj_sv_40xx0.75-1,3251,9,8,1.5805875,0.11425028211906402,0.07228342759832279,1.3455,1.7333,0.38780000000000014,57,1.7333,142.0,2,56;58,1.6228;1.6535,0.11050000000000004,0.06375122598511512,False
KJ-01,kj_sv_40xx0.75-1,3253,12,11,1.4296363636363638,0.17167922572476424,0.12008593939796557,1.0709,1.6759,0.605,56,1.3954,104.0,2,55;57,1.3704;1.6083,0.2129000000000001,0.15257273899957008,False
KJ-01,kj_sv_40xx0.75-1,3254,9,9,1.2600444444444445,0.09199399587895819,0.07300853258356176,1.0924,1.3384,0.246,53,1.3384,102.0,2,52;54,1.3379;1.2304,0.1080000000000001,0.08069336521219374,False
KJ-01,kj_sv_40xx0.75-1,3257,8,7,2.410471428571429,0.8170157254999965,0.33894437238121616,1.3763,3.1329,1.7565999999999997,56,3.0059,181.0,2,55;57,2.9829;3.1329,0.12699999999999978,0.042250241192321694,False
KJ-01,kj_sv_40xx0.75-1,3259,12,12,1.751941666666667,0.6304441903903705,0.3598545558824944,1.1398,3.7001,2.5603,54,3.7001,332.0,2,53;55,1.6236;1.6313,2.0765000000000002,0.5612010486203076,True
KJ-01,kj_sv_40xx0.75-1,3261,7,7,1.838342857142857,0.2152645105998885,0.11709704191657234,1.6292,2.1603,0.5310999999999999,56,1.9574,248.0,2,55;57,2.0543;2.1603,0.20289999999999986,0.10365791355880243,False
KJ-01,kj_sv_40xx0.75-1,3262,6,6,1.5484166666666666,0.2083876715803185,0.1345811344364578,1.1395,1.7068,0.5673000000000001,56,1.7068,142.0,1,55,1.5698,0.137,0.08026716662760722,False
KJ-01,kj_sv_40xx0.75-1,3263,7,6,1.6566499999999997,0.0697772097464494,0.04211946382546066,1.5697,1.7441,0.1743999999999999,55,1.6916,150.0,2,54;56,1.6984;1.7441,0.05249999999999999,0.031035705840624254,False
KJ-01,kj_sv_40xx0.75-1,3265,12,11,1.528209090909091,0.08358119949540632,0.0546922538235171,1.3868,1.6341,0.24730000000000008,58,1.6341,108.0,2,57;59,1.5595;1.5805,0.0746,0.045652040878771186,False
KJ-01,kj_sv_40xx0.75-1,3266,4,4,1.639175,0.06882099364777196,0.041985141090958536,1.5704,1.7335,0.16310000000000002,51,1.6377,201.0,1,52,1.7335,0.09580000000000011,0.058496672162178735,False
KJ-01,kj_sv_40xx0.75-1,3269,8,8,1.608775,0.05837907526307207,0.03628790555737879,1.5613,1.7375,0.17620000000000013,54,1.5831,140.0,2,53;55,1.5961;1.588,0.013000000000000123,0.008211736466426709,False
KJ-01,kj_sv_40xx0.75-1,3271,3,3,1.5176666666666667,0.07089120772940279,0.046710657410105064,1.4359,1.5619,0.1260000000000001,52,1.5552,125.0,2,51;53,1.5619;1.4359,0.11929999999999996,0.07671039094650203,False
KJ-01,kj_sv_40xx0.75-1,3273,3,3,1.7741333333333333,0.22243134521315414,0.12537464971431356,1.5204,1.9355,0.4151,52,1.9355,223.0,2,51;53,1.8665;1.5204,0.4151,0.21446654611211574,False
KJ-01,kj_sv_40xx0.75-1,3274,9,9,1.7544666666666666,0.15405187438002826,0.08780552934226638,1.5169,1.9697,0.4528000000000001,56,1.8948,162.0,2,55;57,1.787;1.8882,0.10780000000000012,0.056892548026176964,False
KJ-01,kj_sv_40xx0.75-1,3281,11,10,1.4009000000000003,0.22480611893609814,0.16047263825833258,0.967,1.6355,0.6685,56,1.5692,204.0,2,55;57,1.5245;1.6355,0.06630000000000003,0.042250828447616635,False
KJ-01,kj_sv_40xx0.75-1,3282,8,8,1.3926124999999998,0.08208315361353305,0.05894184750857332,1.2502,1.5055,0.2553000000000001,52,1.378,114.0,2,51;53,1.3657;1.391,0.013000000000000123,0.009433962264151033,False
KJ-01,kj_sv_40xx0.75-1,3285,4,3,1.5778,0.09555589987018072,0.060562745512853795,1.4759,1.6654,0.1895,51,1.6654,117.0,1,52,1.5921,0.07329999999999992,0.0440134502221688,False
KJ-01,kj_sv_40xx0.75-1,3286,7,7,1.459357142857143,0.2820777662108026,0.1932890571656422,0.8321,1.6389,0.8068000000000001,52,1.5769,133.0,2,51;53,1.6223;1.5095,0.0673999999999999,0.042742088908618116,False
KJ-01,kj_sv_40xx0.75-1,3287,3,3,1.2609000000000001,0.2044543714377368,0.16214955304761422,1.0252,1.3904,0.3652000000000002,54,1.3671,84.0,0,,,,,False
KJ-01,kj_sv_40xx0.75-1,3291,5,4,1.5603749999999998,0.08396524578657524,0.053810940182055754,1.4348,1.6079,0.17310000000000003,53,1.4348,245.0,0,,,,,False
KJ-01,kj_sv_40xx0.75-1,3294,7,7,1.7461142857142857,0.22212487050134233,0.127210957678224,1.2975,1.9732,0.6757,56,1.7157,219.0,1,55,1.8942,0.1785000000000001,0.10403916768665857,False
KJ-01,kj_sv_40xx0.75-1,3296,7,7,1.7160571428571427,0.14702424808108877,0.08567561324694661,1.5847,1.9978,0.4131,53,1.9978,192.0,2,52;54,1.6901;1.8308,0.3077000000000001,0.1540194213634999,False
KJ-01,kj_sv_40xx0.75-1,3297,4,4,1.6665999999999999,0.3662499328782646,0.21975875007696183,1.1732,2.0486,0.8754,53,2.0486,142.0,1,54,1.6638,0.38480000000000003,0.1878355950405155,False
KJ-01,kj_sv_40xx0.75-1,3298,3,3,1.6487666666666667,0.12204344854736504,0.07402105526193217,1.5319,1.7754,0.24350000000000005,52,1.7754,313.0,2,51;53,1.639;1.5319,0.24350000000000005,0.1371521910555368,False
KJ-01,kj_sv_40xx0.75-1,3299,6,6,1.5720666666666665,0.07861095767554718,0.050004849884788934,1.44,1.6347,0.1947000000000001,53,1.6243,134.0,2,52;54,1.5117;1.6196,0.11260000000000003,0.06932216954996,False
KJ-01,kj_sv_40xx0.75-1,3301,4,4,1.4835,0.1172085036732973,0.07900809145486841,1.3475,1.61,0.2625000000000002,54,1.4305,136.0,1,53,1.546,0.11549999999999994,0.08074099965047181,False
KJ-01,kj_sv_40xx0.75-1,3303,8,7,1.5044714285714285,0.0927315788406825,0.0616373146605621,1.341,1.6257,0.28469999999999995,57,1.546,136.0,2,56;58,1.4283;1.5325,0.11770000000000014,0.07613195342820189,False
KJ-01,kj_sv_40xx0.75-1,3304,8,8,1.5595249999999998,0.11274980836220645,0.07229753185245923,1.2937,1.6528,0.3591,54,1.6007,130.0,2,53;55,1.5526;1.6528,0.052100000000000035,0.032548260136190436,False
KJ-01,kj_sv_40xx0.75-1,3305,5,3,1.3541666666666667,0.09027831042577907,0.06666706000672916,1.2595,1.4393,0.17979999999999996,55,1.4393,59.0,1,54,1.3637,0.07560000000000011,0.05252553324532767,False
KJ-01,kj_sv_40xx0.75-1,3307,4,4,1.46015,0.10107309236389277,0.06922103370468292,1.3519,1.5623,0.21039999999999992,51,1.3981,119.0,0,,,,,False
KJ-01,kj_sv_40xx0.75-1,3308,11,9,1.5913,0.11304662754810509,0.0710404245259254,1.3721,1.7346,0.3624999999999998,57,1.7057,109.0,2,56;58,1.6802;1.7346,0.028899999999999926,0.01694319047898219,False
KJ-01,kj_sv_40xx0.75-1,3309,7,7,1.4413857142857143,0.2613362739751948,0.1813090496076557,1.1353,1.8921,0.7567999999999999,57,1.5137,200.0,1,56,1.5156,0.0019000000000000128,0.001255202483979661,False
KJ-01,kj_sv_40xx0.75-1,3310,9,9,1.7203444444444445,0.1785492796898878,0.10378693654429605,1.4485,1.9154,0.4669000000000001,56,1.8116,135.0,2,55;57,1.6166;1.5494,0.2622,0.14473393685140207,False
KJ-01,kj_sv_40xx0.75-1,3313,11,11,1.3843727272727273,0.2340170339565438,0.16904192732658582,0.8774,1.6073,0.7299,54,1.5348,101.0,2,53;55,1.4918;1.3703,0.16449999999999987,0.10718008861089384,False
KJ-01,kj_sv_40xx0.75-1,3317,11,5,0.80946,0.2285199181690734,0.28231156347327035,0.5535,1.0745,0.521,54,1.0745,32.0,2,53;55,0.5887;0.9468,0.4858,0.4521172638436482,False
KJ-01,kj_sv_40xx0.75-1,3319,7,7,1.4648714285714284,0.07730628940100787,0.05277342973123483,1.3735,1.5609,0.1874,53,1.3897,187.0,1,54,1.5609,0.17120000000000002,0.12319205583938982,False
KJ-01,kj_sv_40xx0.75-1,3320,10,9,1.4971111111111108,0.11711151143722431,0.07822499650697781,1.1965,1.5572,0.3607,56,1.5572,123.0,2,55;57,1.5569;1.5422,0.014999999999999902,0.009632674030310751,False
KJ-01,kj_sv_40xx0.75-1,3324,9,7,1.5137285714285713,7.559289460183711e-05,4.9938209550009894e-05,1.5137,1.5139,0.00019999999999997797,58,1.5137,124.0,2,57;59,1.5137;1.5137,0.0,0.0,False
KJ-01,kj_sv_40xx0.75-1,3327,10,9,2.0743888888888886,0.6787786945029368,0.3272186320215556,1.085,2.8218,1.7368000000000001,58,2.6602,180.0,2,57;59,2.8218;2.1419,0.5183,0.19483497481392376,False
KJ-01,kj_sv_40xx0.75-1,3329,3,3,1.5436333333333334,0.02150868041822498,0.013933801475884805,1.5198,1.5616,0.04180000000000006,54,1.5616,85.0,1,53,1.5495,0.0121,0.007748463114754097,False
KJ-01,kj_sv_40xx0.75-1,3332,13,11,1.5319181818181817,0.0970646466864411,0.06336150836152252,1.3659,1.6545,0.2886000000000002,57,1.6284,113.0,2,56;58,1.5921;1.6545,0.0363,0.022291820191599115,False
KJ-01,kj_sv_40xx0.75-1,3334,9,9,1.5180111111111112,0.12221792467191998,0.0805118775332694,1.3414,1.692,0.3506,58,1.692,122.0,2,57;59,1.5108;1.6818,0.18120000000000003,0.1070921985815603,False
KJ-01,kj_sv_40xx0.75-1,3335,13,12,1.4575083333333332,0.20217055562224204,0.13870970820446452,1.0541,1.6896,0.6355,57,1.6896,76.0,2,56;58,1.5759;1.542,0.14759999999999995,0.08735795454545452,False
KJ-01,kj_sv_40xx0.75-1,3336,12,11,1.3856454545454546,0.22388866145312658,0.16157716298832786,0.8027,1.6119,0.8092000000000001,57,1.6055,112.0,2,56;58,1.376;1.5485,0.22950000000000004,0.14294612270320775,False
KJ-01,kj_sv_40xx0.75-1,3339,16,13,1.4253999999999998,0.15433106189833162,0.1082721074072763,0.9608,1.5878,0.6270000000000001,64,1.519,66.0,2,63;65,1.3916;1.365,0.15399999999999991,0.10138248847926262,False
KJ-01,kj_sv_40xx0.75-1,3340,6,5,1.74938,0.061776751290432905,0.035313511810145824,1.6798,1.8199,0.1401000000000001,57,1.7747,240.0,1,56,1.8199,0.04520000000000013,0.02546909336789324,False
KJ-01,kj_sv_40xx0.75-1,3341,8,8,1.524075,0.015104753272681138,0.00991076769363787,1.5137,1.5498,0.03610000000000002,53,1.546,131.0,2,52;54,1.5137;1.5137,0.032299999999999995,0.020892626131953425,False
KJ-01,kj_sv_40xx0.75-1,3345,9,9,1.5026888888888887,0.11707013330098807,0.07790709984390151,1.3785,1.6365,0.258,56,1.3785,164.0,2,55;57,1.5869;1.4929,0.20839999999999992,0.15117881755531368,False
KJ-01,kj_sv_40xx0.75-1,3348,8,5,1.4957799999999999,0.17354742003268162,0.11602469616700425,1.1864,1.5925,0.4061000000000001,55,1.5812,280.0,1,56,1.5569,0.02429999999999999,0.01536807487983809,False
KJ-01,kj_sv_40xx0.75-1,3351,8,8,1.6701875,0.1879482712838067,0.11253124052467564,1.5137,1.8921,0.37839999999999985,58,1.8921,151.0,2,57;59,1.8921;1.5137,0.37839999999999985,0.19998942973415773,False
KJ-01,kj_sv_40xx0.75-1,3353,3,3,1.6464333333333332,0.015326230238820336,0.009308746323661453,1.6367,1.6641,0.02739999999999987,52,1.6367,276.0,1,53,1.6385,0.0018000000000000238,0.0010997739353577466,False
KJ-01,kj_sv_40xx0.75-1,3354,8,7,1.5536428571428569,0.10363583449018103,0.06670505645085442,1.3487,1.6464,0.2977000000000001,54,1.6464,129.0,2,53;55,1.6055;1.6305,0.04090000000000016,0.02484207968901856,False
KJ-01,kj_sv_40xx0.75-1,3356,6,6,1.47715,0.22049813377895064,0.149272676288089,1.0831,1.6496,0.5665,54,1.6104,225.0,1,55,1.6117,0.0012999999999998568,0.0008072528564330954,False
KJ-01,kj_sv_40xx0.75-1,3359,7,7,1.6388142857142858,0.06462681147871027,0.03943510380771567,1.5584,1.7112,0.15280000000000005,56,1.6702,139.0,2,55;57,1.5845;1.6815,0.08569999999999989,0.05131122021314806,False
KJ-01,kj_sv_40xx0.75-1,3362,13,12,1.5935166666666667,0.10242519073435839,0.06427619671441051,1.4412,1.7721,0.33089999999999997,63,1.6898,228.0,1,62,1.6233,0.0665,0.039353769676884844,False
KJ-01,kj_sv_40xx0.75-1,3363,6,5,1.4846400000000002,0.07196692295770332,0.04847432573398488,1.3921,1.5681,0.17600000000000016,52,1.4928,121.0,1,53,1.5357,0.04290000000000016,0.028737942122186604,False
KJ-01,kj_sv_40xx0.75-1,3365,9,8,1.5546125,0.17090885154290364,0.10993662507081581,1.1444,1.6583,0.5139,56,1.6383,131.0,2,55;57,1.5783;1.6583,0.06000000000000005,0.03662332906061164,False
KJ-01,kj_sv_40xx0.75-1,3366,10,9,1.4092555555555555,0.06637804816185677,0.04710149830538669,1.3379,1.5086,0.17069999999999985,58,1.427,107.0,2,57;59,1.5086;1.3533,0.0815999999999999,0.057182901191310365,False
KJ-01,kj_sv_40xx0.75-1,3371,8,8,1.4899,0.17111075778153584,0.11484714261462906,1.3654,1.8732,0.5078,53,1.5616,92.0,2,52;54,1.8732;1.5058,0.3115999999999999,0.19953893442622941,False
KJ-01,kj_sv_40xx0.75-1,3373,9,9,1.4477888888888888,0.1592751741832703,0.11001270655247718,1.3379,1.7469,0.4089999999999998,52,1.7469,133.0,1,53,1.6057,0.1412,0.08082889690308546,False
KJ-01,kj_sv_40xx0.75-1,3374,9,6,1.3425666666666667,0.0051332900431074815,0.0038234898650153794,1.3379,1.3505,0.012599999999999945,57,1.3455,100.0,2,56;58,1.3389;1.3379,0.007599999999999829,0.005648457822370739,False
KJ-01,kj_sv_40xx0.75-1,3377,3,3,1.4493333333333334,0.27942427119585256,0.1927950353237253,1.1353,1.6705,0.5352000000000001,52,1.6705,79.0,1,53,1.5422,0.12830000000000008,0.07680335228973366,False
KJ-01,kj_sv_40xx0.75-1,3379,7,7,1.5409714285714284,0.09992166455588626,0.06484329475759297,1.3516,1.6363,0.2847000000000002,52,1.6363,129.0,1,53,1.6099,0.02639999999999998,0.016133960765140853,False
KJ-01,kj_sv_40xx0.75-1,3381,9,8,1.3313125000000001,0.10850585813678448,0.0815029214679382,1.1282,1.5034,0.3752,57,1.5034,58.0,2,56;58,1.3929;1.382,0.12140000000000017,0.08075029932153796,False
KJ-01,kj_sv_40xx0.75-1,3382,8,8,1.6671375,0.07941948191182603,0.04763823134674017,1.6055,1.7935,0.18800000000000017,58,1.7935,163.0,2,57;59,1.6583;1.6194,0.17410000000000014,0.09707276275439093,False
KJ-01,kj_sv_40xx0.75-1,3385,9,8,1.5948875,0.022718490738351707,0.014244572572267139,1.5613,1.6213,0.06000000000000005,59,1.6055,228.0,1,58,1.5613,0.04420000000000002,0.027530364372469647,False
KJ-01,kj_sv_40xx0.75-1,3388,9,9,1.4820666666666666,0.10620627335520252,0.07166092844802474,1.3018,1.5924,0.29059999999999997,57,1.5924,117.0,2,56;58,1.5819;1.5364,0.05600000000000005,0.035167043456418016,False
KJ-01,kj_sv_40xx0.75-1,3389,12,12,1.5588666666666666,0.11497566013831981,0.07375592961017821,1.3389,1.6702,0.33129999999999993,57,1.6702,129.0,2,56;58,1.6643;1.5918,0.0783999999999998,0.04694048616932092,False
KJ-01,kj_sv_40xx0.75-1,3391,9,9,1.8433333333333333,0.11279503535173874,0.061190796755011975,1.6187,1.9445,0.32579999999999987,57,1.8921,226.0,2,56;58,1.9445;1.7757,0.11639999999999984,0.06151894720152203,False
KJ-01,kj_sv_40xx0.75-1,3392,7,6,1.7789666666666666,0.1310235958393246,0.07365151820681928,1.6209,1.929,0.30810000000000004,56,1.929,268.0,2,55;57,1.9185;1.6924,0.23660000000000014,0.12265422498703998,False
KJ-01,kj_sv_40xx0.75-1,3393,6,4,0.978375,0.10331419311982264,0.10559774434120112,0.8765,1.0707,0.19420000000000004,54,1.064,51.0,2,53;55,1.0707;0.9023,0.16170000000000007,0.15197368421052637,False
KJ-01,kj_sv_40xx0.75-1,3394,14,13,1.483769230769231,0.3357668248070759,0.22629315788749996,1.0502,2.2351,1.1849,52,1.5869,160.0,1,53,1.9666,0.3796999999999999,0.23927153569853168,False
KJ-01,kj_sv_40xx0.75-1,3395,6,6,1.4362833333333336,0.1332371632340867,0.09276523659497546,1.3422,1.6104,0.2682,54,1.3661,139.0,2,53;55,1.3467;1.6104,0.24429999999999996,0.17883024668765093,False
KJ-01,kj_sv_40xx0.75-1,3400,6,6,1.5278333333333334,0.0949790433025447,0.062165840494738535,1.4127,1.6941,0.2813999999999999,57,1.5559,184.0,2,56;58,1.4127;1.5161,0.1432,0.09203676328812906,False
KJ-01,kj_sv_40xx0.75-1,3401,12,12,1.6130750000000003,0.14674058201155843,0.09096947259833449,1.3662,1.8271,0.46089999999999987,61,1.8271,157.0,2,60;62,1.711;1.6734,0.15369999999999995,0.0841223797274369,False
KJ-01,kj_sv_40xx0.75-1,3402,11,11,1.4472363636363637,0.1461436777471217,0.10098120902650436,1.1054,1.6114,0.506,57,1.5046,114.0,2,56;58,1.4177;1.6059,0.10130000000000017,0.067326864282866,False
KJ-01,kj_sv_40xx0.75-1,3403,8,8,1.54055,0.11584751060892808,0.07519879952544745,1.3418,1.6077,0.2658999999999998,56,1.6077,165.0,2,55;57,1.5879;1.3418,0.2658999999999998,0.16539155315046328,False
KJ-01,kj_sv_40xx0.75-1,3404,13,11,1.7298636363636364,0.4685184996832618,0.27084129051243555,1.1353,2.654,1.5187,59,2.654,140.0,2,58;60,2.1994;1.9477,0.7062999999999999,0.26612660135644306,True
KJ-01,kj_sv_40xx0.75-1,3406,11,10,1.5626799999999998,0.2350586584001723,0.1504202129675764,1.1393,1.8723,0.7330000000000001,62,1.8638,198.0,1,61,1.8723,0.008500000000000174,0.004560575169009644,False
KJ-01,kj_sv_40xx0.75-1,3408,9,9,1.4879777777777778,0.10464056070398534,0.07032400770141937,1.2094,1.5304,0.32099999999999995,56,1.5301,125.0,2,55;57,1.5209;1.5298,0.009200000000000097,0.006012678909875235,False
KJ-01,kj_sv_40xx0.75-1,3410,8,8,1.4657875,0.11164851016215387,0.07616964270888779,1.2341,1.5643,0.33020000000000005,55,1.5643,129.0,2,54;56,1.4811;1.5636,0.08319999999999994,0.053186728888320614,False
KJ-01,kj_sv_40xx0.75-1,3416,10,9,1.484611111111111,0.2982250678784584,0.20087756695776116,0.7568,1.8922,1.1354000000000002,59,1.5156,126.0,2,58;60,1.5176;1.5495,0.03390000000000004,0.022367379255740328,False
KJ-01,kj_sv_40xx0.75-1,3417,3,3,1.5558333333333334,0.024956228347515475,0.016040425290315248,1.5319,1.5817,0.049800000000000066,53,1.5539,256.0,0,,,,,False
KJ-01,kj_sv_40xx0.75-1,3418,4,4,1.393475,0.24045000000000005,0.1725542259459266,1.0328,1.5137,0.4809000000000001,53,1.5137,98.0,1,54,1.5137,0.0,0.0,False
KJ-01,kj_sv_40xx0.75-1,3421,12,12,1.1686916666666667,0.1859234028906104,0.15908678755355524,0.8307,1.3497,0.5189999999999999,59,1.3497,60.0,2,58;60,1.3497;1.3388,0.01089999999999991,0.008075868711565466,False
KJ-01,kj_sv_40xx0.75-1,3423,30,29,1.4534,0.157304720208899,0.10823222802318631,1.015,1.6395,0.6245,54,1.6395,228.0,2,53;55,1.5817;1.5635,0.07600000000000007,0.046355596218359295,False
KJ-01,kj_sv_40xx0.75-1,3425,6,4,1.5035500000000002,0.18118707643390755,0.12050618631499287,1.2337,1.6107,0.377,58,1.6107,80.0,1,57,1.6067,0.0040000000000000036,0.002483392313900791,False
KJ-01,kj_sv_40xx0.75-1,3428,4,4,1.19215,0.47936675938158246,0.4021027214541647,0.514,1.5386,1.0246,56,1.5386,68.0,1,55,1.523,0.015600000000000058,0.010139087482126647,False
KJ-01,kj_sv_40xx0.75-1,3429,8,8,1.5816125,0.05162403752129428,0.032640129944151476,1.5562,1.7058,0.14959999999999996,54,1.7058,145.0,2,53;55,1.5932;1.5608,0.14500000000000002,0.08500410364638294,False
KJ-01,kj_sv_40xx0.75-1,3430,4,4,1.38605,0.048428951396177596,0.034940262902620825,1.3525,1.4578,0.10529999999999995,56,1.3629,91.0,1,55,1.3525,0.010399999999999965,0.007630787291804215,False
KJ-01,kj_sv_40xx0.75-1,3432,9,9,1.6646888888888887,0.05957322058703147,0.0357863988788885,1.5529,1.7403,0.1874,58,1.7403,192.0,2,57;59,1.632;1.7241,0.10830000000000006,0.06223064988795039,False
KJ-01,kj_sv_40xx0.75-1,3433,10,8,1.6034875,0.12068008993675325,0.07526101072615363,1.3401,1.7192,0.3791,57,1.7141,140.0,2,56;58,1.7192;1.671,0.043099999999999916,0.025144390642319537,False
KJ-01,kj_sv_40xx0.75-1,3435,9,9,1.6287666666666665,0.10856548714946197,0.06665502761770377,1.4086,1.8111,0.40249999999999986,58,1.559,134.0,2,57;59,1.6104;1.6083,0.05140000000000011,0.032969852469531824,False
KJ-01,kj_sv_40xx0.75-1,3436,4,4,1.4404249999999998,0.44615465461354686,0.30973820546959885,0.7729,1.7002,0.9272999999999999,53,1.6662,86.0,1,54,1.6224,0.04379999999999984,0.026287360460928964,False
KJ-01,kj_sv_40xx0.75-1,3437,7,7,1.5378285714285715,0.22867957724208576,0.14870290583146925,1.039,1.6882,0.6492,55,1.5622,142.0,1,54,1.5638,0.0016000000000000458,0.0010241966457560144,False
KJ-01,kj_sv_40xx0.75-1,3438,6,6,1.4334666666666669,0.10422613235972383,0.0727091426563044,1.2726,1.5882,0.3156000000000001,58,1.4185,124.0,1,57,1.4927,0.07419999999999982,0.0523087768769826,False
KJ-01,kj_sv_40xx0.75-1,3439,5,5,1.6438,0.087492371095999,0.05322567897311048,1.5435,1.7535,0.20999999999999996,54,1.7535,146.0,2,53;55,1.5435;1.6624,0.20999999999999996,0.11976047904191614,False
KJ-01,kj_sv_40xx0.75-1,3442,8,8,1.4184875000000001,0.1380906786706267,0.09735064896280488,1.1505,1.527,0.37649999999999983,56,1.5151,125.0,2,55;57,1.5137;1.4407,0.0743999999999998,0.04910566959276603,False
KJ-01,kj_sv_40xx0.75-1,3445,6,6,1.5773333333333335,0.04977528168344876,0.03155660292695399,1.5146,1.625,0.11040000000000005,58,1.6192,152.0,1,57,1.6184,0.0007999999999999119,0.0004940711462450049,False
KJ-01,kj_sv_40xx0.75-1,3448,4,4,1.4135000000000002,0.22806433302908194,0.16134724657168864,1.106,1.6466,0.5406,57,1.6466,124.0,1,56,1.4975,0.1491,0.09055022470545367,False
KJ-01,kj_sv_40xx0.75-1,3451,8,8,1.6587874999999999,0.29097087452428744,0.17541178392306878,1.0834,1.9446,0.8612000000000002,59,1.9266,238.0,1,58,1.9446,0.018000000000000016,0.009342883836810971,False
KJ-01,kj_sv_40xx0.75-1,3453,4,4,1.4205750000000001,0.07776200336068162,0.054739808430164974,1.3463,1.5289,0.18259999999999987,53,1.5289,115.0,1,54,1.3911,0.13779999999999992,0.09013015893779837,False
KJ-01,kj_sv_40xx0.75-1,3454,9,7,1.4650142857142858,0.060230734916414785,0.041112728731548545,1.3997,1.541,0.14129999999999998,55,1.5123,114.0,2,54;56,1.541;1.4654,0.04689999999999994,0.031012365271440814,False
KJ-01,kj_sv_40xx0.75-1,3455,9,9,1.3853666666666666,0.1492414319148674,0.10772702671846256,1.1133,1.5857,0.47240000000000015,56,1.4387,107.0,2,55;57,1.3995;1.4522,0.039200000000000124,0.027246820045874833,False
KJ-01,kj_sv_40xx0.75-1,3457,12,10,1.39802,0.1856656241742127,0.13280612879230103,0.9244,1.5713,0.6468999999999999,60,1.4108,71.0,2,59;61,1.3503;1.5713,0.16049999999999986,0.11376523958037983,False
KJ-01,kj_sv_40xx0.75-1,3458,7,7,1.5580142857142858,0.0594549529355749,0.038160723865453675,1.4672,1.6189,0.15169999999999995,57,1.5725,130.0,2,56;58,1.6189;1.5716,0.0464,0.029507154213036565,False
KJ-01,kj_sv_40xx0.75-1,3459,10,9,1.6031555555555554,0.13798920348265575,0.08607349611487773,1.3833,1.8939,0.5105999999999999,59,1.5629,104.0,2,58;60,1.5734;1.6059,0.04300000000000015,0.027512956683089226,False
KJ-01,kj_sv_40xx0.75-1,3460,5,5,1.36966,0.06302759713014607,0.04601696561931141,1.3379,1.4822,0.14429999999999987,54,1.4822,112.0,2,53;55,1.3432;1.338,0.14419999999999988,0.0972878154095263,False
KJ-01,kj_sv_40xx0.75-1,3461,8,8,1.54135,0.18464843042155235,0.11979656172936215,1.1354,1.7019,0.5665,54,1.7019,193.0,2,53;55,1.4451;1.6195,0.2567999999999999,0.15089018156178385,False
KJ-01,kj_sv_40xx0.75-1,3462,8,8,1.4780875,0.12356672503434844,0.08359905961883071,1.3379,1.6055,0.26759999999999984,57,1.5305,110.0,2,56;58,1.4472;1.353,0.1775,0.11597517151257758,False
KJ-01,kj_sv_40xx0.75-1,3464,11,10,1.40635,0.24121859726535733,0.17152102767117527,1.1363,1.6466,0.5103,56,1.6466,154.0,2,55;57,1.6232;1.6395,0.023400000000000087,0.014211101664035034,False
KJ-01,kj_sv_40xx0.75-1,3465,5,5,1.43948,0.1623569739801774,0.11278862782405966,1.153,1.5374,0.3844000000000001,53,1.5374,200.0,0,,,,,False
KJ-01,kj_sv_40xx0.75-1,3466,4,4,1.4861499999999999,0.15804964409956762,0.10634837943650885,1.3458,1.6242,0.2784,53,1.6242,61.0,1,54,1.6218,0.0024000000000001798,0.0014776505356484297,False
KJ-01,kj_sv_40xx0.75-1,3467,14,12,1.5078499999999997,0.1464769389233801,0.09714291137936806,1.1361,1.7246,0.5884999999999998,60,1.5391,109.0,2,59;61,1.519;1.5155,0.023599999999999843,0.015333636540835452,False
KJ-01,kj_sv_40xx0.75-1,3469,7,7,1.3543285714285713,0.13666715911641827,0.10091137556985834,1.0954,1.5618,0.46640000000000015,58,1.5618,75.0,2,57;59,1.3657;1.3917,0.19610000000000016,0.12556025099244472,False
KJ-01,kj_sv_40xx0.75-1,3470,9,9,1.5738111111111113,0.07515695983148271,0.04775475233392009,1.4347,1.6942,0.25949999999999984,59,1.6326,146.0,2,58;60,1.5697;1.5224,0.11020000000000008,0.06749969374004659,False
KJ-01,kj_sv_40xx0.75-1,3471,8,8,1.5693000000000001,0.043029557947332625,0.027419587043479653,1.5157,1.6656,0.14989999999999992,58,1.5818,132.0,2,57;59,1.56;1.6656,0.08379999999999987,0.05297762043241868,False
KJ-01,kj_sv_40xx0.75-1,3472,4,3,1.6010666666666664,0.14858550849034144,0.09280407342418062,1.4296,1.692,0.26239999999999997,55,1.692,117.0,1,56,1.4296,0.26239999999999997,0.15508274231678484,False
KJ-01,kj_sv_40xx0.75-1,3475,8,8,1.3287499999999999,0.2699279268884302,0.20314425353785906,0.7754,1.5309,0.7555,55,1.4315,98.0,2,54;56,1.208;1.5137,0.22350000000000003,0.15612993363604613,False
KJ-01,kj_sv_40xx0.75-1,3477,4,4,1.578325,0.02918371406566792,0.018490307170999584,1.5602,1.6219,0.061699999999999866,57,1.6219,277.0,1,56,1.567,0.05489999999999995,0.03384918922251677,False
KJ-01,kj_sv_40xx0.75-1,3478,9,9,1.3139444444444441,0.09136713182418375,0.06953652584818011,1.0839,1.39,0.3060999999999998,57,1.39,119.0,2,56;58,1.3516;1.348,0.041999999999999815,0.030215827338129365,False
KJ-01,kj_sv_40xx0.75-1,3479,8,7,1.4849285714285716,0.0949090742814004,0.06391490884311922,1.3507,1.6158,0.2650999999999999,55,1.4974,116.0,2,54;56,1.4632;1.5333,0.03590000000000004,0.0239748898090023,False
KJ-01,kj_sv_40xx0.75-1,3482,7,6,1.6391,0.12276170412632764,0.07489579899110954,1.4462,1.7483,0.30210000000000004,56,1.7173,158.0,2,55;57,1.6993;1.7483,0.030999999999999917,0.01805159261631626,False
KJ-01,kj_sv_40xx0.75-1,3483,8,8,1.7403,0.2862074123029361,0.16445866362290187,1.2305,2.1443,0.9138,59,1.7033,204.0,2,58;60,1.7142;1.2305,0.4728000000000001,0.27757881758938535,False
KJ-01,kj_sv_40xx0.75-1,3492,12,10,1.6237399999999997,0.10451261699484478,0.06436536452562898,1.4659,1.7603,0.2944,58,1.6975,113.0,2,57;59,1.636;1.7603,0.06279999999999997,0.03699558173784976,False
KJ-01,kj_sv_40xx0.75-1,3493,10,8,1.4863499999999998,0.09771496449221219,0.06574155783779877,1.3637,1.6115,0.24780000000000002,60,1.6115,123.0,2,59;61,1.4663;1.6091,0.1452,0.0901023890784983,False
KJ-01,kj_sv_40xx0.75-1,3496,15,10,1.21071,0.26732344308388334,0.22079890567013022,0.7053,1.5508,0.8454999999999999,62,1.5508,59.0,2,61;63,1.5141;1.3547,0.19609999999999994,0.1264508640701573,False
KJ-01,kj_sv_40xx0.75-1,3497,12,11,1.3320909090909092,0.11530780072957299,0.08656151013617025,1.0953,1.4394,0.3441000000000001,60,1.4071,129.0,2,59;61,1.3922;1.4151,0.014899999999999913,0.010589154999644598,False
KJ-01,kj_sv_40xx0.75-1,3498,3,3,1.6066666666666667,0.1477914183345344,0.09198635995925378,1.4361,1.6967,0.26060000000000016,56,1.6967,105.0,1,55,1.6872,0.009500000000000064,0.005599104143337103,False
KJ-01,kj_sv_40xx0.75-1,3499,8,8,1.74855,0.3095474438595803,0.17703093640992837,1.3559,2.2947,0.9388000000000001,59,1.9093,265.0,2,58;60,1.7606;1.9798,0.14870000000000005,0.07788194626302837,False
KJ-01,kj_sv_40xx0.75-1,3501,5,3,0.5482,0.02511473670974871,0.04581309140778677,0.5192,0.5627,0.04349999999999998,54,0.5627,14.0,1,55,0.5627,0.0,0.0,False
KJ-01,kj_sv_40xx0.75-1,3504,9,8,1.3622999999999998,0.03154312241089282,0.02315431432936418,1.3338,1.4321,0.09829999999999983,59,1.4321,124.0,2,58;60,1.3577;1.3619,0.07440000000000002,0.051951679352000575,False
KJ-01,kj_sv_40xx0.75-1,3505,7,7,1.5278428571428573,0.26418051187993186,0.1729107876800646,0.9365,1.7079,0.7714,57,1.6055,123.0,2,56;58,1.5921;1.5915,0.014000000000000012,0.008720024914356906,False
KJ-01,kj_sv_40xx0.75-1,3509,9,9,1.545288888888889,0.18024577279678747,0.11664212050757047,1.1718,1.6891,0.5173000000000001,59,1.6891,133.0,2,58;60,1.59;1.6843,0.09909999999999997,0.058670297791723384,False
KJ-01,kj_sv_40xx0.75-1,3510,3,3,1.7470333333333334,0.1324660082184609,0.07582340055625397,1.6376,1.8943,0.25670000000000015,54,1.8943,244.0,0,,,,,False
KJ-01,kj_sv_40xx0.75-1,3511,6,6,1.5059166666666668,0.15528002339859004,0.10311329095141832,1.2345,1.6186,0.3841000000000001,58,1.6186,93.0,2,57;59,1.6174;1.6125,0.006099999999999994,0.003768688990485601,False
KJ-01,kj_sv_40xx0.75-1,3514,9,9,1.6773999999999998,0.1640877280603275,0.0978226589127981,1.3731,1.9118,0.5387,57,1.8111,189.0,2,56;58,1.9118;1.8113,0.10070000000000001,0.05560156810777981,False
KJ-01,kj_sv_40xx0.75-1,3516,4,4,1.680725,0.14113323197130662,0.08397163841277223,1.6021,1.8921,0.2899999999999998,58,1.8921,189.0,1,57,1.6079,0.2841999999999998,0.15020347761746197,False
KJ-01,kj_sv_40xx0.75-1,3517,14,14,1.7185642857142862,0.16271710990901614,0.09468200361290884,1.5137,1.9114,0.39769999999999994,60,1.8921,239.0,2,59;61,1.5323;1.9114,0.3597999999999999,0.19015908250092486,False
KJ-01,kj_sv_40xx0.75-1,3518,11,8,1.5080624999999999,0.12872196990302115,0.08535585886063818,1.2604,1.6266,0.3662000000000001,64,1.6089,97.0,1,63,1.5607,0.04820000000000002,0.02995835664118343,False
KJ-01,kj_sv_40xx0.75-1,3519,8,8,1.6744875000000001,0.1002766378930948,0.05988497250238941,1.5785,1.8615,0.2829999999999999,61,1.8615,222.0,1,60,1.7471,0.11439999999999984,0.06145581520279336,False
KJ-01,kj_sv_40xx0.75-1,3520,9,9,1.783477777777778,0.3819237383882343,0.2141454988377333,1.5387,2.7529,1.2142,60,2.7529,159.0,1,61,1.6608,1.0920999999999998,0.39670892513349554,True
KJ-01,kj_sv_40xx0.75-1,3521,11,11,1.5578636363636362,0.11507685495117834,0.07386837478265468,1.3506,1.7038,0.35319999999999996,57,1.6318,234.0,2,56;58,1.7038;1.6823,0.07200000000000006,0.044123054295869636,False
KJ-01,kj_sv_40xx0.75-1,3523,8,8,1.4383375,0.08328148375067708,0.05790121146857193,1.3659,1.6205,0.25460000000000016,57,1.4323,122.0,2,56;58,1.3862;1.3986,0.04609999999999981,0.03218599455421337,False
KJ-01,kj_sv_40xx0.75-1,3527,4,4,2.1473999999999998,1.1663213336526659,0.5431318495169349,1.5139,3.8951,2.3811999999999998,56,3.8951,323.0,2,55;57,1.5433;1.6373,2.3518,0.6037842417396215,True
KJ-01,kj_sv_40xx0.75-1,3528,8,8,1.5864,0.15614941562490714,0.09843004010647197,1.2696,1.7111,0.4415,59,1.692,125.0,2,58;60,1.6918;1.7111,0.019100000000000117,0.011288416075650188,False
KJ-01,kj_sv_40xx0.75-1,3530,6,5,1.67274,0.13934727482085899,0.08330480219332292,1.5155,1.8043,0.28879999999999995,59,1.8043,109.0,1,58,1.533,0.2713000000000001,0.15036302167045396,False
KJ-01,kj_sv_40xx0.75-1,3538,11,11,1.3168818181818183,0.08173065297893832,0.06206377204887037,1.0709,1.3506,0.27970000000000006,60,1.3385,75.0,2,59;61,1.3472;1.3506,0.0121,0.00903997011580127,False
KJ-01,kj_sv_40xx0.75-1,3539,8,8,1.5239,0.09077158145587196,0.0595653136399186,1.3439,1.6328,0.28889999999999993,58,1.5516,131.0,2,57;59,1.4863;1.6328,0.08119999999999994,0.05233307553493164,False
KJ-01,kj_sv_40xx0.75-1,3541,10,10,1.5624499999999997,0.0976690016785719,0.06251016139945081,1.3379,1.6118,0.2738999999999998,56,1.4247,143.0,2,55;57,1.6056;1.6069,0.18219999999999992,0.12788657261177785,False
KJ-01,kj_sv_40xx0.75-1,3542,25,23,1.3506869565217392,0.16449000330041566,0.12178247706189958,1.0733,1.6196,0.5463,72,1.3392,93.0,2,71;73,1.3426;1.3379,0.0034000000000000696,0.00253882915173243,False
KJ-01,kj_sv_40xx0.75-1,3543,8,7,1.6271285714285715,0.14230384996297787,0.08745704086434869,1.5205,1.8931,0.37260000000000004,59,1.8931,155.0,1,58,1.5564,0.3367,0.177856425967989,False
KJ-01,kj_sv_40xx0.75-1,3545,6,6,1.5899666666666665,0.07913620326163408,0.04977224046309194,1.4397,1.6781,0.23839999999999995,58,1.6055,128.0,1,59,1.6055,0.0,0.0,False
KJ-01,kj_sv_40xx0.75-1,3547,5,5,1.50328,0.18847989813240038,0.12537910311611966,1.2347,1.6866,0.4519000000000002,55,1.3813,121.0,2,54;56,1.6055;1.6083,0.2270000000000001,0.16433794251791797,False
KJ-01,kj_sv_40xx0.75-1,3548,3,3,1.4509333333333334,0.06634035976186241,0.045722541648039704,1.4106,1.5275,0.1169,54,1.5275,110.0,1,55,1.4147,0.11280000000000001,0.07384615384615385,False
KJ-01,kj_sv_40xx0.75-1,3552,8,8,1.5462250000000002,0.17713136973121713,0.11455730552229922,1.1209,1.6639,0.5429999999999999,56,1.6061,123.0,2,55;57,1.5134;1.6061,0.0927,0.05771745221343627,False
KJ-01,kj_sv_40xx0.75-1,3553,9,7,1.6780000000000002,0.2575486297122675,0.1534854765865718,1.1831,1.8963,0.7132000000000001,61,1.8934,152.0,2,60;62,1.7503;1.5627,0.3307,0.17465934298088095,False
KJ-01,kj_sv_40xx0.75-1,3557,6,4,2.29925,1.0160406635563362,0.441900908364178,1.2639,3.2841,2.0202,57,1.5986,128.0,2,56;58,3.0504;3.2841,1.6855,1.0543600650569247,True
KJ-01,kj_sv_40xx0.75-1,3558,11,9,1.0773555555555556,0.11533193520347162,0.10705094952984102,0.8002,1.1399,0.3396999999999999,56,1.1399,32.0,2,55;57,1.1353;1.123,0.016899999999999915,0.014825861917712006,False
KJ-01,kj_sv_40xx0.75-1,3559,9,9,1.4822,0.10409017725030542,0.07022680964128014,1.2114,1.5522,0.3408,57,1.5522,175.0,2,56;58,1.5137;1.5137,0.03849999999999998,0.024803504703002178,False
KJ-01,kj_sv_40xx0.75-1,3561,8,7,1.4512857142857143,0.1764743081260596,0.12159859798035409,1.099,1.6176,0.5186,57,1.5884,190.0,1,58,1.5188,0.0696000000000001,0.0438176781667087,False
KJ-01,kj_sv_40xx0.75-1,3563,10,10,1.28892,0.28028502873563066,0.21745727332621936,0.5429,1.4364,0.8934999999999998,58,1.4281,115.0,2,57;59,1.4104;1.4103,0.017799999999999816,0.012464113157341795,False
KJ-01,kj_sv_40xx0.75-1,3566,12,11,1.3841545454545454,0.3364533232519375,0.24307496901760264,0.7055,1.6504,0.9449000000000001,59,1.573,116.0,2,58;60,1.6198;1.56,0.04679999999999995,0.02975206611570245,False
KJ-01,kj_sv_40xx0.75-1,3568,10,8,1.4719125000000002,0.22746300444876116,0.15453568364203793,0.9915,1.6633,0.6718,59,1.5352,103.0,2,58;60,1.3782;1.5843,0.1569999999999998,0.1022668056279311,False
KJ-01,kj_sv_40xx0.75-1,3570,12,11,1.560509090909091,0.18634717843072082,0.11941434978899246,1.0903,1.7262,0.6358999999999999,60,1.7134,196.0,2,59;61,1.6254;1.6331,0.08800000000000008,0.05135986926578737,False
KJ-01,kj_sv_40xx0.75-1,3571,11,8,1.470475,0.16984799717057938,0.11550553200195814,1.1353,1.6244,0.4891000000000001,60,1.5523,85.0,2,59;61,1.2873;1.5686,0.2649999999999999,0.17071442375829407,False
KJ-01,kj_sv_40xx0.75-1,3572,6,6,1.5629666666666668,0.07506524273368242,0.048027411162756134,1.4349,1.6509,0.21599999999999997,58,1.559,169.0,2,57;59,1.6237;1.5447,0.06469999999999998,0.0415009621552277,False
KJ-01,kj_sv_40xx0.75-1,3575,8,8,1.4737625,0.10159140764426323,0.06893336453075935,1.3504,1.6309,0.28049999999999997,55,1.3504,133.0,1,56,1.4082,0.05779999999999985,0.04280213270142169,False
KJ-01,kj_sv_40xx0.75-1,3577,14,14,1.6805928571428572,0.3743132860304334,0.22272692903550478,1.3469,2.948,1.6011,56,1.6313,252.0,2,55;57,1.3469;2.948,1.3167,0.8071476736345247,True
KJ-01,kj_sv_40xx0.75-1,3579,4,4,1.53085,0.15167127831816635,0.09907651194967916,1.3394,1.6831,0.3437000000000001,57,1.6153,169.0,2,56;58,1.4856;1.6831,0.12969999999999993,0.08029468210239579,False
KJ-01,kj_sv_40xx0.75-1,3580,13,12,1.3978333333333335,0.21003142766276817,0.15025498580858576,1.1105,1.6337,0.5231999999999999,61,1.6337,91.0,2,60;62,1.5557;1.6303,0.07799999999999985,0.04774438391381518,False
KJ-01,kj_sv_40xx0.75-1,3581,11,11,1.4199909090909093,0.1424575407238624,0.10032285404916076,1.1418,1.5526,0.41080000000000005,63,1.5459,167.0,2,62;64,1.481;1.5355,0.06489999999999996,0.04198201694805612,False
KJ-01,kj_sv_40xx0.75-1,3582,11,11,1.4910454545454543,0.3025196104838044,0.20289093773873418,0.7751,1.7337,0.9586,60,1.6794,257.0,2,59;61,1.6485;1.7337,0.054300000000000015,0.03233297606287961,False
KJ-01,kj_sv_40xx0.75-1,3583,10,8,1.581575,0.09240154219492225,0.05842374986638146,1.4046,1.676,0.27139999999999986,57,1.676,139.0,1,58,1.6714,0.0045999999999999375,0.002744630071599008,False
KJ-01,kj_sv_40xx0.75-1,3584,6,6,1.6334,0.06200170965384751,0.037958681066393725,1.5695,1.7252,0.15570000000000017,59,1.6124,391.0,0,,,,,False
KJ-01,kj_sv_40xx0.75-1,3592,4,4,1.6142500000000002,0.019590048494069635,0.012135696759528965,1.5921,1.6365,0.044399999999999995,56,1.6233,286.0,2,55;57,1.6365;1.5921,0.031199999999999894,0.019220107189059258,False
KJ-01,kj_sv_40xx0.75-1,3593,6,6,1.5841833333333335,0.06055765572301048,0.03822641890543633,1.5173,1.6525,0.1352,55,1.5594,244.0,1,56,1.6525,0.09310000000000018,0.05970244966012581,False
KJ-01,kj_sv_40xx0.75-1,3594,5,4,0.99965,0.1415262166526047,0.14157576817146472,0.8696,1.1953,0.3257,59,1.1953,40.0,1,58,0.9298,0.26550000000000007,0.22211996988203803,False
KJ-01,kj_sv_40xx0.75-1,3595,11,10,1.67084,0.162815322784231,0.0974451909124937,1.4712,2.0688,0.5975999999999999,56,1.7878,159.0,2,55;57,2.0688;1.626,0.2809999999999999,0.15717641794384155,False
KJ-01,kj_sv_40xx0.75-1,3597,3,3,1.2949000000000002,0.4373805665550311,0.33777169399569934,0.8245,1.6893,0.8648,57,1.6893,79.0,1,56,1.3709,0.3184,0.18848043568341918,False
KJ-01,kj_sv_40xx0.75-1,3600,11,11,1.7462727272727276,0.20276488399577028,0.1161129535089527,1.3392,2.0214,0.6821999999999999,61,1.9433,163.0,2,60;62,1.9883;1.6666,0.27669999999999995,0.14238666186383983,False
KJ-01,kj_sv_40xx0.75-1,3602,10,9,1.4122555555555556,0.3173559992780628,0.22471570250132294,0.5963,1.6424,1.0461,60,1.5374,124.0,2,59;61,1.5477;1.5427,0.010299999999999976,0.00669962273969037,False
KJ-01,kj_sv_40xx0.75-1,3603,8,8,1.7120625,0.17112679457474966,0.09995359081502554,1.5449,1.9113,0.36640000000000006,61,1.8684,140.0,2,60;62,1.8062;1.8921,0.06220000000000003,0.033290515949475505,False
KJ-01,kj_sv_40xx0.75-1,3604,5,5,1.5439600000000002,0.1671241095713003,0.10824380785208185,1.2496,1.6394,0.3897999999999999,59,1.6348,114.0,1,58,1.6286,0.006199999999999983,0.003792512845608015,False
KJ-01,kj_sv_40xx0.75-1,3607,15,12,1.4833833333333335,0.1391214435685817,0.09378657589199128,1.1475,1.6055,0.45799999999999996,60,1.5504,95.0,2,59;61,1.533;1.5744,0.02400000000000002,0.015479876160990726,False
KJ-01,kj_sv_40xx0.75-1,3608,3,3,1.4038333333333333,0.35441792185685717,0.25246438693353235,0.9946,1.6113,0.6166999999999999,55,1.6113,112.0,1,56,1.6056,0.005700000000000038,0.00353751629119347,False
KJ-01,kj_sv_40xx0.75-1,3612,8,8,1.4973375,0.15054360486013915,0.10054086327240128,1.1453,1.6575,0.5122,55,1.5137,143.0,1,56,1.5138,9.999999999998899e-05,6.606328863050075e-05,False
KJ-01,kj_sv_40xx0.75-1,3614,8,7,1.5578857142857143,0.11131990580561693,0.07145575877923546,1.5137,1.8101,0.2964,60,1.8101,137.0,1,59,1.5137,0.2964,0.16374785923429644,False
KJ-01,kj_sv_40xx0.75-1,3615,4,4,1.4907499999999998,0.14015062135669135,0.09401349747220618,1.2806,1.5652,0.28459999999999996,55,1.556,74.0,1,56,1.5612,0.005199999999999871,0.003341902313624596,False
KJ-01,kj_sv_40xx0.75-1,3618,4,4,1.6467,0.05811477150145797,0.03529165695114955,1.5769,1.7192,0.1423000000000001,60,1.7192,200.0,0,,,,,False
KJ-01,kj_sv_40xx0.75-1,3620,10,10,1.6769000000000003,0.1233124576927336,0.07353596379792092,1.5494,1.8921,0.3426999999999998,59,1.8422,193.0,2,58;60,1.6759;1.7124,0.16630000000000011,0.09027250027141467,False
KJ-01,kj_sv_40xx0.75-1,3621,3,3,1.6085666666666665,0.05046041352717332,0.03136979932062084,1.5687,1.6653,0.09660000000000002,56,1.5687,116.0,1,55,1.6653,0.09660000000000002,0.06157965194109774,False
KJ-01,kj_sv_40xx0.75-1,3622,11,10,1.55969,0.10922440152680572,0.07002955813450476,1.33,1.6904,0.36039999999999983,61,1.6904,101.0,2,60;62,1.6001;1.6339,0.09029999999999982,0.05341930903928054,False
KJ-01,kj_sv_40xx0.75-1,3623,3,3,1.3425999999999998,0.04710870407897036,0.03508766876133649,1.2887,1.3759,0.08719999999999994,55,1.3759,70.0,1,56,1.3632,0.012699999999999934,0.009230321971073431,False
KJ-01,kj_sv_40xx0.75-1,3629,11,9,1.2265555555555554,0.12572689759068179,0.1025040382567385,1.0705,1.3601,0.2896000000000001,60,1.3427,72.0,2,59;61,1.0794;1.3601,0.2633000000000001,0.19609741565502353,False
KJ-01,kj_sv_40xx0.75-1,3630,9,9,1.520111111111111,0.11709636463661506,0.07703145104374941,1.305,1.6317,0.3267,59,1.6224,117.0,2,58;60,1.5553;1.6317,0.06710000000000016,0.04135848126232751,False
KJ-01,kj_sv_40xx0.75-1,3631,8,8,1.3793125,0.04194327589563247,0.03040882751054056,1.3488,1.4816,0.13280000000000003,59,1.4816,128.0,2,58;60,1.3683;1.3727,0.11329999999999996,0.07647138228941681,False
KJ-01,kj_sv_40xx0.75-1,3632,6,6,1.5119166666666668,0.014673706643744367,0.009705367344151044,1.4824,1.521,0.03859999999999997,60,1.5172,106.0,1,59,1.5175,0.00029999999999996696,0.0001977326654363083,False
KJ-01,kj_sv_40xx0.75-1,3633,10,6,1.1629833333333333,0.19329100772324267,0.16620273238932287,0.9739,1.5261,0.5522,63,1.5261,54.0,2,62;64,1.1792;1.1606,0.36549999999999994,0.23949937749819797,False
KJ-01,kj_sv_40xx0.75-1,3635,10,10,1.41337,0.08750046412575317,0.06190909961705227,1.3385,1.5997,0.2611999999999999,65,1.4619,133.0,1,64,1.4011,0.060799999999999965,0.0415897120186059,False
KJ-01,kj_sv_40xx0.75-1,3637,8,7,1.1272571428571427,0.17669074543905666,0.15674395727599189,0.8127,1.3504,0.5377000000000001,60,1.3504,61.0,2,59;61,1.2301;1.0269,0.3235000000000001,0.23955864928909962,False
KJ-01,kj_sv_40xx0.75-1,3639,6,6,1.8063166666666668,0.12406358719087027,0.06868318799262048,1.643,1.9517,0.3087,60,1.9517,284.0,2,59;61,1.8922;1.7164,0.23530000000000006,0.1205615617154276,False
KJ-01,kj_sv_40xx0.75-1,3640,3,3,1.505766666666667,0.14623287364109794,0.09711522832738444,1.3379,1.6055,0.26759999999999984,58,1.5739,118.0,1,57,1.6055,0.03159999999999985,0.020077514454539584,False
KJ-01,kj_sv_40xx0.75-1,3641,11,11,1.4607545454545454,0.21229395358152037,0.14533170835724527,1.0425,1.6922,0.6496999999999999,61,1.6463,125.0,2,60;62,1.6158;1.4768,0.1695000000000002,0.10295814857559388,False
KJ-01,kj_sv_40xx0.75-1,3642,11,10,1.20032,0.14706531277708634,0.12252175484627961,1.0073,1.3421,0.3348,60,1.3358,69.0,2,59;61,1.3383;1.3379,0.0024999999999999467,0.0018715376553375854,False
KJ-01,kj_sv_40xx0.75-1,3643,3,3,1.5004333333333333,0.17490163902414785,0.11656741765099939,1.3096,1.6531,0.3434999999999999,57,1.6531,122.0,2,56;58,1.3096;1.5386,0.3434999999999999,0.2077914221765168,False
KJ-01,kj_sv_40xx0.75-1,3648,3,3,1.1245,0.37222074095891006,0.33100999640632284,0.6947,1.3409,0.6462,58,1.3409,86.0,1,57,1.3379,0.0029999999999998916,0.002237303303751131,False
KJ-01,kj_sv_40xx0.75-1,3649,10,10,1.4750099999999997,0.14974652991713103,0.10152238284291704,1.0752,1.5647,0.48950000000000005,61,1.5573,114.0,2,60;62,1.5381;1.5511,0.019199999999999884,0.012329031015218574,False
KJ-01,kj_sv_40xx0.75-1,3652,6,6,1.6711333333333334,0.1589215739497525,0.09509808151140095,1.5204,1.8819,0.36149999999999993,61,1.8819,136.0,1,60,1.6656,0.21629999999999994,0.11493703172325838,False
KJ-01,kj_sv_40xx0.75-1,3653,14,13,1.3972461538461536,0.24051939497465552,0.17213816929292358,0.8001,1.6002,0.8001,63,1.5672,90.0,2,62;64,1.5791;1.5761,0.011900000000000022,0.007593159775395624,False
KJ-01,kj_sv_40xx0.75-1,3655,11,11,1.5442363636363636,0.14819887498039433,0.09596903587441499,1.3503,1.8365,0.48619999999999997,61,1.6753,149.0,2,60;62,1.4361;1.8365,0.23920000000000008,0.142780397540739,False
KJ-01,kj_sv_40xx0.75-1,3656,8,7,1.5891285714285712,0.047604401557199014,0.029956293287461515,1.5491,1.6909,0.14180000000000015,61,1.6909,150.0,2,60;62,1.5901;1.5586,0.13230000000000008,0.07824235614169973,False
KJ-01,kj_sv_40xx0.75-1,3658,9,9,1.5083222222222221,0.2326196131981232,0.15422408406567334,0.9798,1.6899,0.7101,59,1.6511,121.0,2,58;60,1.5375;1.6402,0.11359999999999992,0.06880261643752646,False
KJ-01,kj_sv_40xx0.75-1,3659,6,6,1.5914166666666667,0.08696232325936713,0.05464459753429363,1.4613,1.6597,0.1983999999999999,62,1.6392,147.0,0,,,,,False
KJ-01,kj_sv_40xx0.75-1,3664,8,8,1.4718875,0.13681720273520329,0.0929535733778589,1.1353,1.5565,0.4212,59,1.5565,145.0,2,58;60,1.5138;1.5137,0.04279999999999995,0.027497590748474108,False
KJ-01,kj_sv_40xx0.75-1,3666,7,7,1.4705571428571431,0.18086938065118388,0.12299377928270985,1.1042,1.6757,0.5714999999999999,61,1.6757,149.0,2,60;62,1.5364;1.1042,0.5714999999999999,0.34105150086530994,True
KJ-01,kj_sv_40xx0.75-1,3667,4,4,1.679625,0.6292272264452644,0.3746236370887933,1.1425,2.5861,1.4436,59,2.5861,172.0,1,58,1.5634,1.0227000000000002,0.39546034569428873,True
KJ-01,kj_sv_40xx0.75-1,3670,7,7,1.4601714285714287,0.14321492839186045,0.09808090035837505,1.1354,1.5167,0.3813,59,1.5137,133.0,2,58;60,1.1354;1.5137,0.3783000000000001,0.2499174208892119,False
KJ-01,kj_sv_40xx0.75-1,3673,17,16,1.62810625,0.3101179054676893,0.19047768256383102,0.8002,1.986,1.1858,63,1.8343,110.0,2,62;64,1.7639;1.986,0.15169999999999995,0.08270184811644767,False
KJ-01,kj_sv_40xx0.75-1,3676,3,3,1.8293666666666664,0.10865732066148752,0.059396141102469456,1.7039,1.8921,0.18819999999999992,58,1.7039,245.0,1,57,1.8921,0.18819999999999992,0.11045249134338865,False
KJ-01,kj_sv_40xx0.75-1,3677,3,3,1.5213333333333334,0.1588098968368575,0.10438862631695278,1.338,1.6165,0.27849999999999997,60,1.6095,98.0,0,,,,,False
KJ-01,kj_sv_40xx0.75-1,3678,13,12,1.6725583333333331,0.36743298327309937,0.219683209817156,1.1767,2.6164,1.4397,63,1.7836,344.0,2,62;64,2.0016;2.6164,0.8328,0.46692083426777303,True
KJ-01,kj_sv_40xx0.75-1,3679,5,3,0.9312666666666667,0.25436439085165463,0.27313808166474474,0.7117,1.21,0.49829999999999997,60,1.21,51.0,1,59,0.8721,0.3379,0.2792561983471074,False
KJ-01,kj_sv_40xx0.75-1,3682,16,15,1.3762666666666667,0.2454167990136275,0.1783206735712271,0.8032,1.6586,0.8554,62,1.4576,104.0,2,61;63,1.5528;1.6055,0.14789999999999992,0.10146816684961575,False
KJ-01,kj_sv_40xx0.75-1,3683,11,10,1.4640900000000001,0.1674934124741096,0.11440103577929607,1.2197,1.7726,0.5529,59,1.7726,183.0,2,58;60,1.5172;1.6055,0.25539999999999985,0.14408213923050878,False
KJ-01,kj_sv_40xx0.75-1,3687,7,7,1.3149285714285714,0.0633018618548121,0.04814091292125424,1.1714,1.3413,0.16989999999999994,59,1.338,110.0,2,58;60,1.3394;1.3379,0.0013999999999998458,0.0010463378176381508,False
KJ-01,kj_sv_40xx0.75-1,3689,5,5,1.38168,0.07483753737263138,0.054164160567303124,1.338,1.5137,0.17569999999999997,56,1.5137,89.0,1,57,1.3683,0.14539999999999997,0.09605602166875865,False
KJ-01,kj_sv_40xx0.75-1,3691,8,7,1.4572285714285713,0.09254832457128748,0.0635098202065577,1.2958,1.5692,0.27339999999999987,58,1.5692,102.0,2,57;59,1.457;1.5068,0.11219999999999986,0.07150140198827419,False
KJ-01,kj_sv_40xx0.75-1,3694,11,10,1.27261,0.5146837463703101,0.4044316376347114,0.6332,2.415,1.7818,62,1.5137,94.0,2,61;63,1.53;1.5204,0.01629999999999998,0.010768316046772796,False
KJ-01,kj_sv_40xx0.75-1,3695,5,4,1.1382,0.2127214297306848,0.18689283933463785,0.8305,1.3196,0.4891000000000001,61,1.3196,91.0,1,60,1.2111,0.10850000000000004,0.08222188541982421,False
KJ-01,kj_sv_40xx0.75-1,3696,12,11,1.5589636363636366,0.10885254496544643,0.06982365876047669,1.3382,1.6148,0.27659999999999996,67,1.6075,250.0,1,66,1.6148,0.007300000000000084,0.004541213063763661,False
KJ-01,kj_sv_40xx0.75-1,3698,6,3,1.0826333333333333,0.13804670707167677,0.12751012075957704,0.9247,1.1803,0.25559999999999994,60,1.1429,31.0,1,59,1.1803,0.03739999999999988,0.0327237728585177,False
KJ-01,kj_sv_40xx0.75-1,3699,9,9,1.4949444444444446,0.13502718347717169,0.09032254273994166,1.2041,1.6591,0.45500000000000007,60,1.5294,120.0,2,59;61,1.5573;1.5295,0.027899999999999814,0.018242448018830792,False
KJ-01,kj_sv_40xx0.75-1,3701,9,9,1.4364777777777777,0.0940796707288267,0.0654933004772043,1.3188,1.6165,0.2977000000000001,57,1.6165,204.0,1,58,1.5595,0.05699999999999994,0.035261367151252665,False
KJ-01,kj_sv_40xx0.75-1,3702,8,8,1.463125,0.12244826021047184,0.08368954136555103,1.3379,1.6098,0.2718999999999998,61,1.6055,127.0,2,60;62,1.4606;1.6098,0.14490000000000003,0.09025225786359392,False
KJ-01,kj_sv_40xx0.75-1,3703,8,8,1.5902625000000001,0.09268994301279014,0.058285938964661575,1.4316,1.7203,0.28869999999999996,59,1.6596,136.0,2,58;60,1.5905;1.6311,0.06909999999999994,0.04163653892504214,False
KJ-01,kj_sv_40xx0.75-1,3704,7,7,1.647957142857143,0.06041006696301694,0.03665754733055806,1.579,1.7242,0.1452,58,1.6871,121.0,2,57;59,1.5976;1.579,0.10810000000000008,0.06407444727639149,False
KJ-01,kj_sv_40xx0.75-1,3706,9,9,1.5315111111111113,0.09510243746146103,0.06209712536297841,1.3968,1.7605,0.3636999999999999,62,1.5382,137.0,2,61;63,1.5196;1.5137,0.024499999999999966,0.01592770771031073,False
KJ-01,kj_sv_40xx0.75-1,3708,12,11,1.5251090909090907,0.10815407948427516,0.07091563490701272,1.314,1.6192,0.3051999999999999,61,1.6192,120.0,2,60;62,1.526;1.6059,0.09319999999999995,0.05755928853754938,False
KJ-01,kj_sv_40xx0.75-1,3710,5,5,1.6136199999999998,0.004841177542705951,0.0030001967890246474,1.6087,1.6203,0.011600000000000055,60,1.6097,245.0,2,59;61,1.6166;1.6203,0.010600000000000165,0.006585077964838272,False
KJ-01,kj_sv_40xx0.75-1,3714,5,4,1.759325,0.07009785422298369,0.03984360719195355,1.7057,1.8586,0.15290000000000004,59,1.7057,137.0,2,58;60,1.7585;1.7145,0.05279999999999996,0.030955033124230497,False
KJ-01,kj_sv_40xx0.75-1,3715,15,15,1.4455333333333336,0.11927959750498979,0.08251597853502037,1.3379,1.6079,0.27,64,1.6055,177.0,2,63;65,1.6079;1.3626,0.2428999999999999,0.1512924322640921,False
KJ-01,kj_sv_40xx0.75-1,3720,3,3,1.3659333333333334,0.34541071687678326,0.2528752380863755,0.9684,1.5927,0.6243,59,1.5367,90.0,1,58,1.5927,0.05600000000000005,0.03644172577601357,False
KJ-01,kj_sv_40xx0.75-1,3724,10,9,1.3679999999999999,0.17484472396958395,0.12781047073799998,0.9702,1.5371,0.5669,65,1.4643,94.0,2,64;66,1.4241;1.5371,0.07279999999999998,0.04971658813084749,False
KJ-01,kj_sv_40xx0.75-1,3726,7,7,1.5771285714285714,0.11326745213999342,0.07181878141830578,1.3646,1.6761,0.3114999999999999,61,1.6721,156.0,0,,,,,False
KJ-01,kj_sv_40xx0.75-1,3727,3,3,2.2390000000000003,0.2017749241110005,0.09011832251496225,2.0122,2.3986,0.3864000000000001,59,2.3986,242.0,1,58,2.3062,0.09240000000000004,0.038522471441674325,False
KJ-01,kj_sv_40xx0.75-1,3729,9,8,1.5832,0.10646963349773901,0.06724964217896602,1.3658,1.6648,0.29900000000000015,62,1.6475,128.0,2,61;63,1.6049;1.6648,0.04259999999999997,0.02585735963581182,False
KJ-01,kj_sv_40xx0.75-1,3730,12,12,1.58965,0.1374875630739013,0.08648920395930004,1.3379,1.8979,0.5599999999999998,62,1.6919,149.0,2,61;63,1.6746;1.8979,0.20599999999999996,0.1217566050002955,False
KJ-01,kj_sv_40xx0.75-1,3733,5,3,1.1638,0.1450306174571424,0.12461816244813749,1.076,1.3312,0.25519999999999987,59,1.3312,47.0,1,60,1.076,0.25519999999999987,0.19170673076923067,False
KJ-01,kj_sv_40xx0.75-1,3735,6,6,1.4221166666666667,0.107615396977694,0.07567269233257515,1.3379,1.6122,0.2743,60,1.6122,74.0,2,59;61,1.3542;1.485,0.258,0.16002977298101972,False
KJ-01,kj_sv_40xx0.75-1,3736,13,9,1.2671555555555556,0.12344500912462107,0.09741898584069215,1.0703,1.3525,0.2822,65,1.3509,68.0,2,64;66,1.3516;1.3525,0.0016000000000000458,0.001184395588126468,False
KJ-01,kj_sv_40xx0.75-1,3738,8,8,1.5668125,0.041966804483680044,0.026784828742226683,1.4735,1.6153,0.14179999999999993,63,1.5864,160.0,2,62;64,1.5617;1.5902,0.024699999999999944,0.01556984367120521,False
KJ-01,kj_sv_40xx0.75-1,3739,6,6,1.27945,0.1747280486928187,0.13656496830108147,1.0703,1.5116,0.4413,63,1.3466,90.0,1,62,1.3381,0.008499999999999952,0.006312193672954071,False
KJ-01,kj_sv_40xx0.75-1,3740,11,9,1.1228888888888888,0.15084894302285023,0.1343400442514993,0.8465,1.296,0.4495,63,1.2198,44.0,2,62;64,1.296;1.2027,0.07620000000000005,0.06246925725528779,False
KJ-01,kj_sv_40xx0.75-1,3742,9,9,1.555811111111111,0.0854173934928426,0.05490216189023113,1.379,1.67,0.2909999999999999,62,1.67,130.0,2,61;63,1.5921;1.6513,0.07789999999999986,0.046646706586826264,False
KJ-01,kj_sv_40xx0.75-1,3743,5,5,1.8313400000000002,0.1491377986963734,0.08143643381151144,1.6645,1.991,0.3265,60,1.9301,116.0,1,59,1.991,0.060900000000000176,0.03155276928656556,False
KJ-01,kj_sv_40xx0.75-1,3744,12,12,1.3301,0.11495452855961627,0.08642547820435777,1.0166,1.4949,0.47829999999999995,58,1.4949,109.0,2,57;59,1.3281;1.401,0.16679999999999984,0.11157936985751545,False
KJ-01,kj_sv_40xx0.75-1,3747,6,6,1.6061333333333332,0.031589344194944385,0.019667946327584503,1.545,1.636,0.09099999999999997,57,1.6055,249.0,0,,,,,False
KJ-01,kj_sv_40xx0.75-1,3750,8,8,2.0525124999999997,0.2728559035592649,0.13293751124987788,1.5892,2.2789,0.6897000000000002,62,2.2708,184.0,2,61;63,2.2789;1.966,0.30479999999999996,0.13422582349832657,False
KJ-01,kj_sv_40xx0.75-1,3755,13,9,1.1223666666666667,0.17833569468841623,0.15889254375137318,0.8058,1.3385,0.5327000000000001,61,1.3385,47.0,2,60;62,1.3049;1.3385,0.033600000000000074,0.02510272693313416,False
KJ-01,kj_sv_40xx0.75-1,3756,11,11,1.4512909090909092,0.16202382821391093,0.11164117903515491,1.0868,1.5746,0.4878,60,1.5387,129.0,2,59;61,1.5719;1.4707,0.06800000000000006,0.04419315006174047,False
KJ-01,kj_sv_40xx0.75-1,3759,7,7,1.4299,0.18206506163090896,0.12732712891174836,1.0808,1.5734,0.4925999999999999,62,1.5734,127.0,0,,,,,False
KJ-01,kj_sv_40xx0.75-1,3762,16,14,1.3674142857142857,0.15158436014892251,0.11085474368123963,1.033,1.5672,0.5342,66,1.5672,71.0,2,65;67,1.5605;1.4944,0.07279999999999998,0.04645227156712607,False
KJ-01,kj_sv_40xx0.75-1,3763,11,9,1.1995222222222222,0.055118367577826906,0.045950267995631795,1.1418,1.2886,0.14680000000000004,61,1.189,68.0,2,60;62,1.2389;1.1548,0.04989999999999983,0.04196804037005873,False
KJ-01,kj_sv_40xx0.75-1,3766,7,6,1.4460666666666666,0.1512853022162651,0.1046184838524723,1.3017,1.6523,0.3506,62,1.6076,120.0,1,63,1.6523,0.044700000000000184,0.027805424234884416,False
KJ-01,kj_sv_40xx0.75-1,3767,13,11,1.5261818181818183,0.11546940562921264,0.07565901012159512,1.3052,1.6414,0.33620000000000005,63,1.5657,92.0,2,62;64,1.5828;1.578,0.017099999999999893,0.010921632496646799,False
KJ-01,kj_sv_40xx0.75-1,3769,16,11,1.3707545454545456,0.1618898536884654,0.11810272978871088,1.1353,1.5437,0.4084000000000001,65,1.5164,57.0,2,64;66,1.5437;1.1353,0.3811,0.2513189132155104,False
KJ-01,kj_sv_40xx0.75-1,3772,9,8,1.4351,0.13066606292377528,0.09105014488452043,1.3379,1.6067,0.26879999999999993,63,1.6067,131.0,2,62;64,1.3379;1.6067,0.26879999999999993,0.16729943362170904,False
KJ-01,kj_sv_40xx0.75-1,3774,17,17,1.3823117647058822,0.17215059135228428,0.12453817998786487,0.9445,1.621,0.6765,68,1.6094,129.0,2,67;69,1.621;1.479,0.13039999999999985,0.08102398409345088,False
KJ-01,kj_sv_40xx0.75-1,3776,5,5,1.2739999999999998,0.10842038553703823,0.0851023434356658,1.105,1.3645,0.25950000000000006,58,1.3645,72.0,1,59,1.3501,0.014399999999999968,0.010553316233052376,False
KJ-01,kj_sv_40xx0.75-1,3777,7,6,1.6531833333333334,0.20322452033813898,0.12292920950780149,1.3569,1.9139,0.5569999999999999,59,1.6833,183.0,2,58;60,1.486;1.9139,0.23059999999999992,0.13699281173884625,False
KJ-01,kj_sv_40xx0.75-1,3778,8,8,1.4139125,0.22370078509026292,0.1582140232088357,1.0449,1.6185,0.5736000000000001,61,1.6058,115.0,2,60;62,1.4676;1.6079,0.13819999999999988,0.08606302154689245,False
KJ-01,kj_sv_40xx0.75-1,3779,8,8,1.48335,0.21107559918528848,0.14229655791639767,1.1207,1.722,0.6013,59,1.6535,220.0,2,58;60,1.722;1.6542,0.0685,0.04142727547626248,False
KJ-01,kj_sv_40xx0.75-1,3780,4,4,1.5372999999999999,0.11253879331146213,0.07320548579422503,1.3721,1.6186,0.24649999999999994,61,1.6186,85.0,1,60,1.5962,0.022399999999999975,0.01383912022735696,False
KJ-01,kj_sv_40xx0.75-1,3781,8,8,1.5885375000000002,0.13516844451593407,0.08508986694738654,1.3491,1.7819,0.4328000000000001,60,1.6378,129.0,2,59;61,1.7414;1.56,0.10360000000000014,0.06325558676273058,False
KJ-01,kj_sv_40xx0.75-1,3783,9,9,1.4676444444444445,0.2097699222428654,0.14292966054340958,0.947,1.5864,0.6394000000000001,63,1.5603,133.0,2,62;64,1.5562;1.5864,0.026100000000000012,0.016727552393770436,False
KJ-01,kj_sv_40xx0.75-1,3785,4,4,1.566325,0.006197512942032982,0.003956722226889683,1.5602,1.5748,0.014599999999999946,58,1.5602,136.0,1,59,1.5639,0.0037000000000000366,0.00237149083450842,False
KJ-01,kj_sv_40xx0.75-1,3786,9,9,1.4922222222222221,0.15696405462539642,0.10518812298053372,1.1939,1.6055,0.41159999999999997,63,1.6055,125.0,2,62;64,1.6055;1.6055,0.0,0.0,False
KJ-01,kj_sv_40xx0.75-1,3788,7,5,1.42192,0.17665704627894127,0.124238386321974,1.2083,1.6055,0.3972,58,1.6055,78.0,1,59,1.347,0.25849999999999995,0.16100903145437556,False
KJ-01,kj_sv_40xx0.75-1,3789,9,9,1.9896444444444445,0.24898818802862477,0.12514205174892348,1.5603,2.3246,0.7643000000000002,64,1.7968,228.0,2,63;65,2.3246;2.2434,0.5278000000000003,0.2937444345503118,True
KJ-01,kj_sv_40xx0.75-1,3790,4,4,1.8928999999999998,0.0016000000000000458,0.0008452638808178171,1.8921,1.8953,0.0032000000000000917,59,1.8921,147.0,2,58;60,1.8921;1.8921,0.0,0.0,False
KJ-01,kj_sv_40xx0.75-1,3792,7,7,1.597114285714286,0.3918527292600773,0.24535046287237167,1.3649,2.4787,1.1138,58,2.4787,126.0,1,59,1.4689,1.0097999999999998,0.40739097107354655,True
KJ-01,kj_sv_40xx0.75-1,3794,6,5,1.589,0.14056338427912157,0.08846027959667814,1.349,1.7197,0.37070000000000003,61,1.6407,112.0,2,60;62,1.6208;1.6148,0.025900000000000034,0.015785945023465614,False
KJ-01,kj_sv_40xx0.75-1,3796,7,6,1.5748833333333334,0.048148495995894484,0.030572738295468117,1.4879,1.6144,0.12650000000000006,58,1.6144,175.0,1,59,1.5738,0.04059999999999997,0.02514866204162535,False
KJ-01,kj_sv_40xx0.75-1,3797,6,6,1.2879666666666667,0.447385487769403,0.34735797078294184,0.3784,1.5137,1.1353,58,1.4511,211.0,1,59,1.4622,0.011099999999999888,0.00764936944387009,False
KJ-01,kj_sv_40xx0.75-1,3798,11,10,1.4462800000000002,0.1644209489221019,0.11368541978185544,1.0896,1.6195,0.5299,61,1.587,213.0,2,60;62,1.5584;1.5553,0.03170000000000006,0.019974795211090145,False
KJ-01,kj_sv_40xx0.75-1,3799,12,11,1.4891818181818182,0.16465117563006842,0.11056485757467509,1.0952,1.5924,0.4972000000000001,62,1.5919,101.0,2,61;63,1.5924;1.5918,0.0004999999999999449,0.0003140900810352063,False
KJ-01,kj_sv_40xx0.75-1,3801,8,8,1.5624375000000001,0.14169647578539138,0.09068937207753358,1.3407,1.7517,0.41100000000000003,62,1.6211,147.0,2,61;63,1.7517;1.6055,0.13060000000000005,0.08056258096354331,False
KJ-01,kj_sv_40xx0.75-1,3802,7,7,1.5718714285714286,0.22738419553907518,0.1446582661953019,1.0623,1.7032,0.6409,63,1.7032,148.0,2,62;64,1.6664;1.6005,0.10270000000000001,0.060298262094880234,False
KJ-01,kj_sv_40xx0.75-1,3804,5,5,1.70338,0.07109604067738226,0.041738215006271215,1.5858,1.7602,0.1743999999999999,61,1.7602,124.0,2,60;62,1.7331;1.7489,0.027099999999999902,0.015395977729803376,False
KJ-01,kj_sv_40xx0.75-1,3806,11,11,1.5457454545454545,0.1413118138276936,0.09141984756426022,1.3655,1.6983,0.3328,58,1.6299,220.0,1,59,1.6408,0.010900000000000132,0.006687526842137636,False
KJ-01,kj_sv_40xx0.75-1,3809,3,3,1.8052333333333335,0.08113731159789152,0.04494560902444274,1.7326,1.8928,0.16020000000000012,59,1.8928,94.0,2,58;60,1.7903;1.7326,0.16020000000000012,0.08463651732882509,False
KJ-01,kj_sv_40xx0.75-1,3815,4,4,1.676525,0.14993830675759054,0.08943398205072428,1.561,1.8921,0.33109999999999995,61,1.6627,166.0,1,60,1.561,0.10170000000000012,0.06116557406627781,False
KJ-01,kj_sv_40xx0.75-1,3817,10,10,2.1606599999999996,0.9143469438773105,0.4231794654768963,1.0839,3.4787,2.3948,63,3.4787,255.0,2,62;64,3.3615;2.6092,0.8694999999999999,0.2499496938511513,True
KJ-01,kj_sv_40xx0.75-1,3820,6,6,1.5151666666666668,0.14119638333422943,0.09318868111378029,1.2317,1.6212,0.38949999999999996,59,1.5505,129.0,2,58;60,1.557;1.5708,0.020299999999999985,0.01309255079006771,False
KJ-01,kj_sv_40xx0.75-1,3821,10,9,1.4905,0.2487816713506041,0.1669115540762188,0.8325,1.6219,0.7893999999999999,64,1.6219,121.0,2,63;65,1.5643;1.5884,0.057599999999999874,0.03551390344657493,False
KJ-01,kj_sv_40xx0.75-1,3822,9,9,1.4581666666666666,0.16715301373292676,0.11463231025232148,1.0407,1.5613,0.5206,63,1.5201,136.0,1,64,1.5437,0.023600000000000065,0.015525294388527114,False
KJ-01,kj_sv_40xx0.75-1,3823,3,3,1.1241333333333334,0.3778141915457033,0.3360937535989532,0.6879,1.3466,0.6587000000000001,60,1.3466,69.0,1,59,1.3379,0.00869999999999993,0.006460715877023563,False
KJ-01,kj_sv_40xx0.75-1,3824,9,8,1.66345,0.11932916060807837,0.07173594674205919,1.5602,1.8618,0.30159999999999987,61,1.7948,140.0,2,60;62,1.6941;1.5698,0.22499999999999987,0.12536215734343653,False
KJ-01,kj_sv_40xx0.75-1,3825,11,11,1.4914636363636362,0.2325953407647164,0.15595106383673638,0.8027,1.6332,0.8305,64,1.5822,206.0,2,63;65,1.6332;1.5204,0.06180000000000008,0.03905953735305276,False
KJ-01,kj_sv_40xx0.75-1,3826,11,11,1.3806545454545456,0.23579158748198104,0.1707824656488221,0.9169,1.6792,0.7623,65,1.6324,88.0,2,64;66,1.4848;1.6792,0.14760000000000018,0.09041901494731694,False
KJ-01,kj_sv_40xx0.75-1,3827,11,10,1.68615,0.10598721358939694,0.06285752370156684,1.5149,1.8515,0.3366,69,1.5977,200.0,1,68,1.726,0.12830000000000008,0.08030293546973781,False
KJ-01,kj_sv_40xx0.75-1,3828,10,9,1.5812666666666666,0.12216012033392894,0.07725459779117728,1.3547,1.6719,0.3171999999999999,62,1.6294,122.0,2,61;63,1.6719;1.6365,0.04249999999999998,0.026083220817478818,False
KJ-01,kj_sv_40xx0.75-1,3829,4,4,1.59365,0.10340517395179019,0.06488574903635691,1.4408,1.6694,0.22859999999999991,58,1.6337,83.0,1,59,1.6694,0.035700000000000065,0.021852237252861645,False
KJ-01,kj_sv_40xx0.75-1,3830,7,7,1.5473285714285712,0.027040754075143347,0.017475767315650332,1.4919,1.5741,0.08220000000000005,63,1.5641,124.0,2,62;64,1.5741;1.4919,0.07220000000000004,0.046160731411035126,False
KJ-01,kj_sv_40xx0.75-1,3832,3,3,1.6931,0.03902460762134584,0.023049204194286126,1.6497,1.7253,0.07560000000000011,58,1.7043,119.0,1,59,1.7253,0.02100000000000013,0.012321774335504389,False
KJ-01,kj_sv_40xx0.75-1,3836,3,3,1.1632666666666667,0.16059017196993514,0.13805103900217933,1.0703,1.3487,0.2784,60,1.3487,41.0,1,59,1.0708,0.27790000000000004,0.206050270630978,False
KJ-01,kj_sv_40xx0.75-1,3839,14,7,1.219542857142857,0.10149201704473872,0.08322136155388098,1.0917,1.338,0.24630000000000019,68,1.338,56.0,2,67;69,1.2145;1.3379,0.12350000000000017,0.0923019431988043,False
KJ-01,kj_sv_40xx0.75-1,3841,21,19,1.5991315789473683,0.40590228579552873,0.25382669640150235,1.1225,3.1237,2.0012,69,3.1237,159.0,2,68;70,1.7927;1.5263,1.5974,0.5113807343855044,True
KJ-01,kj_sv_40xx0.75-1,3842,10,8,1.3427125,0.14010086608787053,0.10434167112309638,1.0816,1.6055,0.5239,65,1.3392,96.0,2,64;66,1.3396;1.3451,0.005900000000000016,0.004405615292712079,False
KJ-01,kj_sv_40xx0.75-1,3848,9,8,1.59135,0.15898589335445548,0.09990630179059005,1.2448,1.7856,0.5408000000000002,62,1.5918,110.0,2,61;63,1.6778;1.6444,0.08599999999999985,0.054026887799974777,False
KJ-01,kj_sv_40xx0.75-1,3852,12,9,1.4674333333333334,0.16221023395581424,0.11054010446072342,1.0981,1.6144,0.5163,62,1.5472,91.0,1,61,1.5424,0.0047999999999999154,0.003102378490175747,False
KJ-01,kj_sv_40xx0.75-1,3853,16,14,1.5274642857142857,0.11256260895193364,0.07369246535233795,1.3379,1.6213,0.2833999999999999,61,1.6213,248.0,2,60;62,1.6083;1.6147,0.0129999999999999,0.008018256954295875,False
KJ-01,kj_sv_40xx0.75-1,3856,5,5,1.9059600000000003,0.3285790057200856,0.1723955412076253,1.5811,2.3647,0.7836000000000001,60,1.9676,229.0,2,59;61,1.5811;2.3647,0.3971,0.20181947550315105,False
KJ-01,kj_sv_40xx0.75-1,3857,15,14,1.6244999999999998,0.1353005258958453,0.08328748900944617,1.3137,1.883,0.5692999999999999,69,1.5852,201.0,1,70,1.6365,0.05130000000000012,0.03236184708554134,False
KJ-01,kj_sv_40xx0.75-1,3858,3,3,1.5118,0.10381392006855346,0.06866908325741067,1.4002,1.6055,0.20530000000000004,61,1.5297,179.0,1,60,1.6055,0.07579999999999987,0.049552199777734104,False
KJ-01,kj_sv_40xx0.75-1,3859,12,12,1.4126416666666668,0.2878394832299082,0.20375972903950035,0.6889,1.6011,0.9122,65,1.5588,134.0,2,64;66,1.5362;1.4891,0.06969999999999987,0.04471388247369763,False
KJ-01,kj_sv_40xx0.75-1,3860,5,5,1.6590600000000002,0.07612918625599514,0.04588693974660057,1.6162,1.7941,0.17789999999999995,63,1.7941,223.0,1,64,1.6247,0.1694,0.09442060085836909,False
KJ-01,kj_sv_40xx0.75-1,3867,3,3,1.6710666666666665,0.15483366343703597,0.09265558731171866,1.5393,1.8416,0.3023,61,1.8416,272.0,1,60,1.6323,0.20929999999999982,0.11365117289313631,False
KJ-01,kj_sv_40xx0.75-1,3872,9,9,1.543966666666667,0.10305428181303289,0.06674644215961023,1.3496,1.626,0.2764,65,1.626,201.0,2,64;66,1.6056;1.6251,0.020399999999999974,0.012546125461254597,False
KJ-01,kj_sv_40xx0.75-1,3878,5,5,1.6297599999999999,0.3003154974356135,0.18426976820857888,1.108,1.8103,0.7022999999999999,62,1.7823,113.0,1,61,1.8103,0.028000000000000025,0.01571003759187568,False
KJ-01,kj_sv_40xx0.75-1,3879,7,7,1.5803714285714285,0.14106833703664937,0.08926277360263822,1.5137,1.8921,0.37839999999999985,59,1.514,149.0,1,60,1.5153,0.0013000000000000789,0.00085865257595778,False
KJ-01,kj_sv_40xx0.75-1,3880,8,8,1.3801,0.16300917590298847,0.11811403224620567,1.0703,1.6059,0.5356000000000001,60,1.5679,127.0,2,59;61,1.3382;1.6059,0.22970000000000002,0.14650169015881115,False
KJ-01,kj_sv_40xx0.75-1,3881,11,10,1.4964000000000002,0.1648216005261446,0.11014541601586782,1.1223,1.7064,0.5840999999999998,65,1.5861,110.0,2,64;66,1.5251;1.4962,0.08990000000000009,0.0566799066893639,False
KJ-01,kj_sv_40xx0.75-1,3884,8,8,1.412,0.1668783731601295,0.11818581668564412,1.096,1.6245,0.5285,62,1.3998,124.0,2,61;63,1.6088;1.3912,0.20900000000000007,0.14930704386340912,False
KJ-01,kj_sv_40xx0.75-1,3886,5,5,1.3456800000000002,0.17420627715441256,0.12945594580763073,1.1454,1.5338,0.3884000000000001,60,1.5338,79.0,2,59;61,1.4765;1.3906,0.1432,0.09336288955535271,False
KJ-01,kj_sv_40xx0.75-1,3887,12,11,1.5047363636363633,0.16526888559391495,0.10983245277234097,1.0825,1.6412,0.5587,59,1.6258,155.0,0,,,,,False
KJ-01,kj_sv_40xx0.75-1,3890,5,5,1.48048,0.11136088631112814,0.07521944660591709,1.3492,1.6363,0.28710000000000013,63,1.6363,161.0,1,62,1.4987,0.13760000000000017,0.08409215913952219,False
KJ-01,kj_sv_40xx0.75-1,3891,8,8,1.466075,0.09479735906508306,0.0646606476920233,1.3446,1.6106,0.266,64,1.5529,130.0,2,63;65,1.5438;1.6106,0.057700000000000085,0.037156288234915374,False
KJ-01,kj_sv_40xx0.75-1,3895,7,7,1.2588142857142857,0.13150525247522032,0.10446755646771251,1.1353,1.4286,0.2933000000000001,65,1.4286,157.0,1,64,1.4167,0.011900000000000022,0.008329833403331948,False
KJ-01,kj_sv_40xx0.75-1,3896,9,9,1.4748999999999999,0.11753041095818566,0.07968703705890953,1.2005,1.5697,0.3692000000000002,64,1.5605,143.0,2,63;65,1.4992;1.5632,0.06129999999999991,0.03928228132008966,False
KJ-01,kj_sv_40xx0.75-1,3898,8,8,1.46985,0.17649651554634163,0.12007790968217275,1.1421,1.6699,0.5278,64,1.5603,164.0,1,63,1.5584,0.0019000000000000128,0.00121771454207525,False
KJ-01,kj_sv_40xx0.75-1,3899,9,9,1.5406444444444445,0.015942483425670482,0.01034793166142843,1.505,1.5571,0.052100000000000035,63,1.5564,127.0,2,62;64,1.5422;1.5571,0.01419999999999999,0.009123618607041886,False
KJ-01,kj_sv_40xx0.75-1,3900,11,11,1.5110545454545454,0.16788226448101276,0.11110271630234998,1.1572,1.6871,0.5299,65,1.6365,142.0,2,64;66,1.5291;1.6607,0.10740000000000016,0.06562786434463805,False
KJ-01,kj_sv_40xx0.75-1,3905,10,8,1.6024125,0.1701837111350974,0.10620468271128526,1.3752,1.9303,0.5550999999999999,65,1.9303,196.0,2,64;66,1.6123;1.7156,0.31799999999999984,0.1647412319328601,False
KJ-01,kj_sv_40xx0.75-1,3907,9,8,1.1502750000000002,0.16934544365206372,0.14722170233384513,0.8033,1.3364,0.5331,67,1.3364,52.0,2,66;68,1.3364;1.1369,0.1995,0.14928165219994013,False
KJ-01,kj_sv_40xx0.75-1,3908,3,3,1.4809333333333334,0.16471600812711956,0.11122445853546382,1.2922,1.5957,0.3034999999999999,62,1.5549,178.0,1,61,1.5957,0.04079999999999995,0.02623962955817091,False
KJ-01,kj_sv_40xx0.75-1,3909,11,9,1.3670555555555557,0.24729332335867418,0.180894860017724,0.8649,1.606,0.7411000000000001,62,1.606,91.0,2,61;63,1.514;1.4867,0.11930000000000018,0.07428393524283947,False
KJ-01,kj_sv_40xx0.75-1,3910,11,10,1.52677,0.12973482398938052,0.08497339087706762,1.3379,1.6195,0.28159999999999985,65,1.6055,111.0,1,66,1.6006,0.004899999999999904,0.003052008720024855,False
KJ-01,kj_sv_40xx0.75-1,3912,3,3,1.5414,0.003593048844644401,0.00233102948270689,1.5388,1.5455,0.00670000000000015,60,1.5455,143.0,1,61,1.5399,0.005600000000000049,0.003623422840504723,False
KJ-01,kj_sv_40xx0.75-1,3915,6,6,1.5182833333333334,0.2128454407937052,0.1401882218692417,1.1531,1.8201,0.667,60,1.561,136.0,1,61,1.518,0.04299999999999993,0.027546444586803286,False
KJ-01,kj_sv_40xx0.75-1,3916,5,5,1.65096,0.48852296056582645,0.2959023601818496,0.7801,1.8922,1.1121,62,1.8922,157.0,2,61;63,1.8921;1.8922,0.00010000000000021103,5.284853609566168e-05,False
KJ-01,kj_sv_40xx0.75-1,3917,9,3,1.1478666666666666,0.10969969614056979,0.0955683262927487,1.0795,1.2744,0.19490000000000007,67,1.2744,44.0,1,68,1.0897,0.1847000000000001,0.14493094789704966,False
KJ-01,kj_sv_40xx0.75-1,3918,8,8,1.4741499999999998,0.2969838331338208,0.2014610678247267,0.7753,1.6974,0.9221,65,1.6078,167.0,1,64,1.5237,0.08409999999999984,0.052307500932951764,False
KJ-01,kj_sv_40xx0.75-1,3921,7,7,1.583257142857143,0.125872433534152,0.079502204744204,1.4044,1.7279,0.3234999999999999,61,1.69,124.0,2,60;62,1.4705;1.6409,0.21950000000000003,0.12988165680473374,False
KJ-01,kj_sv_40xx0.75-1,3922,7,7,1.5130857142857146,0.10987959210838362,0.0726195423504178,1.3382,1.6369,0.29869999999999997,66,1.6369,142.0,1,65,1.5943,0.04259999999999997,0.02602480298124502,False
KJ-01,kj_sv_40xx0.75-1,3926,3,3,1.5252999999999999,0.15063080694200648,0.09875487244608044,1.3515,1.6181,0.26660000000000017,62,1.6181,85.0,1,61,1.6063,0.011800000000000033,0.00729250355355048,False
KJ-01,kj_sv_40xx0.75-1,3927,5,5,1.63532,0.017523327309617902,0.010715534152103504,1.6055,1.6516,0.04610000000000003,62,1.6055,223.0,2,61;63,1.6419;1.637,0.03639999999999999,0.02267206477732793,False
KJ-01,kj_sv_40xx0.75-1,3928,4,4,1.494525,0.15589460916486708,0.10431047266848469,1.2618,1.5936,0.3317999999999999,63,1.5605,120.0,1,62,1.5622,0.0017000000000000348,0.001089394424863848,False
KJ-01,kj_sv_40xx0.75-1,3929,4,4,1.473625,0.2443311874621549,0.16580282464138088,1.1089,1.6171,0.5082,60,1.6067,234.0,1,61,1.6171,0.010399999999999965,0.006472894753220866,False
KJ-01,kj_sv_40xx0.75-1,3931,8,8,1.552575,0.31542966954389595,0.20316549573701492,0.806,1.817,1.011,66,1.7737,202.0,2,65;67,1.817;1.6673,0.10640000000000005,0.05998759654958564,False
KJ-01,kj_sv_40xx0.75-1,3932,5,5,1.7587800000000002,0.35279681404457147,0.2005917818286377,1.5137,2.2994,0.7856999999999998,65,2.2994,178.0,1,64,1.9388,0.3605999999999998,0.15682351917891615,False
KJ-01,kj_sv_40xx0.75-1,3934,14,13,1.399346153846154,0.2403877618050491,0.17178577376607965,0.7824,1.7879,1.0055,64,1.7879,82.0,2,63;65,1.5142;1.5263,0.27370000000000005,0.1530846244197103,False
KJ-01,kj_sv_40xx0.75-1,3936,3,3,3.0040666666666667,0.46786925880349667,0.15574529819694302,2.5009,3.426,0.9251,61,3.426,356.0,2,60;62,2.5009;3.0853,0.9251,0.27002335084646817,True
KJ-01,kj_sv_40xx0.75-1,3937,5,5,1.6207799999999999,0.023245580225066412,0.014342218083309526,1.5921,1.6496,0.057499999999999885,60,1.6055,171.0,1,61,1.6373,0.03180000000000005,0.019806913734039273,False
KJ-01,kj_sv_40xx0.75-1,3938,4,4,1.6187999999999998,0.021348223969845054,0.013187684686091584,1.5943,1.6449,0.05059999999999998,63,1.6115,239.0,1,62,1.5943,0.017199999999999882,0.010673285758609917,False
KJ-01,kj_sv_40xx0.75-1,3939,5,3,1.4667333333333332,0.15311937608719978,0.10439482938539144,1.3458,1.6389,0.2930999999999999,63,1.6389,109.0,1,62,1.4155,0.22340000000000004,0.13631094026481178,False
KJ-01,kj_sv_40xx0.75-1,3941,8,8,1.504875,0.14231465891768544,0.09456908973681231,1.1552,1.5719,0.41670000000000007,63,1.558,136.0,2,62;64,1.5587;1.5612,0.0031999999999998696,0.0020539152759947816,False
KJ-01,kj_sv_40xx0.75-1,3944,9,8,1.8046874999999998,0.26693205897220906,0.1479104049716137,1.5225,2.2111,0.6886000000000001,67,2.2111,216.0,2,66;68,1.9531;1.7313,0.4798,0.21699606530686083,False
KJ-01,kj_sv_40xx0.75-1,3946,11,11,1.582481818181818,0.20997635494589298,0.1326880047109444,1.1084,1.8933,0.7848999999999999,63,1.7978,118.0,1,64,1.5938,0.20399999999999996,0.11347202135943929,False
KJ-01,kj_sv_40xx0.75-1,3948,8,8,1.5040999999999998,0.05351819450296453,0.035581540125632964,1.3752,1.5458,0.17060000000000008,61,1.5149,139.0,2,60;62,1.5371;1.5137,0.022199999999999998,0.014654432635817545,False
KJ-01,kj_sv_40xx0.75-1,3949,3,3,1.2601333333333333,0.1482079732448067,0.11761292977844146,1.089,1.3465,0.25750000000000006,60,1.3449,82.0,1,61,1.3465,0.0016000000000000458,0.0011896795300766197,False
KJ-01,kj_sv_40xx0.75-1,3950,12,11,1.5265636363636366,0.2661033869484839,0.17431529260212017,0.8125,1.762,0.9495,65,1.6769,101.0,2,64;66,1.5921;1.7585,0.08479999999999999,0.050569503250044716,False
KJ-01,kj_sv_40xx0.75-1,3951,18,18,1.5850166666666665,0.08398175046856735,0.05298477437791444,1.3492,1.6894,0.34020000000000006,72,1.6894,247.0,1,73,1.5762,0.11319999999999997,0.06700603764650169,False
KJ-01,kj_sv_40xx0.75-1,3952,10,9,1.6154555555555554,0.17515750134601085,0.10842607259831061,1.404,1.8942,0.4902000000000002,65,1.8612,124.0,2,64;66,1.7082;1.5989,0.2623,0.1409305824199441,False
KJ-01,kj_sv_40xx0.75-1,3954,9,9,1.4334777777777776,0.17289891394813459,0.12061499426671819,1.091,1.6198,0.5287999999999999,64,1.6198,129.0,2,63;65,1.6119;1.6109,0.008899999999999908,0.005494505494505438,False
KJ-01,kj_sv_40xx0.75-1,3956,8,7,1.3511285714285715,0.15273586911490605,0.11304317912055978,1.0808,1.6067,0.5259,60,1.3401,137.0,1,61,1.3836,0.04349999999999987,0.032460264159390996,False
KJ-01,kj_sv_40xx0.75-1,3957,4,4,1.43125,0.08491413309926685,0.05932865194708601,1.3528,1.51,0.1572,64,1.4992,119.0,1,63,1.51,0.01079999999999992,0.007203842049092796,False
KJ-01,kj_sv_40xx0.75-1,3964,6,5,1.4819,0.19062084093823528,0.12863272888739813,1.2521,1.6367,0.38460000000000005,64,1.6076,177.0,1,65,1.6367,0.029100000000000126,0.018101517790495226,False
KJ-01,kj_sv_40xx0.75-1,3967,10,10,1.4589500000000002,0.1850025960778809,0.1268053024969196,1.0717,1.6806,0.6089,65,1.5866,117.0,2,64;66,1.5516;1.5864,0.03499999999999992,0.022059750409681028,False
KJ-01,kj_sv_40xx0.75-1,3968,7,6,1.2284833333333334,0.3860958141014568,0.3142865707863003,0.5535,1.6055,1.052,63,1.6055,64.0,2,62;64,1.5677;1.3283,0.2771999999999999,0.17265649330426652,False
KJ-01,kj_sv_40xx0.75-1,3972,10,9,1.5266111111111114,0.1887636117240585,0.12364878674744541,1.0829,1.6451,0.5622,68,1.6451,134.0,2,67;69,1.5965;1.6261,0.04859999999999998,0.029542277065223985,False
KJ-01,kj_sv_40xx0.75-1,3982,5,5,1.3379,0.0,0.0,1.3379,1.3379,0.0,65,1.3379,120.0,1,64,1.3379,0.0,0.0,False
KJ-01,kj_sv_40xx0.75-1,3983,14,10,1.09928,0.04633037880268193,0.042146112730770985,1.0541,1.2196,0.16549999999999998,67,1.0841,64.0,2,66;68,1.0793;1.1029,0.018799999999999928,0.017341573655566763,False
KJ-01,kj_sv_40xx0.75-1,3985,5,4,1.245125,0.16953252146220602,0.1361570295851469,1.0776,1.3929,0.31530000000000014,61,1.3929,71.0,1,62,1.3894,0.0035000000000000586,0.0025127431976452426,False
KJ-01,kj_sv_40xx0.75-1,3986,10,10,1.51154,0.1622218727545703,0.10732224933152301,1.0974,1.6285,0.5311000000000001,64,1.5878,118.0,2,63;65,1.6132;1.5309,0.05690000000000017,0.03583574757526147,False
KJ-01,kj_sv_40xx0.75-1,3987,12,11,1.4470999999999998,0.14702129097515096,0.10159718815227073,1.1217,1.658,0.5363,65,1.5137,94.0,2,64;66,1.5187;1.5137,0.004999999999999893,0.003303164431525331,False
KJ-01,kj_sv_40xx0.75-1,3989,9,8,1.5334375,0.10306096583368224,0.06720910753368314,1.3379,1.6055,0.26759999999999984,63,1.6055,177.0,2,62;64,1.5743;1.6055,0.031199999999999894,0.019433198380566737,False
KJ-01,kj_sv_40xx0.75-1,3992,4,4,1.517075,0.2579314298413436,0.1700189046957755,1.1342,1.692,0.5577999999999999,61,1.6407,156.0,1,62,1.6014,0.03930000000000011,0.023953190711281838,False
KJ-01,kj_sv_40xx0.75-1,3995,7,7,1.5955,0.11561502209199864,0.07246319153368765,1.4242,1.692,0.26780000000000004,67,1.6919,130.0,2,66;68,1.6389;1.4353,0.25659999999999994,0.1516638099178438,False
KJ-01,kj_sv_40xx0.75-1,3996,25,23,1.4971652173913041,0.24591910090459285,0.16425648822718983,0.8383,1.7667,0.9283999999999999,79,1.6546,104.0,2,78;80,1.6241;1.5641,0.09050000000000002,0.054695999032998925,False
KJ-01,kj_sv_40xx0.75-1,3998,12,12,1.6326583333333333,0.30665326127650294,0.18782451601519176,1.0805,1.9447,0.8642000000000001,67,1.9447,211.0,1,68,1.7466,0.19810000000000016,0.10186661181673273,False
KJ-01,kj_sv_40xx0.75-1,4000,3,3,1.4875999999999998,0.3524734883647279,0.23694103815859638,1.0806,1.692,0.6113999999999999,63,1.692,111.0,1,62,1.6902,0.0018000000000000238,0.0010638297872340567,False
KJ-01,kj_sv_40xx0.75-1,4001,9,9,1.4608333333333334,0.16059952521723095,0.1099369254196675,1.0335,1.5281,0.49459999999999993,65,1.5137,112.0,2,64;66,1.5137;1.5137,0.0,0.0,False
KJ-01,kj_sv_40xx0.75-1,4002,3,3,1.6232666666666669,0.012936125128234291,0.007969192858988637,1.6155,1.6382,0.022700000000000164,63,1.6161,206.0,1,64,1.6382,0.02210000000000001,0.013674896355423556,False
KJ-01,kj_sv_40xx0.75-1,4006,8,8,1.5228,0.18177521440347294,0.11936906645880808,1.1039,1.6839,0.5799999999999998,66,1.6185,134.0,2,65;67,1.5223;1.6839,0.09620000000000006,0.059437751004016104,False
KJ-01,kj_sv_40xx0.75-1,4007,6,6,2.7494666666666667,0.6161540543294888,0.22409948147379688,1.6989,3.1892,1.4903,65,3.1892,316.0,2,64;66,3.1279;3.183,0.06130000000000013,0.01922112128433467,False
KJ-01,kj_sv_40xx0.75-1,4010,5,5,1.51498,0.2675779736824389,0.17662145617924918,1.1353,1.8921,0.7567999999999999,65,1.8921,139.0,2,64;66,1.5187;1.1353,0.7567999999999999,0.39997885946831563,True
KJ-01,kj_sv_40xx0.75-1,4017,8,8,1.437175,0.10285545683141947,0.07156780269029135,1.2962,1.5624,0.2662,65,1.5223,127.0,2,64;66,1.5144;1.3539,0.16839999999999988,0.11062208500295598,False
KJ-01,kj_sv_40xx0.75-1,4018,7,7,1.4323857142857144,0.19372227912290166,0.13524449259081367,1.082,1.6065,0.5245,65,1.6059,168.0,2,64;66,1.6065;1.6055,0.0005999999999999339,0.0003736222678871249,False
KJ-01,kj_sv_40xx0.75-1,4025,9,8,1.3282375000000002,0.22659297011854287,0.17059672695473727,0.8101,1.5334,0.7233,61,1.4728,83.0,1,62,1.4796,0.006799999999999917,0.004617055947854371,False
KJ-01,kj_sv_40xx0.75-1,4026,12,10,1.54076,0.19318708951572194,0.1253842840648264,1.1353,1.7581,0.6228,67,1.5772,112.0,2,66;68,1.696;1.6597,0.11880000000000002,0.0753233578493533,False
KJ-01,kj_sv_40xx0.75-1,4029,4,4,2.150525,0.4179764457079688,0.19436018912031658,1.7217,2.5277,0.8059999999999998,64,2.5277,176.0,1,65,2.4899,0.037799999999999834,0.014954306286347207,False
KJ-01,kj_sv_40xx0.75-1,4030,4,4,1.4853750000000001,0.17059748679274261,0.11485145959285878,1.3379,1.6454,0.3074999999999999,62,1.6203,126.0,1,61,1.6454,0.0250999999999999,0.015490958464481824,False
KJ-01,kj_sv_40xx0.75-1,4034,8,8,1.58855,0.1416127314696165,0.08914590756955494,1.3969,1.8069,0.4099999999999999,65,1.5397,138.0,2,64;66,1.5391;1.539,0.000700000000000145,0.0004546340196143047,False
KJ-01,kj_sv_40xx0.75-1,4035,7,7,1.4162,0.12932885731086208,0.09132104032683384,1.3379,1.6055,0.26759999999999984,63,1.3436,122.0,2,62;64,1.3407;1.3379,0.005699999999999816,0.0042423340279843826,False
KJ-01,kj_sv_40xx0.75-1,4044,5,5,1.44556,0.17324562909349253,0.119846723133936,1.1364,1.5431,0.40669999999999984,64,1.5431,142.0,2,63;65,1.5137;1.5209,0.02939999999999987,0.01905255654202571,False
KJ-01,kj_sv_40xx0.75-1,4047,13,13,1.5355,0.2346412794032627,0.15281099277320917,0.8049,1.6914,0.8865000000000001,71,1.6444,150.0,2,70;72,1.6914;1.6132,0.04699999999999993,0.028581853563609785,False
KJ-01,kj_sv_40xx0.75-1,4049,13,8,1.2594124999999998,0.17283411896547343,0.13723392372671658,1.123,1.5301,0.4071,69,1.5301,62.0,2,68;70,1.514;1.1568,0.37329999999999997,0.24397098228873929,False
KJ-01,kj_sv_40xx0.75-1,4050,10,9,1.4778777777777776,0.12814547180624236,0.08670911338752876,1.1379,1.5499,0.41200000000000014,67,1.533,127.0,2,66;68,1.5147;1.5137,0.019299999999999873,0.012589693411611138,False
KJ-01,kj_sv_40xx0.75-1,4053,13,11,1.5314909090909092,0.22271744186096182,0.14542524577776733,0.9124,1.6917,0.7793,65,1.6203,104.0,2,64;66,1.6917;1.5419,0.07840000000000003,0.04838610133925818,False
KJ-01,kj_sv_40xx0.75-1,4056,9,8,1.60755,0.170152125212369,0.10584561924193275,1.2692,1.8019,0.5327,67,1.7417,149.0,2,66;68,1.7586;1.8019,0.06020000000000003,0.03456393179077914,False
KJ-01,kj_sv_40xx0.75-1,4058,3,3,1.6169333333333331,0.009900673377772515,0.006123117863716819,1.6056,1.6239,0.018299999999999983,63,1.6239,133.0,2,62;64,1.6213;1.6056,0.018299999999999983,0.011269166820617023,False
KJ-01,kj_sv_40xx0.75-1,4059,3,3,1.4870333333333334,0.23621059106935355,0.15884687032526967,1.2143,1.6262,0.41190000000000015,62,1.6262,139.0,1,63,1.6206,0.005600000000000049,0.0034436108719714973,False
KJ-01,kj_sv_40xx0.75-1,4061,7,6,1.6422666666666668,0.2127873649131138,0.12956931370044275,1.4621,2.0562,0.5941000000000001,62,2.0562,157.0,1,63,1.5814,0.4748000000000001,0.23091138994261265,False
KJ-01,kj_sv_40xx0.75-1,4064,14,13,1.5038076923076924,0.13751380210448244,0.0914437416485471,1.1424,1.6473,0.5048999999999999,67,1.5532,87.0,2,66;68,1.5145;1.5755,0.03869999999999996,0.024916301828483103,False
KJ-01,kj_sv_40xx0.75-1,4067,9,9,1.1348555555555555,0.06905586707715557,0.06084991762969346,0.9537,1.1742,0.22049999999999992,62,1.1641,82.0,1,63,1.1377,0.02639999999999998,0.02267846404948027,False
KJ-01,kj_sv_40xx0.75-1,4074,11,11,1.9585636363636363,0.4446784642249437,0.2270431534461424,1.3602,2.785,1.4248,69,2.6286,201.0,2,68;70,2.2577;2.785,0.37090000000000023,0.1411017271551397,False
KJ-01,kj_sv_40xx0.75-1,4075,5,4,1.484525,0.10886742319598333,0.07333485336790106,1.339,1.5814,0.24239999999999995,62,1.5814,117.0,1,63,1.5525,0.028899999999999926,0.01827494625015804,False
KJ-01,kj_sv_40xx0.75-1,4076,4,4,1.0990250000000001,0.053761099629130824,0.04891708526114585,1.03,1.1532,0.12319999999999998,65,1.03,66.0,1,64,1.0857,0.05570000000000008,0.0540776699029127,False
KJ-01,kj_sv_40xx0.75-1,4078,10,9,1.593511111111111,0.1582075412586616,0.09928235840686914,1.4533,1.9354,0.4821,70,1.9354,194.0,1,69,1.7846,0.15080000000000005,0.07791670972408807,False
KJ-01,kj_sv_40xx0.75-1,4080,5,4,1.5549250000000001,0.09842365484645108,0.06329800784375521,1.4087,1.6227,0.21399999999999997,66,1.5963,111.0,1,65,1.6227,0.02639999999999998,0.01653824469084757,False
KJ-01,kj_sv_40xx0.75-1,4082,7,6,1.8921,0.0,0.0,1.8921,1.8921,0.0,67,1.8921,294.0,1,66,1.8921,0.0,0.0,False
KJ-01,kj_sv_40xx0.75-1,4086,12,12,1.7128666666666665,0.1381284536110127,0.08064168466762117,1.5203,1.9017,0.38139999999999996,64,1.8921,177.0,2,63;65,1.7067;1.7625,0.1853999999999998,0.09798636435706347,False
KJ-01,kj_sv_40xx0.75-1,4088,14,14,1.5565214285714284,0.059026397987177404,0.03792199509990151,1.4441,1.6849,0.24080000000000013,67,1.568,112.0,2,66;68,1.5803;1.5921,0.02410000000000001,0.015369897959183679,False
KJ-01,kj_sv_40xx0.75-1,4091,5,5,1.6685000000000003,0.027981333063312016,0.016770352450291886,1.6435,1.7065,0.06299999999999994,66,1.6529,177.0,1,65,1.7065,0.05359999999999987,0.032427854074656585,False
KJ-01,kj_sv_40xx0.75-1,4092,8,8,1.559375,0.19918009618002924,0.12773072300122115,1.08,1.7194,0.6394,68,1.7194,146.0,2,67;69,1.6292;1.6434,0.09020000000000006,0.05246016052111205,False
KJ-01,kj_sv_40xx0.75-1,4093,3,3,1.558366666666667,0.043810995575692284,0.02811340649977045,1.514,1.6016,0.0875999999999999,64,1.6016,120.0,1,63,1.5595,0.042099999999999804,0.026286213786213666,False
KJ-01,kj_sv_40xx0.75-1,4095,8,8,1.5796875000000001,0.08607304933269515,0.05448739027984658,1.3771,1.6376,0.26049999999999995,69,1.6376,193.0,1,68,1.6123,0.025299999999999878,0.015449438202247118,False
KJ-01,kj_sv_40xx0.75-1,4096,9,9,1.3768888888888888,0.07806752597022087,0.056698493683988695,1.3379,1.5441,0.20619999999999994,65,1.341,110.0,2,64;66,1.3384;1.3379,0.0030999999999998806,0.002311707680835109,False
KJ-01,kj_sv_40xx0.75-1,4097,9,9,1.5336888888888889,0.13969816072916316,0.0910863746495355,1.2419,1.6918,0.44989999999999997,65,1.6918,125.0,2,64;66,1.5748;1.5289,0.16290000000000004,0.09628797730228163,False
KJ-01,kj_sv_40xx0.75-1,4098,8,8,1.516575,0.11677353846533157,0.0769981955823692,1.3379,1.6194,0.28149999999999986,69,1.6194,193.0,1,68,1.6056,0.013800000000000034,0.008521674694331256,False
KJ-01,kj_sv_40xx0.75-1,4100,9,7,1.5422285714285713,0.05335833937588742,0.034598204419505355,1.4327,1.5891,0.15639999999999987,67,1.5805,120.0,2,66;68,1.5459;1.5891,0.034599999999999964,0.021891806390382768,False
KJ-01,kj_sv_40xx0.75-1,4104,9,8,1.5240999999999998,0.018978107688296327,0.01245200950613236,1.4817,1.5377,0.05600000000000005,67,1.532,164.0,1,66,1.5184,0.013600000000000056,0.008877284595300298,False
KJ-01,kj_sv_40xx0.75-1,4105,7,7,1.804185714285714,0.1456335633084103,0.0807198295359895,1.534,1.8921,0.35809999999999986,65,1.8921,147.0,2,64;66,1.8921;1.8921,0.0,0.0,False
KJ-01,kj_sv_40xx0.75-1,4107,5,5,1.0279000000000003,0.1332281877081573,0.1296120125577948,0.836,1.1878,0.3518,63,1.1878,47.0,2,62;64,1.0782;1.0731,0.11470000000000002,0.09656507829600945,False
KJ-01,kj_sv_40xx0.75-1,4110,8,8,1.4185875000000001,0.15651490515511385,0.11033151296984771,1.1206,1.6547,0.5341,66,1.4572,110.0,2,65;67,1.3681;1.4727,0.08909999999999996,0.06114466099368649,False
KJ-01,kj_sv_40xx0.75-1,4111,9,9,1.6631444444444443,0.18312802291778768,0.11010951185238733,1.4079,1.9846,0.5767,64,1.6523,166.0,2,63;65,1.6125;1.9846,0.3322999999999998,0.20111359922532215,False
KJ-01,kj_sv_40xx0.75-1,4114,8,8,1.6322625,0.05169932128595663,0.03167341116147472,1.5455,1.7244,0.17889999999999984,63,1.6117,114.0,2,62;64,1.6183;1.6249,0.0132000000000001,0.00819010982192722,False
KJ-01,kj_sv_40xx0.75-1,4115,9,9,1.4841666666666666,0.11474397587673177,0.07731205561598996,1.1835,1.5781,0.39460000000000006,66,1.5137,120.0,2,65;67,1.5137;1.5137,0.0,0.0,False
KJ-01,kj_sv_40xx0.75-1,4116,9,9,1.6217,0.10142407258634412,0.06254182190685338,1.3826,1.7137,0.33109999999999995,64,1.7137,140.0,2,63;65,1.6758;1.6292,0.08450000000000002,0.04930851374219526,False
KJ-01,kj_sv_40xx0.75-1,4118,9,9,1.5037666666666667,0.20936637743439132,0.13922796805869128,1.0389,1.6917,0.6528,67,1.6917,140.0,2,66;68,1.5786;1.6548,0.11309999999999998,0.06685582550097534,False
KJ-01,kj_sv_40xx0.75-1,4119,12,12,1.4603333333333335,0.2116826584271557,0.14495502745525382,0.9986,1.7221,0.7234999999999999,72,1.6921,126.0,2,71;73,1.5605;1.7221,0.13159999999999994,0.07777318125406296,False
KJ-01,kj_sv_40xx0.75-1,4120,8,5,1.0775400000000002,0.11472915061134203,0.10647321733888489,0.9809,1.2378,0.2569,64,1.2378,37.0,2,63;65,1.1586;1.0224,0.21540000000000004,0.1740184197770238,False
KJ-01,kj_sv_40xx0.75-1,4121,9,8,1.5018625,0.19487499244020884,0.12975554848743398,1.2972,1.8401,0.5429000000000002,69,1.6342,130.0,2,68;70,1.3609;1.641,0.2733000000000001,0.16723779219189822,False
KJ-01,kj_sv_40xx0.75-1,4123,11,11,1.4218818181818185,0.13694474665485945,0.09631232701883251,1.162,1.593,0.43100000000000005,70,1.5341,73.0,2,69;71,1.3942;1.4777,0.1398999999999999,0.09119353366794858,False
KJ-01,kj_sv_40xx0.75-1,4124,19,18,1.5193277777777778,0.13662178280182014,0.08992252020933096,1.0727,1.6254,0.5527,76,1.5418,138.0,2,75;77,1.5622;1.563,0.021199999999999886,0.013750162148138465,False
KJ-01,kj_sv_40xx0.75-1,4125,9,8,1.4264375,0.07776106145476298,0.054514173565096954,1.3656,1.6091,0.24350000000000005,69,1.6091,103.0,2,68;70,1.4441;1.37,0.23909999999999987,0.1485923808340065,False
KJ-01,kj_sv_40xx0.75-1,4127,9,8,1.4690125,0.13287691874706561,0.0904532253789982,1.1402,1.5199,0.3796999999999999,63,1.5143,138.0,2,62;64,1.5173;1.5137,0.0030000000000001137,0.0019811133857228513,False
KJ-01,kj_sv_40xx0.75-1,4133,14,13,1.5124615384615383,0.24869214750524238,0.16442874161164436,0.8601,1.7689,0.9087999999999999,66,1.7399,164.0,2,65;67,1.7689;1.611,0.12890000000000001,0.07408471751250073,False
KJ-01,kj_sv_40xx0.75-1,4134,11,9,1.200488888888889,0.13468183289186078,0.11218915405082623,0.9156,1.3532,0.4376,68,1.2756,78.0,2,67;69,1.3514;1.2545,0.07579999999999987,0.05942301661962987,False
KJ-01,kj_sv_40xx0.75-1,4135,11,8,1.234675,0.12572811652814295,0.10183094055370276,1.0267,1.3912,0.36450000000000005,68,1.3567,79.0,2,67;69,1.1252;1.1837,0.23150000000000004,0.17063462814181474,False
KJ-01,kj_sv_40xx0.75-1,4137,10,9,1.527388888888889,0.015400685410432588,0.010083015217974996,1.5137,1.556,0.042300000000000004,68,1.5398,140.0,2,67;69,1.5191;1.5137,0.026100000000000012,0.016950253279646714,False
KJ-01,kj_sv_40xx0.75-1,4143,7,6,1.5783500000000001,0.12842250192236557,0.08136503432215006,1.4381,1.7388,0.30069999999999997,69,1.7388,131.0,1,68,1.6903,0.04849999999999999,0.02789279963193006,False
KJ-01,kj_sv_40xx0.75-1,4147,9,9,1.5372888888888887,0.15021767076849218,0.09771596728124764,1.3409,1.7489,0.4079999999999999,65,1.5701,196.0,2,64;66,1.351;1.6122,0.21910000000000007,0.1395452518947838,False
KJ-01,kj_sv_40xx0.75-1,4148,5,5,1.55628,0.05113811689923674,0.032859200721744634,1.4974,1.6208,0.12339999999999995,63,1.4974,119.0,1,64,1.5918,0.09440000000000004,0.06304260718578872,False
KJ-01,kj_sv_40xx0.75-1,4151,4,3,1.5185333333333333,0.15262687618284437,0.10050940129698242,1.3423,1.6078,0.26549999999999985,65,1.6078,145.0,1,66,1.3423,0.26549999999999985,0.16513247916407506,False
KJ-01,kj_sv_40xx0.75-1,4152,20,20,1.66294,0.15821978184923988,0.09514461246301122,1.3611,1.9156,0.5545,75,1.8544,220.0,2,74;76,1.8221;1.6184,0.236,0.1272648835202761,False
KJ-01,kj_sv_40xx0.75-1,4153,10,9,1.6384222222222222,0.062035449095210415,0.03786291973693484,1.5185,1.692,0.1735,67,1.6914,136.0,2,66;68,1.5698;1.6366,0.12159999999999993,0.07189310630247128,False
KJ-01,kj_sv_40xx0.75-1,4154,4,4,1.4463,0.20796401932385644,0.1437903749732811,1.1354,1.5667,0.4313,66,1.5565,100.0,1,65,1.5667,0.010199999999999987,0.006553164150337287,False
KJ-01,kj_sv_40xx0.75-1,4155,21,20,1.539775,0.1626952943873592,0.10566173264753564,1.0789,1.627,0.5481,80,1.627,141.0,2,79;81,1.6221;1.6239,0.004899999999999904,0.003011677934849357,False
KJ-01,kj_sv_40xx0.75-1,4156,9,8,1.6255125000000001,0.10784154298254985,0.06634310285682198,1.3671,1.7054,0.33830000000000005,69,1.6365,118.0,1,70,1.6208,0.015700000000000047,0.00959364497402997,False
KJ-01,kj_sv_40xx0.75-1,4158,11,11,1.7416545454545451,0.2189427795732774,0.1257096478430151,1.5265,2.1603,0.6337999999999999,69,1.875,197.0,1,68,1.6055,0.2695000000000001,0.14373333333333338,False
KJ-01,kj_sv_40xx0.75-1,4159,10,10,1.60542,0.06856033514763148,0.04270554443549443,1.5137,1.7285,0.21479999999999988,72,1.652,146.0,1,71,1.5444,0.10759999999999992,0.06513317191283288,False
KJ-01,kj_sv_40xx0.75-1,4160,13,13,1.5844461538461538,0.2866415665815195,0.18090962945361902,0.8017,1.8921,1.0903999999999998,73,1.8921,160.0,2,72;74,1.5137;1.7544,0.37839999999999985,0.19998942973415773,False
KJ-01,kj_sv_40xx0.75-1,4163,5,5,1.50668,0.3544992341317538,0.23528502013151686,0.8751,1.7052,0.8301000000000001,67,1.6166,136.0,1,66,1.6747,0.05810000000000004,0.03593962637634544,False
KJ-01,kj_sv_40xx0.75-1,4164,11,11,2.8724363636363637,0.9136149005710527,0.31806271224559385,1.6916,3.8411,2.1494999999999997,72,3.808,243.0,2,71;73,2.3725;3.4322,1.4354999999999998,0.376969537815126,True
KJ-01,kj_sv_40xx0.75-1,4165,3,3,1.8017333333333332,0.03975453852497015,0.02206460733643722,1.7581,1.8359,0.07780000000000009,64,1.8112,150.0,2,63;65,1.8359;1.7581,0.053099999999999925,0.029317579505300312,False
KJ-01,kj_sv_40xx0.75-1,4166,7,7,1.6909571428571428,0.0828102219363217,0.04897239547798389,1.5705,1.7657,0.19520000000000004,65,1.7626,217.0,1,66,1.7461,0.01649999999999996,0.009361170997390197,False
KJ-01,kj_sv_40xx0.75-1,4168,4,4,1.438,0.19476548291043083,0.1354419213563497,1.1463,1.5435,0.3972,63,1.5422,114.0,1,64,1.52,0.022199999999999998,0.014395020101154194,False
KJ-01,kj_sv_40xx0.75-1,4171,10,10,1.3569999999999998,0.2711247970133967,0.19979719750434544,0.6525,1.514,0.8615,67,1.4587,108.0,2,66;68,1.4153;1.4661,0.043400000000000105,0.029752519366559337,False
KJ-01,kj_sv_40xx0.75-1,4174,11,11,1.568381818181818,0.21910593245360482,0.13970190798794666,1.136,1.7308,0.5948,72,1.6919,158.0,2,71;73,1.7068;1.6643,0.02760000000000007,0.016313020864117306,False
KJ-01,kj_sv_40xx0.75-1,4175,10,10,1.9700900000000001,0.6123034785863044,0.3107997495476371,1.3527,3.2562,1.9035000000000002,68,3.2562,287.0,2,67;69,2.5755;2.4536,0.8026000000000004,0.24648363122658326,True
KJ-01,kj_sv_40xx0.75-1,4176,10,10,1.30961,0.14909122077141604,0.11384398467590813,1.0347,1.4751,0.4404000000000001,68,1.3774,96.0,2,67;69,1.3533;1.4751,0.09770000000000012,0.07093073907361705,False
KJ-01,kj_sv_40xx0.75-1,4177,9,9,1.6031,0.08717187046289648,0.05437706347882009,1.4019,1.6985,0.2966,68,1.5794,130.0,2,67;69,1.5616;1.6241,0.044700000000000184,0.02830188679245295,False
KJ-01,kj_sv_40xx0.75-1,4178,3,3,1.5488666666666668,0.31615732370662125,0.2041217171953393,1.1876,1.775,0.5873999999999999,66,1.684,229.0,0,,,,,False
KJ-01,kj_sv_40xx0.75-1,4179,14,14,1.2970285714285714,0.12876854267412358,0.09927965004833741,1.0704,1.4832,0.41280000000000006,68,1.3508,77.0,2,67;69,1.3514;1.3502,0.0005999999999999339,0.0004441812259401347,False
KJ-01,kj_sv_40xx0.75-1,4180,9,7,1.6607285714285716,0.22037371073009676,0.132697006916988,1.2697,1.9546,0.6848999999999998,63,1.9546,239.0,1,64,1.8197,0.1348999999999998,0.06901667860431791,False
KJ-01,kj_sv_40xx0.75-1,4187,6,6,1.6976333333333333,0.029209496172763187,0.017206010037167343,1.6667,1.7536,0.08689999999999998,68,1.694,117.0,1,67,1.6878,0.006199999999999983,0.003659976387249105,False
KJ-01,kj_sv_40xx0.75-1,4188,15,13,1.4089153846153848,0.11553674629134122,0.08200403484335664,1.2354,1.6104,0.375,70,1.6104,93.0,2,69;71,1.6087;1.3396,0.27080000000000015,0.16815697963238957,False
KJ-01,kj_sv_40xx0.75-1,4189,8,8,1.4463875000000002,0.23015236218954732,0.1591222007861291,1.139,1.7602,0.6212,63,1.7602,107.0,1,64,1.6269,0.13329999999999997,0.07573003067833199,False
KJ-01,kj_sv_40xx0.75-1,4190,16,16,1.54526875,0.125597328627377,0.08127863106490504,1.2836,1.6955,0.41189999999999993,72,1.606,144.0,2,71;73,1.6521;1.6055,0.04609999999999981,0.028704856787048448,False
KJ-01,kj_sv_40xx0.75-1,4195,6,5,1.6302999999999996,0.15559551728761334,0.09543980696044493,1.4749,1.8074,0.3324999999999998,67,1.7885,181.0,1,66,1.8074,0.018899999999999917,0.010567514677103672,False
KJ-01,kj_sv_40xx0.75-1,4201,5,4,1.428425,0.042254339027686535,0.02958106937899192,1.38,1.4831,0.10310000000000019,67,1.4831,106.0,1,66,1.38,0.10310000000000019,0.06951655316566663,False
KJ-01,kj_sv_40xx0.75-1,4205,5,3,1.1607333333333334,0.30694827468701197,0.26444340476165523,0.8063,1.338,0.5317000000000001,67,1.338,100.0,1,66,1.3379,9.999999999998899e-05,7.47384155455822e-05,False
KJ-01,kj_sv_40xx0.75-1,4207,6,6,1.4921499999999999,0.1500687009339389,0.1005721280929792,1.2976,1.6365,0.3389,69,1.6214,207.0,1,68,1.6172,0.0041999999999999815,0.002590354015048712,False
KJ-01,kj_sv_40xx0.75-1,4209,10,10,1.5435700000000003,0.1127457124092383,0.07304217651887396,1.3384,1.6109,0.27249999999999996,69,1.6082,119.0,2,68;70,1.607;1.6109,0.0026999999999999247,0.001678895659743766,False
KJ-01,kj_sv_40xx0.75-1,4210,7,7,2.9147142857142856,0.8046530669147034,0.27606584661093586,1.6389,3.8412,2.2023,69,3.8412,365.0,2,68;70,3.7379;2.6003,1.2409000000000003,0.32305008851400613,True
KJ-01,kj_sv_40xx0.75-1,4211,3,3,1.5244666666666669,0.15494700169197634,0.10164013755104058,1.3458,1.622,0.2762,66,1.622,149.0,1,65,1.6056,0.016400000000000192,0.010110974106042041,False
KJ-01,kj_sv_40xx0.75-1,4212,6,6,1.57575,0.09892517879690689,0.06277974221602849,1.467,1.6918,0.2247999999999999,67,1.6918,108.0,2,66;68,1.4798;1.6911,0.21199999999999997,0.1253103203688379,False
KJ-01,kj_sv_40xx0.75-1,4213,8,5,0.9645400000000001,0.1510209521887609,0.15657303189993252,0.8458,1.159,0.31320000000000003,69,1.159,37.0,1,70,1.0964,0.06259999999999999,0.054012079378774794,False
KJ-01,kj_sv_40xx0.75-1,4217,10,9,1.5836444444444444,0.1882247135149308,0.1188554123845404,1.1309,1.6918,0.5609,68,1.6339,137.0,2,67;69,1.6774;1.6796,0.045700000000000074,0.027969887998041544,False
KJ-01,kj_sv_40xx0.75-1,4218,6,5,1.64632,0.03846832463209175,0.02336624995875149,1.5924,1.6938,0.10139999999999993,68,1.6938,205.0,1,69,1.6262,0.06759999999999988,0.039910260951706154,False
KJ-01,kj_sv_40xx0.75-1,4221,7,7,1.6745285714285714,0.09358067311658094,0.05588478734450349,1.5572,1.8172,0.26,72,1.6984,173.0,1,71,1.7506,0.052200000000000024,0.030734809232218576,False
KJ-01,kj_sv_40xx0.75-1,4223,5,5,1.5930399999999998,0.04592742100314367,0.02883004883941626,1.5371,1.6558,0.11870000000000003,69,1.6558,156.0,0,,,,,False
KJ-01,kj_sv_40xx0.75-1,4226,5,5,3.1154599999999997,0.8697103644317458,0.279159534846137,1.5856,3.7605,2.1749,65,3.3892,370.0,2,64;66,3.3602;3.4818,0.09259999999999957,0.02732208190723462,False
KJ-01,kj_sv_40xx0.75-1,4227,8,8,1.6866500000000002,0.09193679505896585,0.05450851988199439,1.6201,1.909,0.28889999999999993,65,1.909,210.0,2,64;66,1.6457;1.6398,0.2692000000000001,0.1410162388685176,False
KJ-01,kj_sv_40xx0.75-1,4228,8,8,1.499025,0.14027872000312192,0.09357997365162149,1.1525,1.5599,0.4074,64,1.5599,144.0,1,65,1.5572,0.0027000000000001467,0.0017308801846273136,False
KJ-01,kj_sv_40xx0.75-1,4230,8,8,1.511375,0.11047404026027365,0.07309505599885777,1.3379,1.6185,0.28059999999999996,69,1.6185,129.0,2,68;70,1.4774;1.6055,0.1411,0.08717948717948718,False
KJ-01,kj_sv_40xx0.75-1,4231,7,7,1.5701142857142858,0.09607562001832078,0.06119020818577769,1.3528,1.6177,0.2648999999999999,69,1.6177,138.0,2,68;70,1.6066;1.6065,0.011199999999999877,0.006923409779316238,False
KJ-01,kj_sv_40xx0.75-1,4233,7,7,1.6312142857142857,0.11794586934368706,0.07230556425150496,1.3986,1.7593,0.3607,67,1.7593,129.0,2,66;68,1.6501;1.6457,0.11360000000000015,0.0645711362473712,False
KJ-01,kj_sv_40xx0.75-1,4234,11,10,1.5098099999999999,0.15528661994303739,0.10285176276686298,1.1492,1.7192,0.5700000000000001,70,1.7192,91.0,2,69;71,1.5919;1.5613,0.15790000000000015,0.09184504420660781,False
KJ-01,kj_sv_40xx0.75-1,4236,6,5,2.17726,0.7124478738827144,0.32722223063975564,1.5805,3.4081,1.8276000000000001,67,3.4081,384.0,1,66,1.9487,1.4594,0.4282151345324374,True
KJ-01,kj_sv_40xx0.75-1,4237,5,5,1.7165400000000002,0.11468989929370413,0.06681458008185309,1.6102,1.8921,0.2818999999999998,66,1.8921,240.0,2,65;67,1.7593;1.6951,0.19699999999999984,0.10411711854553134,False
KJ-01,kj_sv_40xx0.75-1,4239,9,9,1.509688888888889,0.06707643856907662,0.044430636711146484,1.3324,1.5501,0.2177,68,1.5331,122.0,2,67;69,1.5331;1.5194,0.013699999999999823,0.008936142456460652,False
KJ-01,kj_sv_40xx0.75-1,4242,6,6,1.4274166666666668,0.13086839827348182,0.09168198839872624,1.3379,1.6055,0.26759999999999984,65,1.6055,115.0,2,64;66,1.3591;1.5862,0.24639999999999995,0.15347243849268138,False
KJ-01,kj_sv_40xx0.75-1,4244,10,8,1.63565,0.10734960243455556,0.06563115729805005,1.532,1.8921,0.36009999999999986,65,1.6183,309.0,1,66,1.8921,0.2737999999999998,0.1691898906259654,False
KJ-01,kj_sv_40xx0.75-1,4245,3,3,1.5072999999999999,0.32119750933031843,0.21309461243967256,1.1373,1.7145,0.5771999999999999,64,1.7145,135.0,1,65,1.6701,0.044399999999999995,0.025896762904636918,False
KJ-01,kj_sv_40xx0.75-1,4246,6,5,1.5568399999999998,0.22469062730786077,0.1443248036457573,1.1849,1.7261,0.5411999999999999,65,1.7261,85.0,2,64;66,1.6418;1.7177,0.08430000000000004,0.048838421875905244,False
KJ-01,kj_sv_40xx0.75-1,4250,4,4,1.5542,0.05252777043304492,0.0337973043578979,1.4762,1.5907,0.11450000000000005,67,1.5752,136.0,1,66,1.5907,0.01550000000000007,0.009840020314880694,False
KJ-01,kj_sv_40xx0.75-1,4254,12,12,1.7079833333333332,0.15585844879443034,0.09125290964652095,1.4354,1.9612,0.5258,70,1.948,158.0,2,69;71,1.9612;1.6908,0.2571999999999999,0.13203285420944552,False
KJ-01,kj_sv_40xx0.75-1,4255,11,11,1.519509090909091,0.1250003396359022,0.08226363394845969,1.1826,1.6482,0.4656,66,1.6482,156.0,2,65;67,1.5933;1.6084,0.05490000000000017,0.033309064433928025,False
KJ-01,kj_sv_40xx0.75-1,4256,8,7,1.5433142857142859,0.028559553484571412,0.01850533863966231,1.5137,1.5928,0.07909999999999995,69,1.5424,133.0,2,68;70,1.5185;1.5552,0.023900000000000032,0.01549533195020749,False
KJ-01,kj_sv_40xx0.75-1,4258,9,9,1.8613222222222225,0.5984295964810267,0.32150779125527484,1.0801,2.8639,1.7838,65,2.8377,228.0,2,64;66,2.8639;1.6684,1.1692999999999998,0.4120590619163406,True
KJ-01,kj_sv_40xx0.75-1,4261,5,5,1.57716,0.08489124218669442,0.05382538371927669,1.4592,1.6865,0.22730000000000006,68,1.6141,139.0,1,67,1.6865,0.07240000000000002,0.04485471779939286,False
KJ-01,kj_sv_40xx0.75-1,4262,6,5,1.5166,0.16032198851062202,0.10571145226864172,1.307,1.6552,0.34820000000000007,68,1.3818,75.0,2,67;69,1.6322;1.6552,0.2734000000000001,0.19785786655087576,False
KJ-01,kj_sv_40xx0.75-1,4264,14,14,1.6791285714285713,0.1457427207765131,0.08679664157731407,1.4857,1.9167,0.43100000000000005,77,1.5918,225.0,1,76,1.5344,0.05740000000000012,0.03605980650835539,False
KJ-01,kj_sv_40xx0.75-1,4265,11,11,1.5245727272727274,0.19786471686942617,0.1297837179754499,1.1373,1.7435,0.6062000000000001,70,1.7056,132.0,2,69;71,1.5774;1.5767,0.12890000000000001,0.07557457786116324,False
KJ-01,kj_sv_40xx0.75-1,4266,4,4,1.3999,0.0920437214950953,0.06575021179733931,1.3505,1.5378,0.18730000000000002,67,1.5378,128.0,1,66,1.3505,0.18730000000000002,0.12179737287033425,False
KJ-01,kj_sv_40xx0.75-1,4267,9,9,1.431288888888889,0.13977380337928527,0.09765589914401684,1.1322,1.5627,0.4304999999999999,66,1.5097,139.0,2,65;67,1.5627;1.474,0.052999999999999936,0.03510631251241964,False
KJ-01,kj_sv_40xx0.75-1,4269,5,3,0.9929,0.09357472949466644,0.0942438609071069,0.8962,1.083,0.18679999999999997,66,1.083,41.0,1,65,0.8962,0.18679999999999997,0.1724838411819021,False
KJ-01,kj_sv_40xx0.75-1,4270,14,13,1.4751307692307694,0.1622460856467493,0.10998759501935895,1.136,1.7379,0.6019000000000001,73,1.5376,127.0,2,72;74,1.414;1.4917,0.12360000000000015,0.08038501560874099,False
KJ-01,kj_sv_40xx0.75-1,4272,9,8,1.505225,0.13844792471230052,0.09197822565550036,1.3379,1.6057,0.2677999999999998,67,1.6055,127.0,2,66;68,1.6057;1.6055,0.00019999999999997797,0.00012457178449079911,False
KJ-01,kj_sv_40xx0.75-1,4275,15,14,1.4732071428571432,0.19830425521748804,0.13460717739454892,1.0812,1.6569,0.5757000000000001,70,1.634,99.0,1,71,1.62,0.01399999999999979,0.00856793145654822,False
KJ-01,kj_sv_40xx0.75-1,4278,7,7,1.4631571428571426,0.12182569320061153,0.08326220720401879,1.3379,1.6365,0.2986,70,1.6345,144.0,2,69;71,1.4212;1.6365,0.21330000000000005,0.1304986234322423,False
KJ-01,kj_sv_40xx0.75-1,4282,8,8,1.640675,0.05140960860717436,0.031334425530452015,1.5568,1.7247,0.16789999999999994,65,1.5568,219.0,1,66,1.6176,0.060799999999999965,0.03905447070914694,False
KJ-01,kj_sv_40xx0.75-1,4283,11,11,1.7460181818181821,0.20033353098361653,0.1147373681842208,1.3162,1.9296,0.6134,71,1.8942,159.0,2,70;72,1.9129;1.9296,0.035399999999999876,0.01868862844472594,False
KJ-01,kj_sv_40xx0.75-1,4284,3,3,1.8570333333333335,0.06961108628180811,0.03748510327321791,1.7858,1.9249,0.1391,66,1.8604,228.0,1,65,1.7858,0.0746,0.040098903461621156,False
KJ-01,kj_sv_40xx0.75-1,4286,18,15,1.6895933333333335,0.25766033972396035,0.15249843535759708,1.1353,2.1084,0.9731000000000001,77,1.8739,137.0,2,76;78,1.949;1.6548,0.21909999999999985,0.11692192753081801,False
KJ-01,kj_sv_40xx0.75-1,4287,4,3,0.9479333333333333,0.16395186285411137,0.17295716596185884,0.845,1.137,0.29200000000000004,66,0.845,41.0,1,65,1.137,0.29200000000000004,0.34556213017751486,False
KJ-01,kj_sv_40xx0.75-1,4291,11,10,1.7128599999999998,0.6251248163367057,0.36495966765334337,0.493,3.0273,2.5343,67,3.0273,145.0,2,66;68,0.493;1.7502,2.5343,0.8371486142767482,True
KJ-01,kj_sv_40xx0.75-1,4294,13,12,1.7382499999999999,0.7782316475656379,0.44770985046203826,1.1363,4.1776,3.0412999999999997,71,4.1776,260.0,2,70;72,1.6093;1.5454,2.6322,0.6300746840291076,True
KJ-01,kj_sv_40xx0.75-1,4298,12,12,1.4869666666666668,0.2361919609644715,0.1588414631337655,1.1353,1.8988,0.7635000000000001,72,1.6331,128.0,2,71;73,1.609;1.5439,0.08919999999999995,0.05462004776192514,False
KJ-01,kj_sv_40xx0.75-1,4299,8,7,1.6476142857142857,0.09379094534426777,0.056925304761852584,1.5962,1.8593,0.2630999999999999,66,1.6171,252.0,2,65;67,1.6241;1.5962,0.02089999999999992,0.012924370787211625,False
KJ-01,kj_sv_40xx0.75-1,4300,5,5,1.5882399999999999,0.028719209599151564,0.01808241172565328,1.5632,1.6354,0.07220000000000004,69,1.6354,101.0,1,68,1.5632,0.07220000000000004,0.04414822061880888,False
KJ-01,kj_sv_40xx0.75-1,4303,6,6,1.92375,0.25336511796220096,0.1317037650225866,1.5365,2.1944,0.6578999999999999,70,2.084,227.0,1,69,2.1944,0.11039999999999983,0.05297504798464483,False
KJ-01,kj_sv_40xx0.75-1,4306,11,10,1.5804399999999998,0.2441438291936401,0.15447839158312884,1.1791,1.8922,0.7131000000000001,72,1.8921,116.0,1,71,1.5368,0.35529999999999995,0.18778077268643303,False
KJ-01,kj_sv_40xx0.75-1,4307,9,9,1.5043555555555554,0.16711888067414096,0.11109001462917076,1.1616,1.6118,0.45019999999999993,72,1.6117,226.0,1,71,1.6118,9.999999999998899e-05,6.204628652974437e-05,False
KJ-01,kj_sv_40xx0.75-1,4308,11,9,1.352111111111111,0.037375809169984675,0.027642557525668673,1.3382,1.4517,0.11349999999999993,70,1.4517,74.0,2,69;71,1.3427;1.3391,0.11260000000000003,0.07756423503478682,False
KJ-01,kj_sv_40xx0.75-1,4309,7,7,1.6069999999999998,0.13438054174619182,0.08362199237473046,1.317,1.692,0.375,68,1.6893,116.0,2,67;69,1.6565;1.692,0.03279999999999994,0.019416326288995405,False
KJ-01,kj_sv_40xx0.75-1,4310,8,7,1.6089000000000002,0.03956526254178026,0.024591498876114275,1.5619,1.6745,0.11260000000000003,73,1.6745,219.0,1,72,1.6199,0.054600000000000204,0.03260674828306969,False
KJ-01,kj_sv_40xx0.75-1,4312,6,5,1.6314799999999998,0.09127571966300788,0.055946575908382506,1.4759,1.6926,0.21670000000000011,65,1.6926,142.0,0,,,,,False
KJ-01,kj_sv_40xx0.75-1,4314,6,6,1.5316333333333334,0.12535470739731586,0.0818438099179411,1.3489,1.6236,0.27469999999999994,65,1.6236,225.0,1,66,1.5996,0.02400000000000002,0.01478196600147821,False
KJ-01,kj_sv_40xx0.75-1,4315,8,8,1.5758999999999999,0.15097474717883874,0.09580223819965655,1.2296,1.7074,0.4778,66,1.7074,150.0,2,65;67,1.5293;1.6352,0.17809999999999993,0.10431064776853691,False
KJ-01,kj_sv_40xx0.75-1,4316,9,8,1.4097625000000003,0.1503906241141002,0.10667798591188245,1.0705,1.5192,0.4487000000000001,68,1.5077,126.0,2,67;69,1.496;1.5173,0.011700000000000044,0.007760164488956718,False
KJ-01,kj_sv_40xx0.75-1,4317,13,12,1.4622,0.23047422257755262,0.15762154464338163,0.775,1.5918,0.8168000000000001,73,1.5612,85.0,2,72;74,1.5598;1.5622,0.0013999999999998458,0.0008967460927490685,False
KJ-01,kj_sv_40xx0.75-1,4318,4,4,1.7659250000000002,0.11009618143544608,0.062344766304031074,1.6584,1.9129,0.25449999999999995,70,1.9129,284.0,0,,,,,False
KJ-01,kj_sv_40xx0.75-1,4319,8,7,1.3473142857142855,0.13524414255426404,0.10038054519889816,1.0779,1.5244,0.4464999999999999,67,1.5244,82.0,2,66;68,1.3871;1.3942,0.13729999999999998,0.09006822356336919,False
KJ-01,kj_sv_40xx0.75-1,4323,8,8,1.571175,0.07445009354306706,0.0473849784671135,1.4399,1.6872,0.24730000000000008,71,1.5703,208.0,2,70;72,1.6872;1.5627,0.1169,0.07444437368655671,False
KJ-01,kj_sv_40xx0.75-1,4324,6,5,1.65004,0.0635408766071102,0.03850868864216032,1.6121,1.7614,0.1493,67,1.6196,139.0,1,68,1.6437,0.02410000000000001,0.014880217337614233,False
KJ-01,kj_sv_40xx0.75-1,4325,5,5,1.49738,0.28922734483447443,0.19315560835223822,0.9973,1.7303,0.733,65,1.7303,156.0,1,66,1.6434,0.08689999999999998,0.0502225047679593,False
KJ-01,kj_sv_40xx0.75-1,4327,13,12,1.5679416666666668,0.17512385465634592,0.11169028694074241,1.1404,1.7902,0.6497999999999999,73,1.5665,118.0,2,72;74,1.6155;1.6651,0.09860000000000002,0.06294286626236835,False
KJ-01,kj_sv_40xx0.75-1,4328,20,20,1.5329499999999998,0.18620426672707696,0.1214679322398493,1.0753,1.7154,0.6401000000000001,73,1.7154,253.0,2,72;74,1.6336;1.6966,0.0818000000000001,0.04768567098052938,False
KJ-01,kj_sv_40xx0.75-1,4330,3,3,1.5906666666666667,0.015499784944744632,0.009744206796779944,1.5745,1.6054,0.030899999999999928,65,1.5921,97.0,0,,,,,False
KJ-01,kj_sv_40xx0.75-1,4333,11,7,1.159714285714286,0.2341924025850784,0.20193974108099882,0.8417,1.5112,0.6695000000000001,68,1.5112,108.0,1,69,1.338,0.17320000000000002,0.11461090524086819,False
KJ-01,kj_sv_40xx0.75-1,4334,9,9,1.6259333333333332,0.07649045692110876,0.04704403025202474,1.5052,1.7257,0.22049999999999992,71,1.7257,242.0,2,70;72,1.7185;1.7066,0.019100000000000117,0.011067972416990274,False
KJ-01,kj_sv_40xx0.75-1,4335,6,4,0.9835,0.1896684299859451,0.19285046261916125,0.7614,1.1463,0.38490000000000013,68,1.1463,30.0,2,67;69,0.7614;0.89,0.38490000000000013,0.33577597487568706,False
KJ-01,kj_sv_40xx0.75-1,4337,7,6,1.4144500000000002,0.15929003421432236,0.11261623543732358,1.1079,1.5258,0.41789999999999994,70,1.5157,83.0,2,69;71,1.5258;1.5146,0.010099999999999998,0.006663587781223196,False
KJ-01,kj_sv_40xx0.75-1,4338,5,4,1.686725,0.12694136113444932,0.0752590737283489,1.5513,1.8461,0.2948000000000002,68,1.8461,113.0,1,67,1.6283,0.2178,0.11797844103786359,False
KJ-01,kj_sv_40xx0.75-1,4340,6,5,1.43762,0.05650643326206315,0.03930554198053947,1.3751,1.5009,0.1257999999999999,69,1.5009,169.0,2,68;70,1.4743;1.3814,0.11949999999999994,0.07961889532946895,False
KJ-01,kj_sv_40xx0.75-1,4341,8,7,1.538857142857143,0.12814966324761132,0.08327586731649454,1.3406,1.624,0.2834000000000001,66,1.3631,216.0,1,67,1.6055,0.24239999999999995,0.1778299464456019,False
KJ-01,kj_sv_40xx0.75-1,4342,7,7,1.4202428571428574,0.06718548596095385,0.047305632007270074,1.3172,1.5055,0.18830000000000013,72,1.5055,225.0,0,,,,,False
KJ-01,kj_sv_40xx0.75-1,4343,14,5,1.2533999999999998,0.23976199657160016,0.19128929038742634,0.8264,1.3987,0.5723,75,1.3987,67.0,2,74;76,1.35;1.3504,0.048699999999999966,0.034818045327804366,False
KJ-01,kj_sv_40xx0.75-1,4344,7,7,1.419914285714286,0.12953023364671054,0.09122398087681084,1.3379,1.6117,0.2737999999999998,72,1.3689,130.0,1,71,1.6117,0.2427999999999999,0.17736869018920293,False
KJ-01,kj_sv_40xx0.75-1,4345,10,10,1.4639700000000002,0.16496235967974965,0.1126815164789918,1.1724,1.619,0.4465999999999999,72,1.619,144.0,2,71;73,1.6068;1.6144,0.012199999999999989,0.007535515750463242,False
KJ-01,kj_sv_40xx0.75-1,4346,13,12,1.5392499999999998,0.15421037873337484,0.10018540115859988,1.2141,1.8765,0.6624000000000001,67,1.6137,114.0,2,66;68,1.6885;1.8765,0.26280000000000014,0.16285554935861693,False
KJ-01,kj_sv_40xx0.75-1,4350,3,3,1.6254666666666668,0.05335019525112663,0.03282146373418503,1.5722,1.6789,0.10670000000000002,66,1.6253,117.0,1,67,1.6789,0.05360000000000009,0.032978527041161686,False
KJ-01,kj_sv_40xx0.75-1,4351,10,9,1.5442444444444443,0.20279388003038398,0.1313223957255944,1.0879,1.6918,0.6038999999999999,70,1.6916,123.0,2,69;71,1.6918;1.6911,0.0004999999999999449,0.00029557815086305567,False
KJ-01,kj_sv_40xx0.75-1,4352,6,5,0.8337199999999999,0.11707637250957167,0.1404264891205341,0.7778,1.0431,0.26529999999999987,66,1.0431,108.0,1,67,0.78,0.2630999999999999,0.25222893298820814,False
KJ-01,kj_sv_40xx0.75-1,4354,4,4,1.4647000000000001,0.4018618999938494,0.27436464804659616,0.8635,1.6919,0.8283999999999999,70,1.6245,303.0,1,69,1.6789,0.054400000000000004,0.03348722683902739,False
KJ-01,kj_sv_40xx0.75-1,4355,10,10,2.27046,1.0046232939100441,0.44247566304187,0.887,3.6758,2.7888,71,3.5249,248.0,2,70;72,3.6758;3.1498,0.3751000000000002,0.10641436636500332,False
KJ-01,kj_sv_40xx0.75-1,4359,11,11,1.6216727272727274,0.13159897485093938,0.08115014369900513,1.2434,1.7013,0.4579,68,1.6211,225.0,2,67;69,1.6971;1.6977,0.0766,0.04725186601690211,False
KJ-01,kj_sv_40xx0.75-1,4360,3,3,1.5420333333333334,0.02574729759282192,0.016696978616645933,1.5137,1.564,0.05030000000000001,68,1.564,147.0,1,67,1.5484,0.015600000000000058,0.009974424552429705,False
KJ-01,kj_sv_40xx0.75-1,4361,11,11,1.8492909090909093,0.4106405056848276,0.22205295211595122,1.1754,2.4279,1.2525000000000002,68,2.3238,221.0,2,67;69,2.3938;2.4279,0.1041000000000003,0.04479731474309334,False
KJ-01,kj_sv_40xx0.75-1,4362,11,11,1.8388181818181815,0.4419448536145247,0.24034179016956406,1.2928,3.0323,1.7395000000000003,72,1.6907,245.0,2,71;73,2.0842;1.6485,0.39349999999999996,0.23274383391494644,False
KJ-01,kj_sv_40xx0.75-1,4364,8,8,1.4418000000000002,0.29066338410116754,0.20159757532332329,0.9252,1.8921,0.9668999999999999,74,1.8921,140.0,2,73;75,1.5181;1.5138,0.37829999999999986,0.19993657840494683,False
KJ-01,kj_sv_40xx0.75-1,4365,8,8,1.635125,0.0765371011806879,0.04680810407809061,1.5566,1.7723,0.2157,71,1.6588,219.0,2,70;72,1.5768;1.7723,0.11349999999999993,0.06842295635399079,False
KJ-01,kj_sv_40xx0.75-1,4367,16,16,1.6701625,0.16454608219786537,0.09852100151803514,1.3665,2.0053,0.6388,70,1.9818,266.0,2,69;71,1.7931;2.0053,0.1887000000000001,0.09521646987587047,False
KJ-01,kj_sv_40xx0.75-1,4370,14,13,1.8447923076923074,0.305956441511801,0.16584871924933864,1.3661,2.3963,1.0302,70,1.711,212.0,2,69;71,1.6299;1.675,0.08110000000000017,0.04739918176504978,False
KJ-01,kj_sv_40xx0.75-1,4371,10,10,1.6302800000000002,0.22367855308703852,0.13720253765429158,1.0446,1.8504,0.8058000000000001,71,1.7321,138.0,2,70;72,1.7214;1.6372,0.09489999999999998,0.05478898446971883,False
KJ-01,kj_sv_40xx0.75-1,4372,3,3,1.8316999999999999,0.10461586877716007,0.05711408460837478,1.7109,1.8921,0.1811999999999998,66,1.7109,130.0,1,67,1.8921,0.1811999999999998,0.1059091706119585,False
KJ-01,kj_sv_40xx0.75-1,4373,12,12,1.7985,0.24673630384757658,0.1371900494009322,1.0541,1.9392,0.8851,72,1.9304,174.0,2,71;73,1.8933;1.9354,0.03709999999999991,0.019218814753418936,False
KJ-01,kj_sv_40xx0.75-1,4378,7,7,1.5353714285714284,0.019585599666227083,0.01275626164572459,1.5137,1.5598,0.04610000000000003,72,1.5598,169.0,1,71,1.5174,0.04239999999999999,0.027182972175919983,False
KJ-01,kj_sv_40xx0.75-1,4379,6,6,1.5973333333333333,0.03915873678589068,0.02451506893941403,1.5574,1.6637,0.10630000000000006,72,1.6012,168.0,0,,,,,False
KJ-01,kj_sv_40xx0.75-1,4381,6,6,1.4553833333333337,0.1964215000112428,0.13496203750071076,1.0582,1.5635,0.5052999999999999,71,1.4897,150.0,1,70,1.5604,0.07069999999999999,0.0474592199771766,False
KJ-01,kj_sv_40xx0.75-1,4382,7,7,1.4492999999999998,0.2568471465028698,0.17722151832116875,0.8693,1.5607,0.6914,67,1.5473,97.0,2,66;68,1.557;1.5601,0.012800000000000145,0.008272474633232175,False
KJ-01,kj_sv_40xx0.75-1,4385,3,3,1.5231333333333332,0.1604653960619962,0.10535216618943156,1.3379,1.6197,0.28179999999999983,67,1.6118,209.0,2,66;68,1.3379;1.6197,0.2738999999999998,0.16993423501675134,False
KJ-01,kj_sv_40xx0.75-1,4390,7,7,1.349342857142857,0.24350926647079132,0.18046507985850674,0.7991,1.4832,0.6841,69,1.4457,105.0,2,68;70,1.4405;1.4832,0.03750000000000009,0.025938991492010854,False
KJ-01,kj_sv_40xx0.75-1,4391,11,10,1.5346600000000001,0.20308720732182456,0.13233368128564277,1.1424,1.7261,0.5836999999999999,71,1.6844,120.0,2,70;72,1.5648;1.7261,0.11959999999999993,0.07100451199240082,False
KJ-01,kj_sv_40xx0.75-1,4392,5,5,1.13932,0.27127817273050187,0.23810533715769217,0.7248,1.3988,0.674,66,1.3988,79.0,1,67,1.3331,0.06570000000000009,0.046968830426079564,False
KJ-01,kj_sv_40xx0.75-1,4396,9,8,1.53845,0.021382903718358076,0.013898991659370193,1.5137,1.5621,0.0484,70,1.5621,131.0,2,69;71,1.55;1.5592,0.0121,0.0077459829716407394,False
KJ-01,kj_sv_40xx0.75-1,4404,7,6,1.9216333333333333,0.16146739196093646,0.08402611942666992,1.6839,2.1078,0.42390000000000017,72,1.9745,223.0,2,71;73,2.0142;1.6839,0.29059999999999997,0.14717650037984298,False
KJ-01,kj_sv_40xx0.75-1,4405,9,9,1.4394222222222224,0.14945428881248085,0.1038293604928156,1.1592,1.6259,0.4666999999999999,70,1.5279,108.0,2,69;71,1.3764;1.6259,0.15149999999999997,0.09915570390732376,False
KJ-01,kj_sv_40xx0.75-1,4408,5,5,1.54106,0.30229231382885013,0.19615869195803545,1.0009,1.6918,0.6909000000000001,71,1.6703,136.0,1,70,1.6557,0.014599999999999946,0.008740944740465753,False
KJ-01,kj_sv_40xx0.75-1,4411,7,7,1.7613142857142858,0.15272485530708954,0.08671073444746023,1.5188,1.9156,0.39680000000000004,71,1.7989,267.0,2,70;72,1.7252;1.9034,0.10450000000000004,0.058091055645116484,False
KJ-01,kj_sv_40xx0.75-1,4412,15,7,1.3297714285714284,0.06082230167424105,0.04573891449869875,1.1945,1.371,0.1765000000000001,76,1.3639,56.0,2,75;77,1.371;1.344,0.019899999999999807,0.014590512500916348,False
KJ-01,kj_sv_40xx0.75-1,4413,10,10,1.4389999999999998,0.2553007115801547,0.1774153659347844,0.8027,1.6153,0.8126,71,1.6055,127.0,2,70;72,1.3389;1.6115,0.26659999999999995,0.16605418872625347,False
KJ-01,kj_sv_40xx0.75-1,4418,18,18,1.5593944444444443,0.18898658051401188,0.12119228793414161,1.0612,1.7656,0.7044000000000001,71,1.564,138.0,1,70,1.5209,0.04310000000000014,0.027557544757033335,False
KJ-01,kj_sv_40xx0.75-1,4419,10,9,1.541,0.014395659067927386,0.009341764482756254,1.5137,1.5584,0.04469999999999996,71,1.5584,151.0,2,70;72,1.5499;1.5422,0.016199999999999992,0.010395277207392192,False
KJ-01,kj_sv_40xx0.75-1,4422,12,9,1.6154444444444442,0.0871327738441614,0.05393733851003871,1.5367,1.7841,0.24740000000000006,71,1.7841,112.0,2,70;72,1.567;1.6883,0.21710000000000007,0.1216860041477496,False
KJ-01,kj_sv_40xx0.75-1,4423,16,15,2.3260733333333334,0.8119704062751713,0.34907343403124486,0.8342,3.5447,2.7105,74,3.5447,230.0,2,73;75,3.1533;1.9382,1.6065000000000003,0.45321183739103454,True
KJ-01,kj_sv_40xx0.75-1,4424,12,12,1.7043000000000001,0.4438674945603392,0.2604397668018184,0.4766,2.2774,1.8008000000000002,67,1.6611,218.0,1,68,1.6341,0.026999999999999913,0.016254289326349956,False
KJ-01,kj_sv_40xx0.75-1,4425,11,11,1.5296272727272724,0.21057567803955465,0.1376646989721264,1.0928,1.8855,0.7927,71,1.6059,119.0,2,70;72,1.6162;1.5782,0.027700000000000058,0.017248894700790867,False
KJ-01,kj_sv_40xx0.75-1,4428,8,7,1.6384714285714286,0.07094057875634872,0.043296805497671266,1.5592,1.7451,0.18590000000000018,73,1.7451,191.0,1,72,1.7261,0.019000000000000128,0.010887628216148144,False
KJ-01,kj_sv_40xx0.75-1,4429,4,4,1.606875,0.08000543210724301,0.04978945599828425,1.5309,1.7119,0.18100000000000005,68,1.6238,135.0,2,67;69,1.7119;1.5609,0.08810000000000007,0.05425545017859347,False
KJ-01,kj_sv_40xx0.75-1,4430,9,9,1.5386666666666666,0.2081408057061373,0.13527348724402338,0.9995,1.6889,0.6894,71,1.6097,111.0,2,70;72,1.5275;1.6889,0.08219999999999983,0.05106541591600909,False
KJ-01,kj_sv_40xx0.75-1,4432,3,3,2.8871333333333333,1.4799620276660252,0.5126060547946147,1.2211,4.0496,2.8285,68,3.3907,309.0,1,67,4.0496,0.6589,0.19432565546937214,False
KJ-01,kj_sv_40xx0.75-1,4434,7,6,1.5624833333333334,0.03199683838548224,0.02047819500078864,1.5292,1.6003,0.07110000000000016,69,1.5847,172.0,1,70,1.5432,0.04150000000000009,0.026187922004164886,False
KJ-01,kj_sv_40xx0.75-1,4435,12,12,1.9328749999999995,0.6796901876122412,0.35164725479518405,1.0809,3.1184,2.0374999999999996,72,3.1184,227.0,2,71;73,2.9434;2.9434,0.17499999999999982,0.05611852231913796,False
KJ-01,kj_sv_40xx0.75-1,4437,3,3,1.4763666666666666,0.09797475865412138,0.06636207716293697,1.3883,1.5819,0.1936,67,1.4589,102.0,1,68,1.3883,0.0706,0.04839262458016313,False
KJ-01,kj_sv_40xx0.75-1,4438,7,7,1.3163285714285713,0.2439641347567692,0.18533680727753432,0.811,1.6055,0.7944999999999999,70,1.34,120.0,2,69;71,1.3382;1.6055,0.26549999999999985,0.19813432835820882,False
KJ-01,kj_sv_40xx0.75-1,4440,15,15,1.5761933333333333,0.09111194422770473,0.05780505620780746,1.3983,1.7301,0.3317999999999999,70,1.6314,124.0,2,69;71,1.628;1.5821,0.0492999999999999,0.03021944342282696,False
KJ-01,kj_sv_40xx0.75-1,4441,4,3,1.3437999999999999,0.26245321487838547,0.1953067531465884,1.0806,1.6055,0.5248999999999999,68,1.6055,61.0,2,67;69,1.3453;1.0806,0.5248999999999999,0.32693864839613823,True
KJ-01,kj_sv_40xx0.75-1,4442,11,9,1.4659666666666666,0.1731952943933524,0.11814408767367544,1.0774,1.6157,0.5383,72,1.6157,109.0,2,71;73,1.5333;1.4124,0.20329999999999981,0.12582781456953632,False
KJ-01,kj_sv_40xx0.75-1,4443,8,8,1.404625,0.06148534668636793,0.04377349590557475,1.3379,1.5023,0.16439999999999988,69,1.4388,148.0,2,68;70,1.3639;1.4494,0.07490000000000019,0.05205726994717833,False
KJ-01,kj_sv_40xx0.75-1,4445,9,8,1.606875,0.0403250276769013,0.025095310884108157,1.5358,1.6677,0.1318999999999999,67,1.6197,183.0,1,68,1.6214,0.0017000000000000348,0.0010495770821757331,False
KJ-01,kj_sv_40xx0.75-1,4446,4,4,1.72345,0.07147164939097649,0.041470103217950326,1.6474,1.8168,0.1694,69,1.8168,218.0,0,,,,,False
KJ-01,kj_sv_40xx0.75-1,4447,3,3,1.5670666666666666,0.3763227914082979,0.240144723522695,1.1353,1.8254,0.6900999999999999,67,1.7405,144.0,0,,,,,False
KJ-01,kj_sv_40xx0.75-1,4448,5,4,1.56275,0.02179564176618803,0.013946979213686149,1.5332,1.5836,0.0504,67,1.5836,120.0,1,68,1.5734,0.010199999999999987,0.0064410204597120406,False
KJ-01,kj_sv_40xx0.75-1,4449,4,3,1.5290333333333335,0.07660034812801658,0.05009723886203696,1.4523,1.6055,0.1532,68,1.6055,127.0,2,67;69,1.5293;1.4523,0.1532,0.09542198691996263,False
KJ-01,kj_sv_40xx0.75-1,4451,5,3,1.1234333333333335,0.10300681207247092,0.09168929656630351,1.055,1.2419,0.18690000000000007,72,1.2419,52.0,1,71,1.055,0.18690000000000007,0.1504952089540221,False
KJ-01,kj_sv_40xx0.75-1,4452,8,8,1.5649125000000002,0.14111253298090048,0.09017279431335648,1.2445,1.6869,0.4424000000000001,72,1.6869,139.0,2,71;73,1.6369;1.6472,0.050000000000000044,0.029640168356156286,False
KJ-01,kj_sv_40xx0.75-1,4453,9,9,1.5664444444444445,0.19934218138110602,0.1272577409866615,1.1733,1.8921,0.7187999999999999,71,1.7857,124.0,2,70;72,1.5422;1.6032,0.24350000000000005,0.13636109088872714,False
KJ-01,kj_sv_40xx0.75-1,4454,11,10,1.49285,0.10644490750305217,0.07130315001711637,1.338,1.6184,0.2804,72,1.6057,130.0,2,71;73,1.6056;1.5264,0.07929999999999993,0.04938656037865101,False
KJ-01,kj_sv_40xx0.75-1,4455,10,10,1.4407400000000001,0.12460482601675853,0.08648668463203528,1.2916,1.629,0.3373999999999999,74,1.6055,129.0,2,73;75,1.4757;1.3732,0.23229999999999995,0.14469012768607908,False
KJ-01,kj_sv_40xx0.75-1,4456,11,10,1.32839,0.20073726581999887,0.15111320155978206,0.9817,1.6055,0.6237999999999999,73,1.6055,97.0,2,72;74,1.6055;1.3384,0.2670999999999999,0.16636561818748047,False
KJ-01,kj_sv_40xx0.75-1,4460,9,8,1.45615,0.21534090580817597,0.14788373849409467,0.9325,1.6077,0.6751999999999999,70,1.6077,144.0,2,69;71,1.5166;1.5385,0.09109999999999996,0.05666480064688684,False
KJ-01,kj_sv_40xx0.75-1,4467,16,14,1.2750142857142859,0.11618374609704604,0.09112348575134421,0.9893,1.3614,0.3721,79,1.3473,64.0,2,78;80,1.1693;1.3379,0.17799999999999994,0.13211608401989158,False
KJ-01,kj_sv_40xx0.75-1,4469,8,7,1.427685714285714,0.18712506894740594,0.13106881092595826,1.0825,1.6092,0.5267,69,1.6092,120.0,2,68;70,1.3471;1.5102,0.2621,0.1628759632115337,False
KJ-01,kj_sv_40xx0.75-1,4471,15,13,1.5439230769230765,0.21715848342415023,0.1406536936133702,1.1147,1.8921,0.7773999999999999,75,1.8075,107.0,2,74;76,1.708;1.8921,0.09950000000000014,0.05504840940525595,False
KJ-01,kj_sv_40xx0.75-1,4472,12,10,1.5773300000000001,0.2059730082100835,0.1305833327268761,1.1032,1.8506,0.7474000000000001,73,1.6408,157.0,2,72;74,1.8506;1.6621,0.2098,0.12786445636274987,False
KJ-01,kj_sv_40xx0.75-1,4474,3,3,1.2926333333333335,0.42328458905721256,0.3274591317908243,0.8112,1.6064,0.7952,70,1.6064,130.0,1,69,1.4603,0.14610000000000012,0.09094870517928294,False
KJ-01,kj_sv_40xx0.75-1,4478,9,8,1.626425,0.17144041655505685,0.10540935890376553,1.5137,1.8921,0.37839999999999985,74,1.5137,135.0,2,73;75,1.5137;1.8921,0.37839999999999985,0.24998348417784227,False
KJ-01,kj_sv_40xx0.75-1,4479,8,8,1.5743125,0.07027776395946911,0.04464028835410321,1.4331,1.632,0.19889999999999985,74,1.6231,119.0,2,73;75,1.6251;1.632,0.008899999999999908,0.005483334360174917,False
KJ-01,kj_sv_40xx0.75-1,4480,9,9,1.7079444444444445,0.1886793583775866,0.11047160169133001,1.5137,1.8921,0.37839999999999985,74,1.8921,149.0,2,73;75,1.8921;1.5137,0.37839999999999985,0.19998942973415773,False
KJ-01,kj_sv_40xx0.75-1,4483,9,9,1.5045444444444445,0.18600621704066175,0.12362959281627925,1.1019,1.663,0.5610999999999999,69,1.6507,138.0,2,68;70,1.3705;1.5342,0.2802,0.16974616829223965,False
KJ-01,kj_sv_40xx0.75-1,4484,8,7,1.6254285714285714,0.03631105039726034,0.022339370080930072,1.5715,1.6743,0.1028,68,1.6354,189.0,1,69,1.6743,0.038899999999999935,0.02378622966858257,False
KJ-01,kj_sv_40xx0.75-1,4485,9,9,1.5897333333333332,0.22217637700709764,0.13975700977549546,1.0033,1.6918,0.6884999999999999,71,1.6918,122.0,2,70;72,1.6895;1.6897,0.0022999999999999687,0.0013594987587185062,False
KJ-01,kj_sv_40xx0.75-1,4487,10,8,1.5676375,0.04349722281775177,0.027746990498601732,1.5367,1.6686,0.13190000000000013,73,1.5569,131.0,2,72;74,1.5367;1.545,0.020199999999999996,0.012974500610186908,False
KJ-01,kj_sv_40xx0.75-1,4488,9,9,2.219911111111111,0.6741581888630523,0.30368701948864174,1.1373,3.0561,1.9187999999999998,72,3.0498,161.0,2,71;73,3.0561;2.7262,0.3235999999999999,0.10610531838153318,False
KJ-01,kj_sv_40xx0.75-1,4494,12,11,1.4724636363636363,0.21225571970021104,0.14415005875757522,1.0713,1.6211,0.5498000000000001,72,1.6057,117.0,2,71;73,1.6186;1.6062,0.012900000000000134,0.008033879304976106,False
KJ-01,kj_sv_40xx0.75-1,4496,8,6,1.37585,0.1902774474287481,0.13829810475614937,1.0631,1.5655,0.5024,68,1.4666,88.0,1,69,1.5655,0.09889999999999999,0.06743488340379107,False
KJ-01,kj_sv_40xx0.75-1,4497,7,6,1.5487,0.11272628797223827,0.0727876851373657,1.3681,1.6374,0.2692999999999999,71,1.4504,140.0,2,70;72,1.5855;1.637,0.1866000000000001,0.12865416436845015,False
KJ-01,kj_sv_40xx0.75-1,4502,13,12,1.810933333333333,0.31660460380657,0.17482951910979794,1.5137,2.6134,1.0997,73,2.6134,203.0,2,72;74,1.8921;2.132,0.7213,0.2760006122292799,True
KJ-01,kj_sv_40xx0.75-1,4504,3,3,1.6462333333333332,0.039710745816886044,0.024122185484167523,1.6209,1.692,0.07109999999999994,71,1.6209,162.0,0,,,,,False
KJ-01,kj_sv_40xx0.75-1,4508,5,4,1.78115,0.12337397078260341,0.06926646873233777,1.6197,1.8922,0.2725000000000002,69,1.8922,258.0,2,68;70,1.7516;1.8611,0.14060000000000006,0.07430504175034354,False
KJ-01,kj_sv_40xx0.75-1,4509,5,5,1.39926,0.10385190417127654,0.07421916167922799,1.3386,1.5839,0.24530000000000007,72,1.5839,128.0,1,71,1.3492,0.23470000000000013,0.14817854662541835,False
KJ-01,kj_sv_40xx0.75-1,4511,5,5,1.58284,0.02130957531252095,0.013462873892826155,1.5643,1.6161,0.05180000000000007,69,1.5643,138.0,2,68;70,1.5693;1.6161,0.05180000000000007,0.033113852841526605,False
KJ-01,kj_sv_40xx0.75-1,4513,11,10,2.23706,0.5413820363969729,0.24200604203596368,1.1353,2.6818,1.5465,73,2.6818,215.0,2,72;74,2.5889;2.6489,0.09289999999999976,0.03464091281974784,False
KJ-01,kj_sv_40xx0.75-1,4516,9,9,1.5853222222222223,0.09284280771521532,0.05856399816629902,1.3938,1.662,0.2682,71,1.6574,140.0,2,70;72,1.6093;1.662,0.04810000000000003,0.029021358754676017,False
KJ-01,kj_sv_40xx0.75-1,4517,9,8,1.5921375,0.12587994209336362,0.07906348672357985,1.2987,1.6918,0.3931,72,1.6918,138.0,2,71;73,1.611;1.6232,0.08079999999999998,0.0477597824801986,False
KJ-01,kj_sv_40xx0.75-1,4519,4,4,1.6736499999999999,0.1363000000000001,0.08143877154721722,1.6055,1.8781,0.2726000000000002,70,1.6055,203.0,1,69,1.6055,0.0,0.0,False
KJ-01,kj_sv_40xx0.75-1,4520,16,15,1.4385666666666668,0.12494169878482558,0.08685151802824032,1.1671,1.6072,0.44009999999999994,81,1.4594,143.0,1,80,1.3751,0.08430000000000004,0.05776346443744007,False
KJ-01,kj_sv_40xx0.75-1,4521,6,5,1.5807,0.018295081306187243,0.011574037645465454,1.5603,1.602,0.04170000000000007,69,1.5864,138.0,2,68;70,1.602;1.563,0.023400000000000087,0.014750378214826077,False
KJ-01,kj_sv_40xx0.75-1,4522,7,7,1.4765857142857144,0.14746258766854994,0.09986727234448675,1.1456,1.5559,0.4103000000000001,69,1.5474,264.0,2,68;70,1.5055;1.5559,0.04190000000000005,0.02707767868682955,False
KJ-01,kj_sv_40xx0.75-1,4524,5,4,1.5444,0.021498837177856882,0.013920510993173324,1.5167,1.5623,0.045600000000000085,68,1.5623,225.0,1,69,1.5167,0.045600000000000085,0.029187736030211922,False
KJ-01,kj_sv_40xx0.75-1,4527,9,8,1.359725,0.03674451368183129,0.027023489074504983,1.3379,1.4493,0.11139999999999994,70,1.3506,122.0,2,69;71,1.3396;1.3568,0.01100000000000012,0.008144528357767009,False
KJ-01,kj_sv_40xx0.75-1,4528,3,3,1.4501333333333335,0.09301232893188592,0.06414053576582791,1.3512,1.5358,0.1846000000000001,69,1.4634,207.0,2,68;70,1.5358;1.3512,0.11220000000000008,0.07667076670766713,False
KJ-01,kj_sv_40xx0.75-1,4530,9,9,1.4805666666666666,0.09222259755613045,0.06228871663290888,1.35,1.6356,0.28559999999999985,72,1.6356,134.0,2,71;73,1.573;1.4662,0.1694,0.10357055514795793,False
KJ-01,kj_sv_40xx0.75-1,4531,6,6,1.4728,0.20394210943304475,0.138472371967032,1.0853,1.6299,0.5446,68,1.5918,117.0,1,69,1.6055,0.013699999999999823,0.008606608870461002,False
KJ-01,kj_sv_40xx0.75-1,4532,7,7,1.6958571428571427,0.1776129392540875,0.1047334322953932,1.5156,1.8921,0.37649999999999983,70,1.8612,195.0,2,69;71,1.8921;1.6271,0.23409999999999997,0.12577906726842897,False
KJ-01,kj_sv_40xx0.75-1,4533,8,8,1.6185999999999998,0.05118239094510088,0.03162139561664456,1.5601,1.6933,0.13319999999999999,68,1.5613,157.0,1,69,1.6805,0.1192000000000002,0.07634663421507731,False
KJ-01,kj_sv_40xx0.75-1,4535,7,6,1.5538999999999998,0.10278200231558048,0.06614454103583274,1.3486,1.6057,0.2570999999999999,71,1.6055,108.0,2,70;72,1.6055;1.3486,0.2568999999999999,0.16001245717844903,False
KJ-01,kj_sv_40xx0.75-1,4538,11,10,1.47349,0.1710921808071115,0.11611356765713476,1.2012,1.6615,0.46029999999999993,73,1.5857,107.0,2,72;74,1.5891;1.5865,0.0033999999999998476,0.002144163460931984,False
KJ-01,kj_sv_40xx0.75-1,4539,12,12,1.4132916666666666,0.27286597595400813,0.19307124098281775,0.6143,1.6289,1.0146000000000002,76,1.6093,94.0,2,75;77,1.5615;1.6289,0.04779999999999984,0.02970235506120664,False
KJ-01,kj_sv_40xx0.75-1,4541,8,6,1.5583166666666666,0.03755680586347387,0.024100881846954858,1.5106,1.6176,0.10699999999999998,70,1.6176,245.0,1,71,1.5354,0.08219999999999983,0.0508160237388723,False
KJ-01,kj_sv_40xx0.75-1,4545,5,5,1.51684,0.06595675098123016,0.04348299819442404,1.4338,1.5879,0.15410000000000013,72,1.5879,135.0,2,71;73,1.567;1.531,0.05690000000000017,0.035833490773978315,False
KJ-01,kj_sv_40xx0.75-1,4547,8,8,1.5874625,0.14858809736506964,0.0936010125373479,1.3379,1.8127,0.4747999999999999,76,1.6337,191.0,1,75,1.8127,0.17900000000000005,0.10956724000734533,False
KJ-01,kj_sv_40xx0.75-1,4548,9,9,1.5293888888888887,0.14129794269949977,0.09238849825968964,1.1702,1.6668,0.49660000000000015,71,1.5568,133.0,2,70;72,1.5395;1.5547,0.01729999999999987,0.011112538540596012,False
KJ-01,kj_sv_40xx0.75-1,4551,9,9,1.4649666666666665,0.1858631754813201,0.12687194849574743,1.0901,1.6069,0.5167999999999999,72,1.6069,112.0,1,71,1.6056,0.0013000000000000789,0.0008090111394611232,False
KJ-01,kj_sv_40xx0.75-1,4553,4,4,1.602575,0.2533121970349368,0.15806573610279506,1.2632,1.8768,0.6135999999999999,73,1.8768,262.0,1,72,1.6366,0.24019999999999997,0.12798380221653877,False
KJ-01,kj_sv_40xx0.75-1,4554,4,4,1.5252499999999998,0.2038619549270208,0.13365805928668797,1.2197,1.637,0.4173,69,1.637,106.0,1,70,1.6272,0.009800000000000031,0.0059865607819181614,False
KJ-01,kj_sv_40xx0.75-1,4555,9,8,1.7046999999999999,0.17630210273440142,0.10342119008294798,1.5137,1.8922,0.37850000000000006,76,1.8921,259.0,1,75,1.6415,0.25059999999999993,0.13244543100258968,False
KJ-01,kj_sv_40xx0.75-1,4556,6,6,1.746833333333333,0.11959487725929845,0.06846381676899063,1.6153,1.8921,0.27679999999999993,69,1.8921,285.0,1,70,1.6153,0.27679999999999993,0.14629247925585326,False
KJ-01,kj_sv_40xx0.75-1,4560,8,8,1.5795625000000002,0.09605693159341941,0.060812365191892946,1.3465,1.6316,0.2850999999999999,72,1.625,133.0,2,71;73,1.6316;1.6214,0.006599999999999939,0.004061538461538424,False
KJ-01,kj_sv_40xx0.75-1,4566,5,5,1.74484,0.14283964085645132,0.0818640338692667,1.514,1.8921,0.3780999999999999,69,1.7532,177.0,1,70,1.7392,0.014000000000000012,0.007985398129135303,False
KJ-01,kj_sv_40xx0.75-1,4568,6,6,1.6534166666666665,0.28429499761104954,0.17194395299292348,1.1389,1.882,0.7430999999999999,75,1.882,198.0,1,74,1.8666,0.015399999999999858,0.008182784272050934,False
KJ-01,kj_sv_40xx0.75-1,4569,6,6,1.6677166666666665,0.09706551224130358,0.05820263968178263,1.5505,1.8355,0.2849999999999999,72,1.6903,133.0,2,71;73,1.6322;1.8355,0.1452,0.08590191090338993,False
KJ-01,kj_sv_40xx0.75-1,4570,7,7,1.5629714285714285,0.0438697205479176,0.02806815258805784,1.4825,1.6266,0.14410000000000012,75,1.4825,178.0,1,74,1.5563,0.07380000000000009,0.049780775716694835,False
KJ-01,kj_sv_40xx0.75-1,4571,9,7,1.7468857142857142,0.13997352640852512,0.08012746641857967,1.5376,1.8921,0.3544999999999998,74,1.8682,263.0,2,73;75,1.7626;1.728,0.1402000000000001,0.0750454983406488,False
KJ-01,kj_sv_40xx0.75-1,4573,3,3,2.5164,1.0979898542336353,0.4363335933212666,1.8728,3.7842,1.9113999999999998,70,3.7842,198.0,2,69;71,1.8922;1.8728,1.9113999999999998,0.5051001532688547,True
KJ-01,kj_sv_40xx0.75-1,4581,4,4,1.6853500000000001,0.10622367909275221,0.06302766730516048,1.5485,1.7956,0.2471000000000001,72,1.7956,205.0,1,71,1.7348,0.06080000000000019,0.03386054800623757,False
KJ-01,kj_sv_40xx0.75-1,4583,16,16,1.6685249999999998,0.05610440862059472,0.033625153126620656,1.5077,1.7198,0.21209999999999996,72,1.6921,147.0,2,71;73,1.6863;1.6918,0.005800000000000027,0.0034276933987353155,False
KJ-01,kj_sv_40xx0.75-1,4586,9,9,1.8674666666666664,0.3274515994769303,0.1753453517119076,1.5137,2.6489,1.1351999999999998,72,1.7587,254.0,2,71;73,1.7603;1.5572,0.2015,0.11457326434298062,False
KJ-01,kj_sv_40xx0.75-1,4588,11,10,1.3220100000000001,0.04635976344489547,0.035067634469403,1.2212,1.3562,0.135,74,1.3427,100.0,2,73;75,1.3381;1.3379,0.0047999999999999154,0.00357488642287921,False
KJ-01,kj_sv_40xx0.75-1,4589,5,5,1.5896000000000001,0.05741733187810105,0.03612061643061213,1.5601,1.6917,0.13159999999999994,73,1.6917,149.0,1,72,1.5605,0.13119999999999998,0.07755512206656026,False
KJ-01,kj_sv_40xx0.75-1,4590,7,7,1.6989857142857143,0.45181874473646855,0.2659343989401475,1.2144,2.6282,1.4138000000000002,75,2.6282,253.0,1,74,1.8648,0.7634000000000001,0.2904649570047942,True
KJ-01,kj_sv_40xx0.75-1,4592,4,4,1.52405,0.12711182740668409,0.08340397454590341,1.3379,1.6056,0.2676999999999998,72,1.6056,223.0,1,71,1.5472,0.05840000000000001,0.03637269556552068,False
KJ-01,kj_sv_40xx0.75-1,4596,17,17,1.5871764705882352,0.21205633546716945,0.13360602264257213,0.9392,1.9504,1.0111999999999999,75,1.9504,150.0,2,74;76,1.885;1.639,0.3113999999999999,0.15965955701394582,False
KJ-01,kj_sv_40xx0.75-1,4597,8,6,3.1438,0.1838185953596643,0.058470193829017206,2.8007,3.3419,0.5411999999999999,72,3.1903,236.0,1,71,3.1229,0.06740000000000013,0.021126539823841058,False
KJ-01,kj_sv_40xx0.75-1,4602,9,9,1.3782333333333332,0.14030982681195212,0.10180411648628834,1.1234,1.6286,0.5052000000000001,73,1.4563,128.0,2,72;74,1.4096;1.4182,0.046699999999999964,0.032067568495502276,False
KJ-01,kj_sv_40xx0.75-1,4604,14,12,1.0579416666666668,0.13603554654663766,0.12858511091188485,0.8606,1.2567,0.3960999999999999,77,1.0825,74.0,2,76;78,0.8606;0.9163,0.2219,0.20498845265588914,False
KJ-01,kj_sv_40xx0.75-1,4605,8,8,1.63,0.08911124668477195,0.054669476493725125,1.4329,1.7155,0.28259999999999996,75,1.7043,135.0,2,74;76,1.6758;1.7155,0.02849999999999997,0.016722408026755835,False
KJ-01,kj_sv_40xx0.75-1,4611,7,7,1.4861142857142855,0.2895958530352914,0.19486782128340832,0.8484,1.6498,0.8013999999999999,71,1.6107,110.0,2,70;72,1.5704;1.6247,0.0403,0.025020177562550445,False
KJ-01,kj_sv_40xx0.75-1,4612,3,3,1.5340666666666667,0.1487266060035437,0.09694924558051174,1.3631,1.6336,0.27049999999999996,70,1.6055,116.0,1,71,1.6336,0.028100000000000014,0.017502335720959213,False
KJ-01,kj_sv_40xx0.75-1,4613,11,10,1.5137800000000001,0.1408350003846108,0.09303531582172495,1.1585,1.6591,0.5005999999999999,76,1.6055,102.0,2,75;77,1.5289;1.4546,0.15090000000000003,0.0939894113983183,False
KJ-01,kj_sv_40xx0.75-1,4615,15,15,1.4097333333333333,0.37761773503044566,0.26786465645780216,0.5509,2.1051,1.5542000000000002,76,2.1051,200.0,2,75;77,1.6059;1.8206,0.4992000000000001,0.2371383782243124,False
KJ-01,kj_sv_40xx0.75-1,4618,8,8,1.4453624999999999,0.13358353125078165,0.09242216485537826,1.3379,1.6063,0.26839999999999997,72,1.6063,129.0,2,71;73,1.3379;1.3804,0.26839999999999997,0.1670920749548652,False
KJ-01,kj_sv_40xx0.75-1,4619,9,7,1.3362999999999998,0.23379324198958362,0.17495565515945793,0.9751,1.5184,0.5433,75,1.5184,71.0,2,74;76,1.1747;1.5164,0.3436999999999999,0.22635669125395147,False
KJ-01,kj_sv_40xx0.75-1,4620,3,3,1.6682333333333332,0.0485135376295455,0.029080786638287313,1.625,1.7207,0.0956999999999999,70,1.7207,245.0,1,71,1.659,0.061699999999999866,0.03585749985471021,False
KJ-01,kj_sv_40xx0.75-1,4621,8,8,1.6780249999999999,0.13052661195546073,0.07778585656081449,1.5391,1.8921,0.353,77,1.6233,227.0,1,76,1.8921,0.26879999999999993,0.1655886157826649,False
KJ-01,kj_sv_40xx0.75-1,4622,18,17,1.6149411764705883,0.08943404733953064,0.05537913618314347,1.3379,1.7171,0.3792,80,1.6055,161.0,2,79;81,1.6303;1.6228,0.024800000000000155,0.015446901276860889,False
KJ-01,kj_sv_40xx0.75-1,4624,6,5,0.93018,0.2463705278640284,0.2648632822292765,0.7574,1.3409,0.5835,75,1.3409,50.0,1,74,0.7911,0.5498,0.4100231188008054,True
KJ-01,kj_sv_40xx0.75-1,4626,7,7,1.7168428571428571,0.127401070863407,0.07420659982558092,1.5146,1.8677,0.35309999999999997,71,1.8149,178.0,2,70;72,1.6871;1.8677,0.1277999999999999,0.07041710287068154,False
KJ-01,kj_sv_40xx0.75-1,4628,5,5,1.74144,0.1021112040865252,0.05863607364395282,1.6445,1.8965,0.252,72,1.7601,246.0,2,71;73,1.6532;1.8965,0.13640000000000008,0.07749559684108862,False
KJ-01,kj_sv_40xx0.75-1,4631,5,5,1.6084600000000002,0.06715964562145929,0.04175400421611932,1.5019,1.6884,0.1864999999999999,70,1.6114,135.0,1,71,1.6184,0.007000000000000117,0.004344048653344991,False
KJ-01,kj_sv_40xx0.75-1,4632,8,8,1.5292,0.19465414017100768,0.12729148585600816,1.0815,1.6872,0.6057000000000001,72,1.6872,133.0,2,71;73,1.485;1.4938,0.20219999999999994,0.11984352773826454,False
KJ-01,kj_sv_40xx0.75-1,4633,6,6,1.51725,0.20987456015439318,0.13832562870614148,1.1353,1.767,0.6316999999999999,72,1.767,137.0,2,71;73,1.5137;1.6225,0.25329999999999986,0.14335031126202596,False
KJ-01,kj_sv_40xx0.75-1,4635,8,8,1.58495,0.06594933119990136,0.04160972346124569,1.5415,1.7367,0.19519999999999982,72,1.7367,139.0,2,71;73,1.5646;1.5471,0.1896,0.10917256866470892,False
KJ-01,kj_sv_40xx0.75-1,4637,9,9,1.6376999999999997,0.13010614897075387,0.07944443363909989,1.4919,1.8921,0.4001999999999999,70,1.8921,136.0,1,71,1.6674,0.2246999999999999,0.11875693673695889,False
KJ-01,kj_sv_40xx0.75-1,4638,9,9,1.3770555555555555,0.34391845003979904,0.24974914675904236,0.6644,1.692,1.0276,76,1.692,129.0,2,75;77,1.5934;1.5346,0.15739999999999998,0.09302600472813238,False
KJ-01,kj_sv_40xx0.75-1,4641,8,8,1.6576875000000002,0.0965611196156536,0.05825049631830703,1.5194,1.8071,0.28769999999999984,74,1.6671,144.0,2,73;75,1.6285;1.6898,0.03859999999999997,0.023153979965209025,False
KJ-01,kj_sv_40xx0.75-1,4643,3,3,1.4609666666666665,0.2262505101283383,0.15486356758881448,1.2019,1.6197,0.41779999999999995,72,1.6197,111.0,1,71,1.5613,0.05840000000000001,0.03605605976415386,False
KJ-01,kj_sv_40xx0.75-1,4646,9,9,1.563588888888889,0.1916167558203382,0.12254932046524335,1.0631,1.682,0.6189,76,1.682,138.0,2,75;77,1.6259;1.6476,0.05610000000000004,0.03335315101070157,False
KJ-01,kj_sv_40xx0.75-1,4647,4,4,1.6324,0.10042585988346502,0.061520374836722014,1.5468,1.7754,0.22860000000000014,72,1.6241,225.0,1,71,1.7754,0.1513,0.09315928822116863,False
KJ-01,kj_sv_40xx0.75-1,4649,8,8,1.4623625,0.11813818709460545,0.0807858428362362,1.3389,1.6055,0.26659999999999995,72,1.6055,121.0,2,71;73,1.6055;1.5033,0.10219999999999985,0.06365618187480526,False
KJ-01,kj_sv_40xx0.75-1,4651,10,10,1.52323,0.227772654928842,0.14953267394211117,0.9782,1.6904,0.7121999999999999,74,1.6271,128.0,2,73;75,1.6722;1.5671,0.06000000000000005,0.036875422530883196,False
KJ-01,kj_sv_40xx0.75-1,4652,9,8,1.5639374999999998,0.08256121430273936,0.05279060979274387,1.4104,1.6607,0.25029999999999997,71,1.5372,144.0,2,70;72,1.5727;1.634,0.0968,0.06297163674212855,False
KJ-01,kj_sv_40xx0.75-1,4654,6,5,1.57304,0.0939683084874895,0.05973675716287538,1.4386,1.6922,0.2535999999999998,70,1.5347,130.0,1,71,1.5915,0.05679999999999996,0.03701049064963834,False
KJ-01,kj_sv_40xx0.75-1,4657,9,8,1.5022875,0.28393917576782934,0.18900455190356663,0.8326,1.7019,0.8693,76,1.7019,135.0,2,75;77,1.6064;1.5929,0.10899999999999999,0.06404606616134907,False
KJ-01,kj_sv_40xx0.75-1,4658,10,10,1.31732,0.10195893290928461,0.07739875877484939,1.0748,1.4763,0.40149999999999997,74,1.338,102.0,2,73;75,1.3382;1.3385,0.0004999999999999449,0.000373692077727911,False
KJ-01,kj_sv_40xx0.75-1,4660,17,16,1.6154625,0.10903711829770019,0.06749591420271296,1.434,1.8516,0.41759999999999997,84,1.8516,142.0,2,83;85,1.8111;1.7508,0.1008,0.054439403758911216,False
KJ-01,kj_sv_40xx0.75-1,4664,8,8,1.50185,0.11301063161111372,0.07524761568140209,1.3622,1.6182,0.256,75,1.3891,204.0,2,74;76,1.6023;1.3684,0.21320000000000006,0.15348067093801745,False
KJ-01,kj_sv_40xx0.75-1,4666,10,9,1.518377777777778,0.012076193292774188,0.0079533522352048,1.5137,1.5502,0.03649999999999998,77,1.5502,123.0,2,76;78,1.5137;1.5137,0.03649999999999998,0.02354534898722744,False
KJ-01,kj_sv_40xx0.75-1,4667,7,6,1.3077166666666666,0.0856626036649988,0.06550547672023664,1.1331,1.3516,0.21849999999999992,73,1.3396,112.0,2,72;74,1.3406;1.3406,0.001000000000000112,0.0007464914899970976,False
KJ-01,kj_sv_40xx0.75-1,4674,10,10,1.52077,0.11515335716628794,0.07572042923406429,1.3432,1.6603,0.31710000000000016,77,1.6571,129.0,2,76;78,1.5865;1.6603,0.0706,0.04260455011767546,False
KJ-01,kj_sv_40xx0.75-1,4675,5,5,1.50662,0.084129109112126,0.055839633824140124,1.3651,1.5769,0.2118,73,1.539,179.0,0,,,,,False
KJ-01,kj_sv_40xx0.75-1,4677,10,10,1.49398,0.13688900450933067,0.09162706629896696,1.3126,1.6357,0.32309999999999994,74,1.5204,103.0,1,75,1.627,0.10660000000000003,0.07011312812417787,False
KJ-01,kj_sv_40xx0.75-1,4679,8,8,1.4050500000000001,0.09506352763133866,0.0676584659843697,1.3426,1.5668,0.22419999999999995,77,1.5668,118.0,2,76;78,1.5498;1.349,0.2178,0.13900944600459536,False
KJ-01,kj_sv_40xx0.75-1,4680,9,8,1.6843374999999998,0.16497522703640777,0.09794665679319482,1.4801,1.9899,0.5098,79,1.879,119.0,1,78,1.9899,0.1109,0.059020755721128255,False
KJ-01,kj_sv_40xx0.75-1,4683,8,7,1.4400571428571427,0.13011154006137518,0.09035165077076568,1.3379,1.6055,0.26759999999999984,78,1.6055,176.0,1,77,1.3406,0.2648999999999999,0.16499532855808155,False
KJ-01,kj_sv_40xx0.75-1,4685,15,14,1.6002499999999995,0.14178420086661497,0.08860128159138574,1.2791,1.844,0.5649000000000002,79,1.844,153.0,2,78;80,1.6055;1.6216,0.23850000000000016,0.12933839479392634,False
KJ-01,kj_sv_40xx0.75-1,4686,8,7,1.3626571428571428,0.2176766398211106,0.159744247452223,0.9468,1.6055,0.6587,77,1.5672,104.0,2,76;78,1.4378;1.6055,0.12939999999999996,0.0825676365492598,False
KJ-01,kj_sv_40xx0.75-1,4687,7,7,1.4664714285714286,0.1162546588928191,0.0792750930074848,1.3471,1.6365,0.2894000000000001,77,1.6228,146.0,1,76,1.3737,0.2491000000000001,0.15350012324377624,False
KJ-01,kj_sv_40xx0.75-1,4688,6,5,1.5625400000000003,0.11411688306293685,0.07303293551713033,1.3589,1.6245,0.26560000000000006,71,1.6245,117.0,1,72,1.604,0.020499999999999963,0.012619267466912873,False
KJ-01,kj_sv_40xx0.75-1,4690,9,8,1.7652125,0.11816890378364589,0.06694316054505953,1.5923,1.8941,0.30179999999999985,77,1.8929,205.0,2,76;78,1.8941;1.6367,0.2562,0.13534787891594907,False
KJ-01,kj_sv_40xx0.75-1,4691,7,6,2.2012500000000004,0.16802670918636717,0.07633240621754328,1.9444,2.3834,0.43900000000000006,76,2.3834,227.0,2,75;77,2.2868;2.2504,0.133,0.055802634891331714,False
KJ-01,kj_sv_40xx0.75-1,4694,5,5,1.97868,0.8616225838497968,0.43545322328511776,1.4323,3.5068,2.0745000000000005,73,3.5068,221.0,2,72;74,1.5528;1.7045,1.9540000000000002,0.5572031481692712,True
KJ-01,kj_sv_40xx0.75-1,4697,13,12,1.8146916666666666,0.42980440468645587,0.23684707026618254,1.1364,2.6489,1.5124999999999997,83,2.6489,234.0,1,82,2.2276,0.4213,0.15904715164785385,False
KJ-01,kj_sv_40xx0.75-1,4702,9,9,1.3668333333333331,0.18466233373376392,0.13510230488996267,1.1134,1.5137,0.4003000000000001,79,1.3318,132.0,1,78,1.1369,0.19490000000000007,0.1463432947890074,False
KJ-01,kj_sv_40xx0.75-1,4705,6,6,1.7464333333333333,0.20404096320755463,0.1168329528033638,1.5272,2.0223,0.4951000000000001,71,2.0223,179.0,1,72,1.8858,0.13650000000000007,0.06749740394600211,False
KJ-01,kj_sv_40xx0.75-1,4709,6,6,1.8771166666666665,0.37725715058387777,0.2009769330181277,1.5168,2.4684,0.9516,75,2.4684,340.0,2,74;76,1.8929;2.1679,0.5754999999999999,0.23314697779938418,True
KJ-01,kj_sv_40xx0.75-1,4710,3,3,1.3535333333333333,0.6347846747782537,0.4689834074606613,0.6537,1.8922,1.2385000000000002,71,1.8922,93.0,1,72,1.5147,0.37750000000000017,0.1995032237607019,False
KJ-01,kj_sv_40xx0.75-1,4712,9,9,1.6610777777777779,0.05361629364702902,0.03227801513229437,1.5568,1.727,0.17020000000000013,79,1.6652,149.0,2,78;80,1.6409;1.5568,0.10840000000000005,0.06509728561133801,False
KJ-01,kj_sv_40xx0.75-1,4714,11,11,1.5263363636363636,0.23637071422969166,0.15486148391731885,0.8603,1.6909,0.8306000000000001,77,1.6909,119.0,2,76;78,1.5512;1.6908,0.13970000000000016,0.08261872375657943,False
KJ-01,kj_sv_40xx0.75-1,4717,8,8,1.4153,0.09848324005346577,0.06958470999326345,1.3399,1.6118,0.2718999999999998,72,1.3516,160.0,2,71;73,1.347;1.3399,0.011699999999999822,0.008656407221071192,False
KJ-01,kj_sv_40xx0.75-1,4719,6,5,1.6229400000000003,0.04406118473214265,0.02714899178783112,1.5748,1.6894,0.11460000000000004,72,1.6256,84.0,2,71;73,1.5748;1.6325,0.050799999999999956,0.031249999999999976,False
KJ-01,kj_sv_40xx0.75-1,4725,9,8,1.5519500000000002,0.11033463385796607,0.07109419366472249,1.3367,1.6707,0.3340000000000001,75,1.6387,137.0,2,74;76,1.5347;1.6707,0.10400000000000009,0.06346494172209684,False
KJ-01,kj_sv_40xx0.75-1,4727,10,9,1.6019444444444444,0.058697361761648005,0.03664132171699893,1.5435,1.7001,0.15659999999999985,76,1.5603,130.0,2,75;77,1.5639;1.5613,0.0036000000000000476,0.002307248606037331,False
KJ-01,kj_sv_40xx0.75-1,4728,12,12,1.47285,0.18567919303808042,0.12606795874534435,0.8945,1.6396,0.7451,76,1.5137,130.0,2,75;77,1.5137;1.5137,0.0,0.0,False
KJ-01,kj_sv_40xx0.75-1,4729,5,5,1.4998799999999999,0.14476935794566473,0.09652062694726561,1.3394,1.6058,0.26639999999999997,71,1.3394,143.0,1,72,1.6058,0.26639999999999997,0.19889502762430938,False
KJ-01,kj_sv_40xx0.75-1,4731,7,6,1.2786,0.23646483036595525,0.18494042731577917,0.8027,1.4385,0.6357999999999999,74,1.4006,125.0,2,73;75,1.3513;1.3405,0.06010000000000004,0.04291018135084967,False
KJ-01,kj_sv_40xx0.75-1,4733,15,12,1.2474166666666666,0.2278347959430786,0.18264530371547485,0.8932,1.5158,0.6226,81,1.5137,93.0,2,80;82,1.5137;1.5158,0.0020999999999999908,0.0013873290612406624,False
KJ-01,kj_sv_40xx0.75-1,4735,11,9,1.3330333333333333,0.255214586181903,0.19145401679020507,0.8394,1.5757,0.7363000000000001,76,1.4988,90.0,2,75;77,1.4627;1.447,0.051799999999999846,0.03456098211902846,False
KJ-01,kj_sv_40xx0.75-1,4748,11,11,1.7011545454545456,0.19985894707836505,0.11748429771556297,1.5409,2.0976,0.5567,79,1.8921,164.0,2,78;80,1.6004;1.7948,0.29169999999999985,0.15416732730828173,False
KJ-01,kj_sv_40xx0.75-1,4750,14,11,1.5565363636363636,0.2525249265824159,0.16223516037394067,1.1385,1.8927,0.7542,80,1.8927,92.0,2,79;81,1.5564;1.8921,0.33630000000000004,0.17768267554287528,False
KJ-01,kj_sv_40xx0.75-1,4751,5,3,1.1315,0.2656940157399108,0.23481574524075194,0.8609,1.392,0.5310999999999999,76,1.392,61.0,1,75,1.1416,0.25039999999999996,0.17988505747126435,False
KJ-01,kj_sv_40xx0.75-1,4754,14,14,1.5602714285714288,0.1878740839726742,0.12041115445194693,1.3381,1.8922,0.5541,80,1.5391,214.0,2,79;81,1.8285;1.3484,0.2894000000000001,0.18803196673380554,False
KJ-01,kj_sv_40xx0.75-1,4755,13,12,1.5547916666666666,0.09363671053922204,0.06022460278551063,1.3379,1.6536,0.31569999999999987,78,1.5589,241.0,2,77;79,1.5523;1.3995,0.1594,0.10225158765796394,False
KJ-01,kj_sv_40xx0.75-1,4762,9,9,1.8205555555555553,0.282385494984742,0.15510951814846985,1.6235,2.4209,0.7974000000000001,75,1.8533,239.0,2,74;76,1.6558;1.6235,0.2298,0.12399503588194033,False
KJ-01,kj_sv_40xx0.75-1,4763,4,4,1.567,0.005879342366852426,0.003751973431303399,1.5618,1.5751,0.013299999999999867,76,1.5618,139.0,1,75,1.5637,0.0019000000000000128,0.0012165450121654582,False
KJ-01,kj_sv_40xx0.75-1,4764,7,7,1.5949571428571427,0.03036362171760016,0.019037264953218728,1.5296,1.6219,0.09229999999999983,77,1.6076,140.0,2,76;78,1.6056;1.6219,0.01429999999999998,0.008895247574023376,False
KJ-01,kj_sv_40xx0.75-1,4765,3,3,1.6178333333333335,0.013229638443031386,0.008177380308868684,1.6068,1.6325,0.025700000000000056,72,1.6142,190.0,1,73,1.6325,0.018299999999999983,0.011336885144343936,False
KJ-01,kj_sv_40xx0.75-1,4766,9,8,1.6211000000000002,0.04420138976483498,0.02726629434632964,1.5164,1.6648,0.1484000000000001,81,1.6268,134.0,1,80,1.5164,0.11040000000000005,0.067863289894271,False
KJ-01,kj_sv_40xx0.75-1,4769,11,10,1.50369,0.18385451041516496,0.12226889213545675,1.085,1.6905,0.6054999999999999,78,1.6655,109.0,2,77;79,1.536;1.4586,0.20690000000000008,0.1242269588712099,False
KJ-01,kj_sv_40xx0.75-1,4772,15,15,1.47308,0.1377060492498423,0.09348171806680039,1.2418,1.6276,0.3857999999999999,81,1.6276,211.0,2,80;82,1.5406;1.6266,0.08699999999999997,0.05345293683951829,False
KJ-01,kj_sv_40xx0.75-1,4775,8,8,1.5134375,0.17530057401503285,0.11582941087096947,1.0954,1.6374,0.542,77,1.6203,226.0,1,76,1.5951,0.02520000000000011,0.015552675430475905,False
KJ-01,kj_sv_40xx0.75-1,4778,5,5,1.8868399999999999,0.12217427306925138,0.06475073300823143,1.6696,1.9541,0.2845,77,1.9431,363.0,1,76,1.919,0.02410000000000001,0.012402861407030008,False
KJ-01,kj_sv_40xx0.75-1,4779,10,10,1.3967899999999998,0.34164764971466666,0.24459485657447913,0.7032,1.6881,0.9848999999999999,77,1.6042,126.0,2,76;78,1.5864;1.6299,0.025699999999999834,0.016020446328387877,False
KJ-01,kj_sv_40xx0.75-1,4780,6,6,1.7218,0.17959251654787844,0.10430509730972148,1.5534,1.9404,0.387,78,1.9404,180.0,1,77,1.5613,0.3791,0.1953720882292311,False
KJ-01,kj_sv_40xx0.75-1,4781,4,4,1.404425,0.4373047783487698,0.31137638417770247,0.7568,1.6993,0.9425,72,1.6314,105.0,1,73,1.6993,0.06790000000000007,0.041620693882554904,False
KJ-01,kj_sv_40xx0.75-1,4782,9,9,1.581677777777778,0.185261678294364,0.11712984837825345,1.3422,1.8921,0.5498999999999998,78,1.5138,119.0,2,77;79,1.5137;1.5311,0.01729999999999987,0.011428193949002425,False
KJ-01,kj_sv_40xx0.75-1,4785,6,5,1.5925799999999999,0.03787224577444541,0.023780435378094295,1.5256,1.6132,0.0875999999999999,72,1.5995,165.0,1,73,1.6125,0.013000000000000123,0.008127539856205141,False
KJ-01,kj_sv_40xx0.75-1,4786,12,11,1.4619454545454544,0.20727416319279335,0.14177968305749045,1.0843,1.6117,0.5273999999999999,77,1.6065,119.0,2,76;78,1.6087;1.6055,0.0021999999999999797,0.001369436663554298,False
KJ-01,kj_sv_40xx0.75-1,4788,4,4,1.5629750000000002,0.04418826201606032,0.028271893034796023,1.5383,1.6292,0.09089999999999998,73,1.6292,127.0,2,72;74,1.5422;1.5422,0.08699999999999997,0.05340044193469185,False
KJ-01,kj_sv_40xx0.75-1,4794,10,10,2.52004,1.110997313928146,0.44086495211510374,1.6057,4.5859,2.9802,77,3.5492,351.0,2,76;78,4.5859;3.211,1.0366999999999997,0.29209399301250977,True
KJ-01,kj_sv_40xx0.75-1,4799,6,5,1.67494,0.030193260837478263,0.01802647309006786,1.6281,1.7072,0.07909999999999995,73,1.6803,117.0,2,72;74,1.7072;1.6665,0.026900000000000146,0.016009046003689905,False
KJ-01,kj_sv_40xx0.75-1,4802,3,3,1.6275666666666666,0.03224598166180301,0.019812387610422314,1.6087,1.6648,0.05610000000000004,74,1.6648,173.0,1,73,1.6092,0.055600000000000094,0.03339740509370501,False
KJ-01,kj_sv_40xx0.75-1,4803,9,8,1.61725,0.11881284201874574,0.07346597125907914,1.5407,1.8751,0.33440000000000003,76,1.5603,129.0,2,75;77,1.5713;1.5569,0.010999999999999899,0.00704992629622502,False
KJ-01,kj_sv_40xx0.75-1,4805,6,6,1.2984,0.10624074547931218,0.08182435726995702,1.0817,1.3489,0.2671999999999999,74,1.3379,112.0,2,73;75,1.3379;1.3434,0.005499999999999838,0.004110920098661961,False
KJ-01,kj_sv_40xx0.75-1,4806,3,3,1.7740666666666665,0.2258058974724383,0.1272815174960195,1.5137,1.9163,0.40259999999999985,73,1.8922,120.0,1,72,1.5137,0.37850000000000006,0.20003170912165735,False
KJ-01,kj_sv_40xx0.75-1,4807,9,9,1.5934333333333333,0.08678840648381557,0.05446629279573389,1.3796,1.6838,0.3042,75,1.6838,142.0,2,74;76,1.6238;1.595,0.08879999999999999,0.0527378548521202,False
KJ-01,kj_sv_40xx0.75-1,4808,12,12,1.4654583333333333,0.18050264897745627,0.12317146442975606,1.0426,1.692,0.6494,76,1.5556,110.0,2,75;77,1.5301;1.5137,0.04190000000000005,0.02693494471586529,False
KJ-01,kj_sv_40xx0.75-1,4810,4,3,2.0020333333333333,0.3500844088692516,0.1748644256019305,1.7347,2.3983,0.6636,77,1.8731,355.0,1,76,1.7347,0.13840000000000008,0.07388820671613906,False
KJ-01,kj_sv_40xx0.75-1,4815,10,8,1.5061875000000002,0.09501555417779917,0.06308348341610799,1.3835,1.6168,0.23330000000000006,76,1.5993,135.0,2,75;77,1.4642;1.5243,0.1351,0.08447445757518915,False
KJ-01,kj_sv_40xx0.75-1,4822,7,7,1.5265857142857142,0.14455121847257033,0.09468922519048037,1.3165,1.6919,0.37539999999999996,79,1.6486,155.0,2,78;80,1.6919;1.3165,0.33210000000000006,0.2014436491568604,False
KJ-01,kj_sv_40xx0.75-1,4823,9,9,1.5014666666666665,0.1480585610493361,0.0986092893943718,1.2833,1.68,0.39669999999999983,79,1.68,307.0,2,78;80,1.6635;1.48,0.19999999999999996,0.11904761904761903,False
KJ-01,kj_sv_40xx0.75-1,4826,11,9,1.6942111111111113,0.23866431155728143,0.14087046767197664,1.3065,2.19,0.8835,79,2.19,219.0,1,78,1.8044,0.38559999999999994,0.17607305936073056,False
KJ-01,kj_sv_40xx0.75-1,4827,12,11,1.6808454545454545,0.28624102907737164,0.17029586408631414,1.0778,2.2961,1.2183,79,1.8041,214.0,2,78;80,1.8675;2.2961,0.492,0.2727121556454742,False
KJ-01,kj_sv_40xx0.75-1,4828,8,4,0.8947999999999999,0.21262183958066647,0.2376194005148262,0.6714,1.1353,0.4639,78,1.1353,36.0,2,77;79,0.6714;1.004,0.4639,0.40861446313749666,False
KJ-01,kj_sv_40xx0.75-1,4830,8,8,1.60255,0.1316098346303519,0.08212525951162329,1.3091,1.7105,0.4014,80,1.7105,149.0,2,79;81,1.6919;1.692,0.01859999999999995,0.010874013446360685,False
KJ-01,kj_sv_40xx0.75-1,4834,5,5,1.6321999999999999,0.1229404530657017,0.07532192933813363,1.4475,1.7839,0.33640000000000003,75,1.7839,133.0,2,74;76,1.6874;1.6168,0.16710000000000003,0.09367116990862717,False
KJ-01,kj_sv_40xx0.75-1,4835,11,11,1.6625636363636362,0.19845383479654544,0.11936615865760436,1.1212,1.8477,0.7264999999999999,78,1.8077,113.0,2,77;79,1.8477;1.6968,0.1109,0.061348675112020794,False
KJ-01,kj_sv_40xx0.75-1,4839,8,8,1.65,0.07782056283528156,0.04716397747592822,1.5627,1.7635,0.2008000000000001,77,1.7635,156.0,2,76;78,1.697;1.7353,0.0665,0.03770910121916643,False
KJ-01,kj_sv_40xx0.75-1,4840,9,9,1.4958777777777779,0.14223754583247153,0.09508634190941355,1.1928,1.6864,0.4935999999999998,76,1.5346,132.0,2,75;77,1.6203;1.5413,0.08570000000000011,0.05584517138016429,False
KJ-01,kj_sv_40xx0.75-1,4843,5,5,1.55284,0.10099194522336917,0.06503692925437854,1.4114,1.6436,0.23219999999999996,77,1.6436,208.0,1,76,1.6435,9.999999999998899e-05,6.084205402773728e-05,False
KJ-01,kj_sv_40xx0.75-1,4844,5,5,1.5472199999999998,0.1116373011139198,0.07215347598526377,1.3772,1.6365,0.2593000000000001,75,1.6365,134.0,2,74;76,1.5996;1.4913,0.1452,0.08872593950504123,False
KJ-01,kj_sv_40xx0.75-1,4845,10,10,1.5453899999999998,0.2888766882252703,0.18692801702176817,0.7614,1.751,0.9895999999999999,78,1.7152,134.0,2,77;79,1.5584;1.6242,0.15680000000000005,0.09141791044776122,False
KJ-01,kj_sv_40xx0.75-1,4846,4,3,1.5354666666666665,0.1352357324575621,0.08807467813752308,1.3821,1.6376,0.25549999999999984,73,1.6376,96.0,1,74,1.5867,0.050899999999999945,0.031082071323888585,False
KJ-01,kj_sv_40xx0.75-1,4848,12,11,1.4587636363636363,0.1974798281988683,0.13537479498127628,1.0724,1.6166,0.5442,78,1.6166,102.0,2,77;79,1.5573;1.5236,0.09299999999999997,0.05752814549053567,False
KJ-01,kj_sv_40xx0.75-1,4850,7,7,1.5371,0.1378909714230776,0.08970852346826987,1.2339,1.6185,0.38460000000000005,78,1.6073,124.0,2,77;79,1.5227;1.6077,0.08460000000000001,0.05263485348099298,False
KJ-01,kj_sv_40xx0.75-1,4852,15,8,1.351975,0.22798378231795347,0.16863017608902048,1.0954,1.6437,0.5483,77,1.6188,70.0,2,76;78,1.5986;1.6437,0.024899999999999922,0.015381764269829455,False
KJ-01,kj_sv_40xx0.75-1,4853,7,7,1.6118857142857144,0.12126500496256708,0.07523176357221086,1.5366,1.807,0.2704,73,1.807,142.0,1,74,1.5398,0.2671999999999999,0.14786939679026004,False
KJ-01,kj_sv_40xx0.75-1,4855,9,9,1.583188888888889,0.1549687504341153,0.09788393003621647,1.2697,1.7583,0.4885999999999999,79,1.7583,151.0,2,78;80,1.6922;1.692,0.06630000000000003,0.03770687595973385,False
KJ-01,kj_sv_40xx0.75-1,4857,12,12,1.6945833333333333,0.22897854140561388,0.1351238011737087,1.3379,2.1539,0.8160000000000001,79,2.0158,177.0,2,78;80,2.1539;1.7096,0.3062,0.15189999007838081,False
KJ-01,kj_sv_40xx0.75-1,4858,7,7,1.6702428571428567,0.10355824218192156,0.06200190693170805,1.5902,1.8921,0.30189999999999984,73,1.8921,238.0,1,74,1.6756,0.21649999999999991,0.11442312774166266,False
KJ-01,kj_sv_40xx0.75-1,4859,3,3,1.6331,0.0035510561809129937,0.0021744266615106203,1.6295,1.6366,0.007100000000000106,74,1.6366,133.0,2,73;75,1.6295;1.6332,0.007100000000000106,0.004338262251008252,False
KJ-01,kj_sv_40xx0.75-1,4862,5,5,1.55856,0.06629489422270775,0.042535991057583766,1.4722,1.6304,0.15820000000000012,78,1.6304,173.0,1,79,1.4722,0.15820000000000012,0.09703140333660458,False
KJ-01,kj_sv_40xx0.75-1,4863,3,3,1.5233666666666668,0.1567657594417012,0.10290743710752578,1.3426,1.622,0.2794000000000001,73,1.6055,116.0,1,74,1.622,0.01650000000000018,0.010277172220492172,False
KJ-01,kj_sv_40xx0.75-1,4867,3,3,1.5168333333333335,0.15496287727495675,0.10216209907150207,1.3379,1.6071,0.2691999999999999,76,1.6055,248.0,1,75,1.6071,0.0016000000000000458,0.0009965742759265313,False
KJ-01,kj_sv_40xx0.75-1,4868,8,8,1.563225,0.13305545299396257,0.08511599609394845,1.5137,1.8922,0.37850000000000006,76,1.5137,132.0,2,75;77,1.514;1.5137,0.00029999999999996696,0.00019818986589150225,False
KJ-01,kj_sv_40xx0.75-1,4870,5,5,1.6093,0.07336654550951678,0.04558910427485042,1.5504,1.7122,0.16179999999999994,73,1.7122,253.0,1,74,1.6621,0.05010000000000003,0.029260600397149887,False
KJ-01,kj_sv_40xx0.75-1,4871,11,10,1.68645,0.5971975947893814,0.35411520933877755,0.8358,2.7058,1.87,81,2.7058,167.0,1,80,2.4917,0.21410000000000018,0.07912632123586377,False
KJ-01,kj_sv_40xx0.75-1,4874,4,4,1.5101999999999998,0.12095941468112349,0.08009496403199809,1.3303,1.5924,0.2621,75,1.5924,130.0,2,74;76,1.5592;1.5589,0.033500000000000085,0.021037427781964383,False
KJ-01,kj_sv_40xx0.75-1,4878,11,10,1.6697599999999997,0.1141926753829295,0.06838867584738496,1.5121,1.8568,0.3447,76,1.7495,302.0,1,77,1.643,0.10650000000000004,0.06087453558159476,False
KJ-01,kj_sv_40xx0.75-1,4879,4,4,1.4949000000000001,0.11265981241477957,0.07536277504500606,1.3382,1.6055,0.26729999999999987,74,1.5286,99.0,2,73;75,1.3382;1.5073,0.1903999999999999,0.12455841946879491,False
KJ-01,kj_sv_40xx0.75-1,4881,5,5,1.614,0.15552414603527,0.09635944611850682,1.3623,1.7859,0.4236,77,1.7859,262.0,1,76,1.6735,0.11240000000000006,0.06293745450473154,False
KJ-01,kj_sv_40xx0.75-1,4882,7,7,1.5836000000000001,0.09542396624188984,0.06025761950106708,1.5137,1.7778,0.2641,77,1.7778,125.0,2,76;78,1.5265;1.642,0.2513000000000001,0.14135448306896167,False
KJ-01,kj_sv_40xx0.75-1,4883,9,9,1.5740333333333334,0.17230626076843525,0.10946798718902728,1.1412,1.7229,0.5817000000000001,74,1.63,182.0,2,73;75,1.6249;1.6751,0.04510000000000014,0.027668711656441806,False
KJ-01,kj_sv_40xx0.75-1,4885,7,7,1.3780999999999999,0.1003226960031145,0.0727978347022092,1.3379,1.6055,0.26759999999999984,79,1.6055,105.0,1,78,1.3379,0.26759999999999984,0.16667704764870747,False
KJ-01,kj_sv_40xx0.75-1,4886,6,6,1.49455,0.12367883812520225,0.0827532288148287,1.3379,1.6055,0.26759999999999984,77,1.6055,128.0,2,76;78,1.5749;1.6055,0.03059999999999996,0.01905948302709434,False
KJ-01,kj_sv_40xx0.75-1,4887,10,9,1.346488888888889,0.2667216078819096,0.1980867499783128,0.7576,1.558,0.8004,77,1.558,64.0,2,76;78,1.5075;1.1452,0.41280000000000006,0.2649550706033376,False
KJ-01,kj_sv_40xx0.75-1,4890,14,14,1.5071928571428568,0.1874818943639244,0.12439144298980329,0.993,1.8921,0.8990999999999999,79,1.5142,162.0,2,78;80,1.5137;1.6098,0.09559999999999991,0.06313564918768981,False
KJ-01,kj_sv_40xx0.75-1,4895,6,5,1.33156,0.2971784278846632,0.2231806511795662,1.1043,1.7691,0.6647999999999998,79,1.7691,59.0,1,78,1.5137,0.25539999999999985,0.14436719235769593,False
KJ-01,kj_sv_40xx0.75-1,4896,3,3,1.4250333333333334,0.020511053930340417,0.014393385369002186,1.4029,1.4434,0.04049999999999998,75,1.4434,107.0,2,74;76,1.4029;1.4288,0.04049999999999998,0.028058750173202147,False
KJ-01,kj_sv_40xx0.75-1,4897,4,4,1.5503,0.011270314991161464,0.007269763910960113,1.5355,1.5628,0.02729999999999988,77,1.5527,179.0,1,76,1.5628,0.010099999999999998,0.00650479809364333,False
KJ-01,kj_sv_40xx0.75-1,4901,5,5,1.9226599999999998,0.028796406025752563,0.01497737822899138,1.883,1.9643,0.08129999999999993,78,1.9643,214.0,1,79,1.9229,0.04139999999999988,0.021076210354833723,False
KJ-01,kj_sv_40xx0.75-1,4903,5,5,2.2620600000000004,1.4029658025055352,0.6202159989149425,1.6119,4.7716,3.1597,78,4.7716,332.0,1,77,1.6119,3.1597,0.662188783636516,True
KJ-01,kj_sv_40xx0.75-1,4905,9,8,1.7529375000000003,0.3983622326386591,0.22725409926974524,1.338,2.6815,1.3435000000000001,78,1.6366,138.0,2,77;79,1.6201;1.668,0.03139999999999987,0.019186117560796696,False
KJ-01,kj_sv_40xx0.75-1,4907,4,4,1.8788,0.07752375979874376,0.04126238013558855,1.7875,1.9747,0.1871999999999998,76,1.8921,223.0,2,75;77,1.7875;1.8609,0.1045999999999998,0.05528249035463232,False
KJ-01,kj_sv_40xx0.75-1,4910,8,8,1.6357625000000002,0.06042279459891655,0.03693861095294491,1.5613,1.7495,0.18820000000000014,79,1.6529,148.0,2,78;80,1.624;1.7495,0.09660000000000002,0.05844273700768347,False
KJ-01,kj_sv_40xx0.75-1,4911,7,7,1.5917857142857144,0.06265501918099961,0.03936146594274151,1.4795,1.6342,0.15470000000000006,77,1.6249,129.0,2,76;78,1.5252;1.6342,0.09970000000000012,0.06135762200750823,False
KJ-01,kj_sv_40xx0.75-1,4912,8,8,1.6671125,0.026621550749077624,0.01596865883320869,1.629,1.692,0.06299999999999994,74,1.6338,145.0,1,75,1.629,0.0047999999999999154,0.0029379360998897756,False
KJ-01,kj_sv_40xx0.75-1,4917,9,9,1.415188888888889,0.18332399218626869,0.12954029926718993,1.0563,1.524,0.4677,78,1.5178,123.0,2,77;79,1.5139;1.5137,0.0040999999999999925,0.0027012781657662355,False
KJ-01,kj_sv_40xx0.75-1,4918,4,4,1.5386,0.13379999999999992,0.08696217340439355,1.3379,1.6055,0.26759999999999984,74,1.6055,146.0,1,75,1.6055,0.0,0.0,False
KJ-01,kj_sv_40xx0.75-1,4924,9,9,1.699177777777778,0.12888347234787106,0.07585049312287247,1.6055,1.9492,0.3437000000000001,80,1.9492,185.0,2,79;81,1.8879;1.6117,0.33750000000000013,0.17314795813667153,False
KJ-01,kj_sv_40xx0.75-1,4927,10,10,1.62683,0.07770611373058821,0.04776535577201564,1.4313,1.692,0.26069999999999993,78,1.6778,120.0,2,77;79,1.6032;1.6793,0.0746,0.04446298724520205,False
KJ-01,kj_sv_40xx0.75-1,4932,9,9,1.322077777777778,0.07620340835188705,0.05763912655726956,1.1218,1.3795,0.25770000000000004,77,1.3389,113.0,2,76;78,1.3421;1.3431,0.0041999999999999815,0.003136903428187304,False
KJ-01,kj_sv_40xx0.75-1,4935,3,3,1.599,0.018050207755037045,0.011288435118847433,1.5786,1.6129,0.0343,74,1.6129,143.0,1,75,1.6055,0.007400000000000073,0.0045880091760183974,False
KJ-01,kj_sv_40xx0.75-1,4936,8,8,1.4490875,0.12642250520152087,0.0872428374418528,1.3379,1.6055,0.26759999999999984,75,1.6055,132.0,2,74;76,1.355;1.6055,0.25049999999999994,0.15602616007474304,False
KJ-01,kj_sv_40xx0.75-1,4937,10,10,1.5543099999999999,0.20619375704527151,0.13265935176719673,1.0308,1.692,0.6612,80,1.6083,136.0,2,79;81,1.6681;1.6384,0.05979999999999985,0.037182117764098646,False
KJ-01,kj_sv_40xx0.75-1,4938,3,3,1.3814,0.2711720302686101,0.19630232392399746,1.0683,1.5412,0.4728999999999999,74,1.5347,81.0,1,75,1.5412,0.00649999999999995,0.004235355444060696,False
KJ-01,kj_sv_40xx0.75-1,4940,5,5,1.66682,0.19505372849550962,0.11702147112196255,1.5137,1.8921,0.37839999999999985,74,1.8921,145.0,1,75,1.5472,0.3449,0.18228423444849637,False
KJ-01,kj_sv_40xx0.75-1,4942,6,5,1.5535200000000002,0.037305991475901065,0.024013846925627646,1.5146,1.5946,0.08000000000000007,74,1.5946,152.0,1,75,1.5901,0.0044999999999999485,0.0028220243321208757,False
KJ-01,kj_sv_40xx0.75-1,4943,4,3,1.6097333333333335,0.020590369917350443,0.012791168258107206,1.5861,1.6238,0.037699999999999845,74,1.5861,160.0,1,75,1.6238,0.037699999999999845,0.023768993127797643,False
KJ-01,kj_sv_40xx0.75-1,4944,7,7,1.5783,0.025405248801510818,0.016096590509732507,1.5601,1.6327,0.0726,77,1.5622,126.0,2,76;78,1.5839;1.5658,0.021700000000000053,0.013890667008065582,False
KJ-01,kj_sv_40xx0.75-1,4948,7,6,1.4818833333333332,0.18389123325125284,0.12409292223943823,1.1356,1.693,0.5574000000000001,77,1.5138,126.0,2,76;78,1.5204;1.693,0.17920000000000003,0.11837759281278902,False
KJ-01,kj_sv_40xx0.75-1,4949,11,11,1.459609090909091,0.2725185625037144,0.1867065395803894,0.7729,1.6552,0.8823,79,1.6229,106.0,2,78;80,1.6117;1.5281,0.0948,0.058413950335818594,False
KJ-01,kj_sv_40xx0.75-1,4952,4,4,1.4332,0.1927573258443545,0.13449436634409329,1.1452,1.553,0.40779999999999994,74,1.5208,157.0,0,,,,,False
KJ-01,kj_sv_40xx0.75-1,4954,11,11,1.6812363636363634,0.17408949004880953,0.103548491939747,1.2658,1.8924,0.6266,78,1.6675,200.0,1,79,1.6269,0.04059999999999997,0.024347826086956504,False
KJ-01,kj_sv_40xx0.75-1,4955,10,10,1.4990299999999999,0.06435666330001201,0.04293220502592478,1.3488,1.5857,0.2369000000000001,79,1.5137,171.0,2,78;80,1.5137;1.5137,0.0,0.0,False
KJ-01,kj_sv_40xx0.75-1,4957,9,9,1.3944222222222225,0.19808234258621957,0.1420533461310918,1.0518,1.6264,0.5746,80,1.6264,118.0,2,79;81,1.4006;1.5322,0.2258,0.13883423512051155,False
KJ-01,kj_sv_40xx0.75-1,4958,8,8,1.5604874999999998,0.01928629694887018,0.012359148630713277,1.5234,1.5921,0.06869999999999998,78,1.5535,134.0,2,77;79,1.5632;1.56,0.00969999999999982,0.006243965239781023,False
KJ-01,kj_sv_40xx0.75-1,4959,6,6,1.6320833333333333,0.049903483512342826,0.030576553594491393,1.5632,1.6946,0.13140000000000018,77,1.6852,234.0,2,76;78,1.6041;1.6946,0.08109999999999995,0.0481248516496558,False
KJ-01,kj_sv_40xx0.75-1,4961,13,13,2.497030769230769,0.6303173954242093,0.25242676349494236,1.4783,3.2424,1.7641,80,3.0556,240.0,2,79;81,3.2424;2.9085,0.18679999999999986,0.0611336562377274,False
KJ-01,kj_sv_40xx0.75-1,4962,4,4,1.225475,0.2753274580688723,0.22466999169209678,0.8135,1.39,0.5764999999999999,74,1.39,69.0,0,,,,,False
KJ-01,kj_sv_40xx0.75-1,4964,12,12,1.5414750000000002,0.12433977733321191,0.0806628568956434,1.2954,1.6918,0.39639999999999986,81,1.5855,127.0,2,80;82,1.6034;1.6229,0.0374000000000001,0.023588773257647494,False
KJ-01,kj_sv_40xx0.75-1,4966,3,3,1.5262666666666667,0.06455496366146707,0.04229599261474649,1.4545,1.5796,0.1251,76,1.5796,117.0,1,75,1.5447,0.03489999999999993,0.022094201063560352,False
KJ-01,kj_sv_40xx0.75-1,4971,7,6,1.42425,0.18585913752086552,0.13049614710961244,1.1049,1.6179,0.5129999999999999,80,1.6179,128.0,1,79,1.5502,0.06769999999999987,0.041844366153655894,False
KJ-01,kj_sv_40xx0.75-1,4975,8,8,1.6446375,0.06429216654127802,0.03909199841380123,1.5808,1.7543,0.1735,82,1.7377,178.0,1,81,1.6163,0.12139999999999995,0.06986246187489208,False
KJ-01,kj_sv_40xx0.75-1,4985,7,7,1.6384857142857143,0.07657433052425658,0.046734817311262666,1.5434,1.7554,0.21199999999999997,79,1.6951,136.0,2,78;80,1.6884;1.7554,0.06030000000000002,0.03557312252964428,False
KJ-01,kj_sv_40xx0.75-1,4986,12,10,1.2119200000000003,0.1585140568600218,0.13079580901381424,1.1077,1.5147,0.40700000000000003,84,1.1353,66.0,1,85,1.1353,0.0,0.0,False
KJ-01,kj_sv_40xx0.75-1,4992,4,4,1.6579000000000002,0.020599676372862467,0.012425162176767274,1.6271,1.6705,0.043400000000000105,76,1.6671,131.0,2,75;77,1.6271;1.6669,0.040000000000000036,0.023993761621978308,False
KJ-01,kj_sv_40xx0.75-1,4993,8,8,1.547575,0.14953559299186453,0.09662574866605143,1.3387,1.7631,0.4243999999999999,81,1.7631,131.0,2,80;82,1.6935;1.3387,0.4243999999999999,0.24071238160058983,False
KJ-01,kj_sv_40xx0.75-1,4994,9,9,1.5994444444444444,0.11290181698173761,0.07058814538628957,1.3319,1.6893,0.35739999999999994,80,1.6724,143.0,2,79;81,1.6513;1.6602,0.02110000000000012,0.01261659889978481,False
KJ-01,kj_sv_40xx0.75-1,4998,11,11,1.6900181818181819,0.5280603446921228,0.31245838084654015,1.2581,3.2391,1.981,78,3.2391,238.0,2,77;79,1.6066;1.6185,1.6325,0.5039980241425087,True
KJ-01,kj_sv_40xx0.75-1,5000,7,7,1.4534142857142858,0.2995229453011985,0.20608229067598358,0.8302,1.6922,0.8619999999999999,81,1.6922,143.0,1,80,1.6919,0.00029999999999996696,0.00017728400898237026,False
KJ-01,kj_sv_40xx0.75-1,5002,6,6,1.6841,0.07995773883746332,0.04747802318001504,1.5918,1.8294,0.2375999999999998,75,1.8294,151.0,1,76,1.6696,0.15979999999999994,0.08735104405816112,False
KJ-01,kj_sv_40xx0.75-1,5003,6,6,1.5445000000000002,0.16929844653746828,0.10961375625604937,1.2003,1.6403,0.44000000000000017,75,1.5957,205.0,1,76,1.6118,0.016100000000000003,0.010089615842576928,False
KJ-01,kj_sv_40xx0.75-1,5004,7,7,0.9054571428571428,0.16517274651248062,0.18241917667277213,0.6883,1.1861,0.4977999999999999,79,1.1861,46.0,2,78;80,0.8025;0.8528,0.38359999999999994,0.3234128656942922,False
KJ-01,kj_sv_40xx0.75-1,5005,9,8,1.5849625,0.09514151771365192,0.06002761435280136,1.5137,1.7515,0.2378,79,1.7515,146.0,2,78;80,1.6672;1.5143,0.23720000000000008,0.1354267770482444,False
KJ-01,kj_sv_40xx0.75-1,5006,10,10,1.2510999999999999,0.27702891946910924,0.22142827869004017,0.6683,1.56,0.8917,81,1.56,97.0,2,80;82,1.5325;1.5584,0.02750000000000008,0.01762820512820518,False
KJ-01,kj_sv_40xx0.75-1,5007,7,6,1.5422500000000001,0.09392142992948947,0.0608989657510063,1.4371,1.6365,0.19940000000000002,77,1.6168,143.0,1,78,1.4371,0.17969999999999997,0.11114547253834733,False
KJ-01,kj_sv_40xx0.75-1,5009,12,11,1.1682818181818184,0.23853266366760684,0.20417390731872562,0.8114,1.3841,0.5727000000000001,81,1.3822,80.0,2,80;82,1.2501;1.3504,0.1321000000000001,0.0955722760816091,False
KJ-01,kj_sv_40xx0.75-1,5012,3,3,1.5434333333333334,0.03908213573147363,0.025321557392484477,1.5137,1.5877,0.07399999999999984,77,1.5877,182.0,1,76,1.5289,0.05879999999999996,0.03703470428922338,False
KJ-01,kj_sv_40xx0.75-1,5013,9,9,1.5638333333333332,0.07958753043033819,0.05089259113098467,1.4405,1.7188,0.2783000000000002,81,1.7188,134.0,2,80;82,1.5224;1.5587,0.19640000000000013,0.11426576681405638,False
KJ-01,kj_sv_40xx0.75-1,5017,10,10,1.63742,0.1516269383864373,0.0926011276193263,1.3643,1.8924,0.5281,83,1.8924,146.0,2,82;84,1.8298;1.7012,0.19120000000000004,0.10103572183470727,False
KJ-01,kj_sv_40xx0.75-1,5019,11,9,1.4790555555555556,0.14036895232841834,0.0949044488566852,1.347,1.6415,0.2945,86,1.347,143.0,2,85;87,1.3518;1.3757,0.028699999999999948,0.021306607275426836,False
KJ-01,kj_sv_40xx0.75-1,5027,10,9,1.474333333333333,0.2498280858910783,0.16945156176197942,0.8441,1.6355,0.7914,78,1.6355,127.0,2,77;79,1.4966;1.5235,0.13890000000000002,0.08492815652705596,False
KJ-01,kj_sv_40xx0.75-1,5030,9,8,1.598825,0.3214802982188133,0.20107284926043395,0.8539,1.9162,1.0623,79,1.7542,138.0,2,78;80,1.5919;1.6856,0.1622999999999999,0.09252080720556373,False
KJ-01,kj_sv_40xx0.75-1,5032,3,3,1.2346000000000001,0.1303828593029007,0.10560737024372321,1.0881,1.3379,0.24980000000000002,78,1.3379,66.0,1,77,1.0881,0.24980000000000002,0.1867105164810524,False
KJ-01,kj_sv_40xx0.75-1,5034,3,3,1.3141666666666667,0.14664655922773415,0.11158901146054595,1.1449,1.4029,0.258,78,1.4029,93.0,1,77,1.3947,0.008199999999999985,0.005845035284054448,False
KJ-01,kj_sv_40xx0.75-1,5036,7,7,1.3993,0.14852513816410565,0.10614245563074798,1.1353,1.5793,0.44399999999999995,82,1.4429,146.0,1,81,1.1353,0.3076000000000001,0.21318178667960364,False
KJ-01,kj_sv_40xx0.75-1,5037,6,5,2.36538,0.4007168227065094,0.16940906860906466,1.9542,2.9464,0.9922000000000002,81,2.1251,328.0,1,80,2.9464,0.8212999999999999,0.3864759305444449,True
KJ-01,kj_sv_40xx0.75-1,5039,6,6,1.4324166666666667,0.20310714824118492,0.14179334335297103,1.0709,1.6133,0.5424,77,1.4703,116.0,1,76,1.6055,0.1352,0.09195402298850575,False
KJ-01,kj_sv_40xx0.75-1,5040,10,10,1.50935,0.08146214185470176,0.0539716711529478,1.3982,1.6227,0.22449999999999992,83,1.5532,139.0,2,82;84,1.5184;1.4602,0.09299999999999997,0.05987638423899046,False
KJ-01,kj_sv_40xx0.75-1,5041,4,4,1.3791250000000002,0.07554876460494457,0.05478021543003322,1.3379,1.4922,0.15429999999999988,78,1.4922,151.0,1,77,1.3379,0.15429999999999988,0.10340436938748149,False
KJ-01,kj_sv_40xx0.75-1,5042,8,8,1.5457125,0.18967761700542624,0.12271209361729703,1.0816,1.6267,0.5451000000000001,81,1.6267,132.0,2,80;82,1.6249;1.624,0.0026999999999999247,0.0016598020532365677,False
KJ-01,kj_sv_40xx0.75-1,5044,8,8,1.5558625,0.3132449654708869,0.20133203639196068,0.811,1.8731,1.0621,81,1.6544,156.0,2,80;82,1.6227;1.8731,0.2186999999999999,0.13219294003868465,False
KJ-01,kj_sv_40xx0.75-1,5046,9,8,1.5959875000000001,0.09465719258008265,0.05930948242394295,1.3624,1.6389,0.27649999999999997,81,1.6299,142.0,2,80;82,1.6349;1.6272,0.0050000000000001155,0.0030676728633659217,False
KJ-01,kj_sv_40xx0.75-1,5048,9,9,1.494911111111111,0.2000141710257329,0.13379669837163088,1.17,1.784,0.6140000000000001,81,1.7029,145.0,2,80;82,1.5197;1.784,0.18320000000000003,0.10758118503728935,False
KJ-01,kj_sv_40xx0.75-1,5049,9,9,1.5991444444444445,0.18711341554730324,0.11700845173639579,1.1918,1.8925,0.7007000000000001,76,1.6761,207.0,1,77,1.5568,0.11929999999999996,0.07117713740230294,False
KJ-01,kj_sv_40xx0.75-1,5050,12,12,2.0099583333333335,0.16778673941716143,0.083477720226619,1.7251,2.2705,0.5454000000000001,82,2.2705,198.0,2,81;83,2.0237;2.1062,0.24680000000000035,0.10869852455406313,False
KJ-01,kj_sv_40xx0.75-1,5051,7,7,1.567257142857143,0.0653797587724431,0.041716038156479174,1.4285,1.6169,0.1883999999999999,81,1.6091,154.0,2,80;82,1.5653;1.5908,0.04380000000000006,0.027220185196693843,False
KJ-01,kj_sv_40xx0.75-1,5055,5,5,1.5943200000000002,0.4465648239617626,0.2800973606062538,0.9556,2.0005,1.0449000000000002,76,1.9505,250.0,1,77,2.0005,0.050000000000000266,0.025634452704434898,False
KJ-01,kj_sv_40xx0.75-1,5056,9,9,1.5427333333333335,0.1877318899388167,0.12168784188592759,1.1613,1.8921,0.7307999999999999,76,1.5444,145.0,1,77,1.5174,0.026999999999999913,0.017482517482517425,False
KJ-01,kj_sv_40xx0.75-1,5057,11,10,1.5800100000000001,0.13710649915708267,0.08677571607589994,1.2101,1.6911,0.4810000000000001,80,1.6911,130.0,2,79;81,1.6077;1.5906,0.10050000000000003,0.05942877417065817,False
KJ-01,kj_sv_40xx0.75-1,5060,7,7,1.8926142857142858,0.19270680171849516,0.10182043069899278,1.6843,2.0902,0.4058999999999999,77,1.6949,195.0,1,76,1.6902,0.0047000000000001485,0.0027730249572247025,False
KJ-01,kj_sv_40xx0.75-1,5061,4,4,1.5902250000000002,0.051141397126007446,0.03215984978604124,1.5448,1.6567,0.11190000000000011,79,1.5448,231.0,1,78,1.5558,0.01100000000000012,0.007120662868979882,False
KJ-01,kj_sv_40xx0.75-1,5062,3,3,1.6636,0.01855990301698806,0.011156469714467456,1.6454,1.6825,0.03710000000000013,78,1.6825,234.0,1,77,1.6454,0.03710000000000013,0.022050520059435443,False
KJ-01,kj_sv_40xx0.75-1,5063,9,9,1.532,0.17117347195170168,0.11173203130006637,1.1249,1.6918,0.5669,81,1.6918,126.0,2,80;82,1.546;1.643,0.14579999999999993,0.08618039957441774,False
KJ-01,kj_sv_40xx0.75-1,5064,4,4,2.90275,0.07172547199798213,0.024709489965716,2.7957,2.9435,0.1477999999999997,79,2.9435,376.0,1,78,2.9435,0.0,0.0,False
KJ-01,kj_sv_40xx0.75-1,5065,10,8,1.5654249999999998,0.2028615132829009,0.1295887783080639,1.1446,1.8237,0.6791,84,1.8237,176.0,1,83,1.6414,0.18230000000000013,0.09996161649394096,False
KJ-01,kj_sv_40xx0.75-1,5066,9,9,1.4592,0.20357518267215186,0.1395115012829988,0.9905,1.6216,0.6310999999999999,81,1.6088,135.0,2,80;82,1.591;1.6216,0.017800000000000038,0.011064147190452536,False
KJ-01,kj_sv_40xx0.75-1,5068,11,11,1.947736363636364,0.3141741500274243,0.16130219463627554,1.4115,2.3331,0.9216,81,2.3331,195.0,2,80;82,2.333;2.272,0.061100000000000154,0.026188333119026255,False
KJ-01,kj_sv_40xx0.75-1,5069,9,9,1.4978333333333333,0.18132423996807487,0.1210576877499109,1.1274,1.6261,0.49870000000000014,81,1.6261,138.0,2,80;82,1.6056;1.6055,0.020600000000000174,0.01266834758009973,False
KJ-01,kj_sv_40xx0.75-1,5070,11,10,1.4809899999999998,0.15856130570434476,0.10706439996512115,1.0942,1.5919,0.49770000000000003,83,1.5779,105.0,2,82;84,1.5858;1.5899,0.01200000000000001,0.007605044679637499,False
KJ-01,kj_sv_40xx0.75-1,5071,3,3,1.6318000000000001,0.062172260695586824,0.03810041714400467,1.5871,1.7028,0.11570000000000014,78,1.6055,103.0,1,77,1.5871,0.018399999999999972,0.011460604173154764,False
KJ-01,kj_sv_40xx0.75-1,5074,10,10,1.47691,0.17711026979446068,0.11991947362700549,1.0777,1.6277,0.5499999999999998,78,1.6277,251.0,1,77,1.6055,0.022199999999999998,0.0136388769429256,False
KJ-01,kj_sv_40xx0.75-1,5075,8,8,1.6577875,0.31876349691312794,0.19228248307646664,1.1126,2.1432,1.0306000000000002,82,1.9275,219.0,2,81;83,2.1432;1.7001,0.22740000000000005,0.11797665369649808,False
KJ-01,kj_sv_40xx0.75-1,5081,8,8,1.4219875,0.24108301734050033,0.16953947720391377,0.8608,1.6186,0.7578,81,1.5385,126.0,2,80;82,1.4566;1.4365,0.10199999999999987,0.06629834254143638,False
KJ-01,kj_sv_40xx0.75-1,5083,10,9,1.5887444444444443,0.10072705831988629,0.06340041576359925,1.3544,1.6818,0.3273999999999999,81,1.6818,276.0,2,80;82,1.6446;1.658,0.0371999999999999,0.02211915804495178,False
KJ-01,kj_sv_40xx0.75-1,5084,9,8,1.4647125,0.282026581510629,0.19254739855816685,0.8028,1.6123,0.8095000000000001,82,1.6095,137.0,2,81;83,1.6055;1.6104,0.0040000000000000036,0.002485243864554212,False
KJ-01,kj_sv_40xx0.75-1,5085,8,8,1.628075,0.07575105374090274,0.046527987802099255,1.4976,1.7026,0.20499999999999985,76,1.6586,217.0,1,77,1.5759,0.0827,0.04986132883154467,False
KJ-01,kj_sv_40xx0.75-1,5087,8,8,3.50305,1.1955313188226038,0.3412829730727805,1.6246,4.6057,2.9810999999999996,81,4.4976,389.0,2,80;82,4.6057;4.0973,0.40030000000000054,0.0890030238349343,False
KJ-01,kj_sv_40xx0.75-1,5093,8,8,1.6524125,0.08459154698566855,0.05119275422188379,1.534,1.7617,0.2277,83,1.534,201.0,1,82,1.5622,0.028200000000000003,0.018383311603650587,False
KJ-01,kj_sv_40xx0.75-1,5094,8,8,1.5565875,0.11723661589769153,0.0753164315515135,1.5137,1.8467,0.33299999999999996,83,1.5137,171.0,1,82,1.5137,0.0,0.0,False
KJ-01,kj_sv_40xx0.75-1,5095,6,6,1.5141333333333336,0.2626470381836937,0.17346361274900515,0.9973,1.6903,0.693,81,1.6903,139.0,1,80,1.6896,0.0006999999999999229,0.0004141276696443962,False
KJ-01,kj_sv_40xx0.75-1,5096,10,10,1.69679,0.532985035124502,0.3141137295272261,1.215,3.1538,1.9387999999999999,84,3.1538,198.0,2,83;85,1.8412;1.215,1.9387999999999999,0.6147504597628257,True
KJ-01,kj_sv_40xx0.75-1,5099,9,6,1.2101499999999998,0.18506120879319898,0.1529241902187324,0.9013,1.3793,0.478,82,1.3793,66.0,2,81;83,1.3668;1.082,0.2972999999999999,0.21554411658087427,False
KJ-01,kj_sv_40xx0.75-1,5100,11,11,1.5091636363636363,0.14803020821931767,0.09808757953908814,1.1487,1.665,0.5163,80,1.665,118.0,2,79;81,1.5782;1.5732,0.0918000000000001,0.055135135135135196,False
KJ-01,kj_sv_40xx0.75-1,5104,4,4,1.613575,0.32056670002772697,0.1986686085417331,1.1763,1.9477,0.7714000000000001,77,1.6729,297.0,0,,,,,False
KJ-01,kj_sv_40xx0.75-1,5107,9,9,1.598111111111111,0.23584479241889378,0.147577218366825,1.0031,1.8448,0.8416999999999999,81,1.692,141.0,2,80;82,1.6644;1.6847,0.027599999999999847,0.01631205673758856,False
KJ-01,kj_sv_40xx0.75-1,5108,3,3,1.6419,0.008921322771876293,0.005433536008207743,1.6366,1.6522,0.015599999999999836,80,1.6366,111.0,0,,,,,False
KJ-01,kj_sv_40xx0.75-1,5109,8,8,1.5909,0.042017445356491094,0.02641111657331768,1.5609,1.6852,0.12430000000000008,80,1.568,137.0,2,79;81,1.6142;1.5751,0.04620000000000002,0.029464285714285724,False
KJ-01,kj_sv_40xx0.75-1,5111,9,9,1.6507888888888889,0.08531889363506247,0.05168370965501762,1.4772,1.7262,0.2489999999999999,82,1.7043,150.0,2,81;83,1.6272;1.7262,0.07709999999999995,0.0452385143460658,False
KJ-01,kj_sv_40xx0.75-1,5112,6,6,1.5371333333333332,0.04722116756992211,0.030720280762841293,1.5137,1.6334,0.11969999999999992,77,1.5204,117.0,1,78,1.6334,0.11299999999999999,0.0743225466982373,False
KJ-01,kj_sv_40xx0.75-1,5114,6,6,1.6146666666666665,0.11501088064468795,0.0712288691028208,1.3883,1.6921,0.30379999999999985,78,1.6908,146.0,2,77;79,1.6921;1.6192,0.07160000000000011,0.04234681807428443,False
KJ-01,kj_sv_40xx0.75-1,5120,4,4,1.6954500000000001,0.14563631644156155,0.08589832577873811,1.4952,1.8445,0.34929999999999994,79,1.7223,151.0,1,80,1.7198,0.0024999999999999467,0.0014515473494745089,False
KJ-01,kj_sv_40xx0.75-1,5122,4,4,1.55575,0.12321354092252464,0.07919880502813732,1.372,1.6357,0.2636999999999998,80,1.6357,142.0,1,79,1.6085,0.02719999999999989,0.016628966191844403,False
KJ-01,kj_sv_40xx0.75-1,5123,9,9,2.192222222222222,0.9453830979790385,0.4312441906645386,1.3415,3.607,2.2655000000000003,81,3.2291,342.0,2,80;82,1.6202;3.4859,1.6088999999999998,0.49825028645752684,True
KJ-01,kj_sv_40xx0.75-1,5125,9,9,1.6367888888888888,0.1667531742159984,0.10187824181113328,1.2243,1.7706,0.5463,82,1.7144,147.0,2,81;83,1.7065;1.7706,0.05620000000000003,0.03278114792347179,False
KJ-01,kj_sv_40xx0.75-1,5126,5,5,1.5071599999999998,0.2998745787825303,0.19896665170421876,0.9995,1.6918,0.6922999999999999,81,1.6918,129.0,1,80,1.6918,0.0,0.0,False
KJ-01,kj_sv_40xx0.75-1,5135,4,4,1.897275,0.11703413675789917,0.06168538391002842,1.7593,2.0456,0.2862999999999998,77,2.0456,199.0,1,78,1.8921,0.15349999999999997,0.0750391083300743,False
KJ-01,kj_sv_40xx0.75-1,5138,3,3,1.4348333333333334,0.1482570178215295,0.10332699581010303,1.339,1.6056,0.26659999999999995,77,1.3599,131.0,1,78,1.6056,0.2456999999999998,0.1806750496360025,False
KJ-01,kj_sv_40xx0.75-1,5139,9,9,1.6904666666666666,0.1256980210663636,0.07435699475472075,1.5555,1.8953,0.3397999999999999,84,1.692,193.0,2,83;85,1.8921;1.6485,0.20009999999999994,0.1182624113475177,False
KJ-01,kj_sv_40xx0.75-1,5140,6,6,1.7448499999999998,0.0740027769749217,0.042412113920922555,1.6715,1.8667,0.19520000000000004,79,1.699,165.0,2,78;80,1.7476;1.8667,0.16769999999999996,0.09870512065921128,False
KJ-01,kj_sv_40xx0.75-1,5143,8,8,1.547275,0.19485485257346957,0.12593420857537901,1.0801,1.6955,0.6154,81,1.6378,130.0,2,80;82,1.618;1.5922,0.04559999999999986,0.027842227378190174,False
KJ-01,kj_sv_40xx0.75-1,5144,6,6,1.6054666666666666,0.05986473642025553,0.03728805939306673,1.5575,1.6937,0.13619999999999988,79,1.5592,131.0,2,78;80,1.5629;1.5575,0.0037000000000000366,0.002373011800923574,False
KJ-01,kj_sv_40xx0.75-1,5146,9,8,1.5230000000000001,0.1615891439069204,0.10609924091065027,1.1568,1.7333,0.5765,82,1.5484,144.0,2,81;83,1.5471;1.56,0.011600000000000055,0.007491604236631397,False
KJ-01,kj_sv_40xx0.75-1,5149,8,8,1.504375,0.13839757171693023,0.09199672403285765,1.1625,1.5604,0.3978999999999999,83,1.5602,124.0,2,82;84,1.5604;1.5405,0.01970000000000005,0.012626586335085278,False
KJ-01,kj_sv_40xx0.75-1,5150,8,8,1.5207625,0.019614057458873683,0.012897515199693366,1.5137,1.5693,0.05559999999999987,82,1.5138,131.0,2,81;83,1.5137;1.5137,9.999999999998899e-05,6.605892456070088e-05,False
KJ-01,kj_sv_40xx0.75-1,5151,8,8,1.5392125,0.3355638642111002,0.21801009555932022,0.7616,1.9177,1.1561,84,1.9177,130.0,1,83,1.6925,0.22520000000000007,0.1174323408249466,False
KJ-01,kj_sv_40xx0.75-1,5155,3,3,1.5871666666666666,0.10952722644773462,0.06900801834363202,1.5161,1.7133,0.19720000000000004,79,1.7133,139.0,1,78,1.5321,0.18120000000000003,0.10576081246716863,False
KJ-01,kj_sv_40xx0.75-1,5157,9,8,1.4221374999999998,0.1128123212305667,0.07932588883322936,1.2177,1.5906,0.3729,81,1.5906,82.0,2,80;82,1.4103;1.454,0.1802999999999999,0.11335345152772533,False
KJ-01,kj_sv_40xx0.75-1,5158,5,4,1.641325,0.0923544756179508,0.056268244021111476,1.5241,1.7244,0.20029999999999992,77,1.6117,182.0,1,78,1.7244,0.11270000000000002,0.06992616491902962,False
KJ-01,kj_sv_40xx0.75-1,5160,5,5,1.6875,0.016082132943114183,0.009530152855178775,1.6623,1.7023,0.039999999999999813,79,1.692,229.0,2,78;80,1.6623;1.7023,0.029699999999999838,0.017553191489361606,False
KJ-01,kj_sv_40xx0.75-1,5163,7,6,1.5678833333333335,0.016119605040653618,0.010281125322241418,1.5555,1.5989,0.04339999999999988,77,1.5707,186.0,1,78,1.5605,0.010199999999999987,0.006493919908321122,False
KJ-01,kj_sv_40xx0.75-1,5165,10,10,1.46728,0.18985741316401983,0.1293941259773321,1.1161,1.6367,0.5206,83,1.6367,126.0,2,82;84,1.6166;1.5166,0.1201000000000001,0.07337936090914651,False
KJ-01,kj_sv_40xx0.75-1,5166,4,4,1.5479,0.10881087568192191,0.07029580443305246,1.3874,1.6233,0.2359,81,1.6055,137.0,0,,,,,False
KJ-01,kj_sv_40xx0.75-1,5167,8,8,1.4769875,0.14064574989769768,0.095224739476602,1.1299,1.5457,0.41580000000000017,80,1.5353,117.0,2,79;81,1.518;1.5198,0.017300000000000093,0.011268156060704809,False
KJ-01,kj_sv_40xx0.75-1,5168,10,10,1.50621,0.23970506623302265,0.15914451917927955,1.0457,1.6933,0.6476,81,1.6489,145.0,2,80;82,1.6933;1.6246,0.044399999999999995,0.02692704227060464,False
KJ-01,kj_sv_40xx0.75-1,5170,4,3,1.503966666666667,0.13383991681607302,0.08899127871810524,1.3935,1.6528,0.2593000000000001,77,1.6528,195.0,1,78,1.4656,0.18720000000000003,0.11326234269119072,False
KJ-01,kj_sv_40xx0.75-1,5175,4,4,1.642975,0.03757564592480974,0.022870491592878614,1.5935,1.6849,0.09140000000000015,81,1.6849,119.0,1,80,1.6458,0.039100000000000135,0.02320612499258124,False
KJ-01,kj_sv_40xx0.75-1,5177,10,10,1.5142099999999998,0.10813259812738148,0.07141189011258775,1.3432,1.6646,0.32140000000000013,84,1.6646,148.0,2,83;85,1.6291;1.6015,0.06310000000000016,0.0379070046858105,False
KJ-01,kj_sv_40xx0.75-1,5181,5,5,1.73822,0.5992756727917462,0.344763995807059,1.1995,2.7421,1.5426000000000002,83,2.7421,223.0,1,82,1.5137,1.2284000000000002,0.4479778272127202,True
KJ-01,kj_sv_40xx0.75-1,5182,6,6,1.4132833333333332,0.703751102071369,0.497954716844725,0.6996,2.5115,1.8118999999999998,84,2.5115,147.0,1,83,1.6381,0.8734,0.34776030260800317,True
KJ-01,kj_sv_40xx0.75-1,5183,5,5,1.5233200000000002,0.007089217164116199,0.004653793795207965,1.5138,1.5305,0.016699999999999937,78,1.5138,138.0,1,79,1.5227,0.008899999999999908,0.005879244285902965,False
KJ-01,kj_sv_40xx0.75-1,5185,6,5,1.37158,0.3437800997730962,0.2506453139977954,0.7568,1.5367,0.7798999999999999,78,1.5149,134.0,1,79,1.5301,0.015200000000000102,0.010033665588487757,False
KJ-01,kj_sv_40xx0.75-1,5187,9,8,1.6992875,0.11133275012322302,0.06551731247550695,1.5407,1.8056,0.26490000000000014,79,1.7856,250.0,1,80,1.6775,0.10810000000000008,0.06053987455197137,False
KJ-01,kj_sv_40xx0.75-1,5189,10,9,1.5253222222222222,0.014480571274795885,0.009493450671491122,1.5137,1.5513,0.037599999999999856,83,1.5185,129.0,2,82;84,1.5141;1.5513,0.03279999999999994,0.02160026341784652,False
KJ-01,kj_sv_40xx0.75-1,5190,7,7,1.7456428571428568,0.1979941148716535,0.11342189157507056,1.4698,2.0013,0.5315000000000001,86,1.6206,233.0,1,87,1.5582,0.06240000000000001,0.03850425768233988,False
KJ-01,kj_sv_40xx0.75-1,5192,10,9,1.4585444444444444,0.23321773684215735,0.15989758675539664,1.0704,1.6061,0.5357000000000001,82,1.6058,122.0,2,81;83,1.6061;1.6058,0.000300000000000189,0.00018682276746804648,False
KJ-01,kj_sv_40xx0.75-1,5194,5,5,1.6818199999999996,0.12210092956239114,0.07260047422577397,1.6055,1.8856,0.2801,83,1.8856,369.0,0,,,,,False
KJ-01,kj_sv_40xx0.75-1,5196,10,10,1.5462099999999999,0.1913791144415828,0.12377304146369691,1.0804,1.6995,0.6191,83,1.639,133.0,2,82;84,1.6316;1.6995,0.0605,0.036912751677852344,False
KJ-01,kj_sv_40xx0.75-1,5197,7,7,1.8731142857142855,0.10041082990347582,0.05360635529250986,1.6523,1.9409,0.28859999999999997,84,1.9179,318.0,2,83;85,1.9409;1.9135,0.02300000000000013,0.01199228322644566,False
KJ-01,kj_sv_40xx0.75-1,5198,9,8,1.5379,0.10014717740833809,0.06511943390879647,1.3284,1.6696,0.34119999999999995,81,1.6099,128.0,2,80;82,1.6696;1.5768,0.059699999999999864,0.03708304863656119,False
KJ-01,kj_sv_40xx0.75-1,5199,8,8,1.6124875,0.11816299200075897,0.07327994294576483,1.3325,1.7189,0.3864000000000001,84,1.6892,207.0,2,83;85,1.7189;1.6419,0.04730000000000012,0.02800142079090701,False
KJ-01,kj_sv_40xx0.75-1,5202,6,6,1.7532166666666666,0.08759834283059617,0.04996435665715181,1.6325,1.8444,0.21189999999999998,79,1.7681,224.0,2,78;80,1.7784;1.6325,0.13559999999999994,0.07669249476839542,False
KJ-01,kj_sv_40xx0.75-1,5207,10,10,1.8127599999999997,0.2786928982869057,0.15373954538212767,1.5137,2.2705,0.7568000000000001,83,1.9001,164.0,2,82;84,1.8921;2.177,0.27690000000000015,0.14572917214883435,False
KJ-01,kj_sv_40xx0.75-1,5208,10,10,1.56829,0.2200188246996657,0.14029218110149633,0.999,1.7032,0.7042,83,1.6909,128.0,2,82;84,1.6624;1.6454,0.045500000000000096,0.026908746821219524,False
KJ-01,kj_sv_40xx0.75-1,5209,9,9,2.3128666666666664,0.831246633075888,0.3594010173850149,1.5338,3.4159,1.8821,83,3.4143,282.0,2,82;84,3.4159;1.8928,1.5214999999999999,0.4456257505198723,True
KJ-01,kj_sv_40xx0.75-1,5211,8,7,1.859414285714286,0.20431498907790574,0.10988136998174079,1.5979,2.1163,0.5183999999999997,82,1.919,165.0,1,83,2.0616,0.14259999999999984,0.07430953621677949,False
KJ-01,kj_sv_40xx0.75-1,5212,6,6,1.5637666666666667,0.10842216870486708,0.0693339812236696,1.4548,1.692,0.23719999999999986,83,1.692,149.0,2,82;84,1.5803;1.6917,0.11169999999999991,0.06601654846335692,False
KJ-01,kj_sv_40xx0.75-1,5214,5,5,1.6689599999999998,0.11455967004142427,0.06864135152515595,1.6087,1.8731,0.26439999999999997,78,1.6345,247.0,1,79,1.6087,0.025800000000000045,0.01578464362190275,False
KJ-01,kj_sv_40xx0.75-1,5216,5,5,1.6160400000000004,0.0750445401078586,0.046437303598833315,1.5471,1.7043,0.1572,82,1.5918,202.0,1,81,1.687,0.09519999999999995,0.05980650835532099,False
KJ-01,kj_sv_40xx0.75-1,5219,8,8,2.54265,0.8723762196274201,0.3430972487866675,1.6013,3.5399,1.9385999999999999,79,3.4107,357.0,1,78,3.4058,0.004899999999999682,0.0014366552320637061,False
KJ-01,kj_sv_40xx0.75-1,5221,10,10,2.2274200000000004,0.6999418036125893,0.31423880705596124,1.5185,3.0754,1.5569000000000002,83,2.9311,250.0,2,82;84,3.0754;3.0221,0.14430000000000032,0.04923066425574028,False
KJ-01,kj_sv_40xx0.75-1,5227,4,4,1.5388,0.14156011679377298,0.09199383727175266,1.3339,1.6435,0.3095999999999999,81,1.6217,146.0,1,80,1.6435,0.02180000000000004,0.013442683603625851,False
KJ-01,kj_sv_40xx0.75-1,5229,3,3,1.5800999999999998,0.013309019498069733,0.008422896967324685,1.5648,1.589,0.0242,80,1.5648,151.0,1,79,1.589,0.0242,0.015465235173824131,False
KJ-01,kj_sv_40xx0.75-1,5230,4,4,1.2323,0.34746402211835775,0.2819638254632458,0.8416,1.5252,0.6835999999999999,78,1.5252,81.0,1,79,1.5251,9.999999999998899e-05,6.556517178074286e-05,False
KJ-01,kj_sv_40xx0.75-1,5231,3,3,1.4111666666666667,0.236199202651773,0.16737867201023243,1.1389,1.5612,0.4222999999999999,80,1.5334,98.0,1,79,1.5612,0.027799999999999825,0.018129646537106966,False
KJ-01,kj_sv_40xx0.75-1,5233,10,10,1.48101,0.1442948636184485,0.09743004005269952,1.3504,1.7182,0.3677999999999999,82,1.6317,134.0,2,81;83,1.3568;1.6055,0.2748999999999999,0.16847459704602558,False
KJ-01,kj_sv_40xx0.75-1,5236,3,3,1.9291,0.3618763739179445,0.1875881882317892,1.5137,2.176,0.6623000000000001,78,2.176,142.0,1,79,1.5137,0.6623000000000001,0.3043658088235294,True
KJ-01,kj_sv_40xx0.75-1,5239,6,5,1.37174,0.3323777339112835,0.24230374116908707,0.9286,1.6118,0.6831999999999999,82,1.6108,119.0,2,81;83,1.6088;1.6118,0.0020000000000000018,0.0012416190712689359,False
KJ-01,kj_sv_40xx0.75-1,5243,8,8,1.5372374999999998,0.2917138663509648,0.1897649949021962,0.8255,1.6997,0.8742,79,1.5566,148.0,1,80,1.6172,0.06059999999999999,0.038931003469099314,False
KJ-01,kj_sv_40xx0.75-1,5245,4,4,1.94,0.007857480512225318,0.004050247686714081,1.9284,1.9455,0.017100000000000115,82,1.944,129.0,1,81,1.9284,0.015600000000000058,0.008024691358024721,False
KJ-01,kj_sv_40xx0.75-1,5246,3,3,3.7479,0.5926612776282927,0.15813156104172807,3.0826,4.2194,1.1368000000000005,80,4.2194,322.0,2,79;81,3.0826;3.9417,1.1368000000000005,0.2694221927288241,True
KJ-01,kj_sv_40xx0.75-1,5248,3,3,1.548,0.12510587516180047,0.0808177488125326,1.4036,1.6238,0.22019999999999995,82,1.6238,271.0,1,81,1.6166,0.007199999999999873,0.004434043601428669,False
KJ-01,kj_sv_40xx0.75-1,5249,8,8,1.6773500000000001,0.12162342349587575,0.0725092696788838,1.6055,1.875,0.2695000000000001,84,1.875,137.0,2,83;85,1.6086;1.8731,0.26639999999999997,0.14207999999999998,False
KJ-01,kj_sv_40xx0.75-1,5250,9,7,1.602757142857143,0.08014303582018954,0.05000323110544568,1.5137,1.7086,0.19489999999999985,80,1.5424,193.0,2,79;81,1.6628;1.606,0.12040000000000006,0.07806016597510378,False
KJ-01,kj_sv_40xx0.75-1,5252,8,8,1.7135125,0.1659017130497969,0.09681966898391281,1.514,1.9313,0.4173,84,1.7454,145.0,2,83;85,1.825;1.9313,0.18589999999999995,0.10650853672510596,False
KJ-01,kj_sv_40xx0.75-1,5253,7,6,1.6325333333333332,0.06909957066919208,0.04232659098488571,1.5002,1.6917,0.1915,84,1.639,161.0,2,83;85,1.6846;1.6406,0.045600000000000085,0.02782184258694331,False
KJ-01,kj_sv_40xx0.75-1,5255,9,9,1.6143,0.1558498636508868,0.0965433089579922,1.2121,1.7185,0.5064,82,1.6918,133.0,2,81;83,1.6901;1.6359,0.05590000000000006,0.033041730701028525,False
KJ-01,kj_sv_40xx0.75-1,5257,3,3,1.5668666666666669,0.1611228827117159,0.102831265824607,1.3837,1.6867,0.30300000000000016,80,1.6867,134.0,2,79;81,1.6302;1.3837,0.30300000000000016,0.17964071856287434,False
KJ-01,kj_sv_40xx0.75-1,5258,4,3,1.5855333333333332,0.022859644208371492,0.01441763709900233,1.5605,1.6053,0.04479999999999995,79,1.5908,136.0,1,80,1.6053,0.014499999999999957,0.009114910736736207,False
KJ-01,kj_sv_40xx0.75-1,5259,7,7,1.466442857142857,0.2777028139165011,0.1893717253037484,0.8756,1.6173,0.7416999999999999,80,1.6055,107.0,2,79;81,1.6055;1.6055,0.0,0.0,False
KJ-01,kj_sv_40xx0.75-1,5260,6,6,1.4524499999999998,0.12980206084650578,0.08936766212021467,1.338,1.6066,0.26859999999999995,83,1.6066,180.0,2,82;84,1.4758;1.6055,0.13080000000000003,0.08141416656292794,False
KJ-01,kj_sv_40xx0.75-1,5267,8,8,1.5675750000000002,0.1537643349879474,0.09809057620078616,1.2834,1.7587,0.47529999999999983,83,1.6312,144.0,2,82;84,1.5164;1.6869,0.11480000000000001,0.07037763609612556,False
KJ-01,kj_sv_40xx0.75-1,5269,8,8,1.674425,0.29362100815263786,0.17535632121632075,1.2534,2.0889,0.8355000000000001,83,2.0021,207.0,1,84,1.616,0.3860999999999999,0.19284751011437984,False
KJ-01,kj_sv_40xx0.75-1,5272,7,7,1.5409285714285714,0.04101908963258097,0.026619721636125415,1.5137,1.6258,0.11209999999999987,81,1.6258,223.0,1,82,1.5137,0.11209999999999987,0.06895067043916833,False
KJ-01,kj_sv_40xx0.75-1,5273,5,5,1.6063000000000003,0.030654037254495524,0.01908363148508717,1.5544,1.6331,0.07869999999999999,81,1.6166,137.0,2,80;82,1.6331;1.5544,0.06220000000000003,0.03847581343560561,False
KJ-01,kj_sv_40xx0.75-1,5275,9,9,1.3668333333333333,0.2296170289852214,0.1679919734070636,0.8469,1.5323,0.6854,85,1.5323,99.0,2,84;86,1.5323;1.5155,0.016799999999999926,0.01096391046139785,False
KJ-01,kj_sv_40xx0.75-1,5276,7,7,1.6009285714285715,0.14953038391673348,0.093402283265706,1.3061,1.7872,0.48109999999999986,86,1.6789,171.0,1,85,1.7872,0.10829999999999984,0.06450652212758344,False
KJ-01,kj_sv_40xx0.75-1,5279,3,3,1.5959666666666668,0.018808863158982603,0.011785248120668312,1.5743,1.6081,0.03380000000000005,80,1.6081,201.0,2,79;81,1.6055;1.5743,0.03380000000000005,0.021018593371059047,False
KJ-01,kj_sv_40xx0.75-1,5283,8,7,1.5142142857142855,0.07207550274009956,0.04759927536022426,1.361,1.5677,0.2067000000000001,82,1.5478,115.0,2,81;83,1.5518;1.54,0.007800000000000029,0.005039410776586141,False
KJ-01,kj_sv_40xx0.75-1,5284,8,8,1.4835625000000001,0.04930656106732366,0.033235243589214244,1.4112,1.5417,0.13050000000000006,83,1.5417,133.0,2,82;84,1.4484;1.5004,0.09330000000000016,0.06051761043004486,False
KJ-01,kj_sv_40xx0.75-1,5286,6,6,1.3107333333333335,0.13983661418479304,0.10668578468907458,1.1284,1.4358,0.3073999999999999,81,1.4358,88.0,2,80;82,1.4181;1.3725,0.06329999999999991,0.04408692018386956,False
KJ-01,kj_sv_40xx0.75-1,5287,8,8,1.5039,0.03423018717865441,0.022760946325323765,1.4202,1.5288,0.10860000000000003,84,1.5137,119.0,2,83;85,1.5137;1.5137,0.0,0.0,False
KJ-01,kj_sv_40xx0.75-1,5289,9,9,1.5581666666666667,0.34414997457503904,0.22086852577283497,0.6513,1.735,1.0837,85,1.735,134.0,2,84;86,1.6918;1.6919,0.04320000000000013,0.02489913544668595,False
KJ-01,kj_sv_40xx0.75-1,5293,8,7,1.577,0.11282428816527051,0.07154361963555518,1.3666,1.6728,0.3062,86,1.6728,140.0,2,85;87,1.6339;1.3666,0.3062,0.18304638928742228,False
KJ-01,kj_sv_40xx0.75-1,5297,5,5,1.60068,0.09933749040518387,0.06205955619185838,1.5187,1.762,0.24330000000000007,83,1.5537,141.0,2,82;84,1.6292;1.5187,0.0754999999999999,0.048593679603527,False
KJ-01,kj_sv_40xx0.75-1,5299,8,8,1.4704125000000001,0.14755878671131137,0.10035196702375106,1.1814,1.6175,0.43609999999999993,83,1.5871,122.0,2,82;84,1.3923;1.6175,0.19479999999999986,0.12273958792766673,False
KJ-01,kj_sv_40xx0.75-1,5302,4,4,1.57755,0.06986894875407812,0.044289530445360284,1.4732,1.6215,0.14829999999999988,80,1.4732,167.0,1,81,1.6215,0.14829999999999988,0.10066521857181636,False
KJ-01,kj_sv_40xx0.75-1,5305,8,7,1.5494999999999999,0.13621545433613616,0.08790929611883587,1.3525,1.7362,0.38369999999999993,86,1.7362,143.0,2,85;87,1.6329;1.4005,0.3356999999999999,0.19335330031102402,False
KJ-01,kj_sv_40xx0.75-1,5306,5,4,1.7019,0.08327044293545373,0.04892792933512764,1.6242,1.7846,0.16039999999999988,82,1.7623,212.0,1,81,1.6242,0.1380999999999999,0.07836350224138904,False
KJ-01,kj_sv_40xx0.75-1,5307,6,6,1.5827333333333333,0.058530732668117785,0.03698079230115693,1.5122,1.6408,0.12860000000000005,83,1.6203,119.0,2,82;84,1.6386;1.5122,0.10810000000000008,0.06671604023946187,False
KJ-01,kj_sv_40xx0.75-1,5308,8,8,1.5193125,0.08868613094181395,0.05837254083133914,1.3715,1.6137,0.24219999999999997,83,1.5607,140.0,2,82;84,1.4013;1.5723,0.1594,0.10213365797398602,False
KJ-01,kj_sv_40xx0.75-1,5309,3,3,1.2824,0.42339139103198586,0.33015548271365086,0.8031,1.6055,0.8023999999999999,82,1.4386,121.0,1,81,1.6055,0.16689999999999983,0.11601557069372989,False
KJ-01,kj_sv_40xx0.75-1,5313,8,8,1.58625,0.0806695906593238,0.05085553390658711,1.3878,1.631,0.24320000000000008,80,1.3878,125.0,1,81,1.6112,0.22340000000000004,0.16097420377576024,False
KJ-01,kj_sv_40xx0.75-1,5314,7,7,2.632357142857143,0.6199856177287311,0.23552488666329024,1.6325,3.1389,1.5064,82,3.0933,272.0,2,81;83,3.0315;3.0435,0.0618000000000003,0.019978663563185044,False
KJ-01,kj_sv_40xx0.75-1,5315,3,3,2.3622666666666667,0.5064942678188307,0.21441028439584747,1.7866,2.7395,0.9529000000000001,81,2.5607,194.0,2,80;82,2.7395;1.7866,0.7741000000000002,0.30230015230210494,True
KJ-01,kj_sv_40xx0.75-1,5316,8,8,1.545375,0.12496614112859297,0.08086460640853707,1.3379,1.6188,0.2808999999999999,84,1.6075,135.0,2,83;85,1.6188;1.6151,0.011300000000000088,0.007029548989113585,False
KJ-01,kj_sv_40xx0.75-1,5317,3,3,1.7256999999999998,0.17421713463376678,0.10095447333474347,1.5348,1.8761,0.34130000000000016,81,1.8761,144.0,2,80;82,1.5348;1.7662,0.34130000000000016,0.18191994030168976,False
KJ-01,kj_sv_40xx0.75-1,5318,7,7,1.750014285714286,0.5323142756823623,0.30417710302581497,0.9723,2.7734,1.8011,87,2.7734,182.0,0,,,,,False
KJ-01,kj_sv_40xx0.75-1,5319,7,7,1.459442857142857,0.13236108261296517,0.09069288459302045,1.1609,1.518,0.3571,84,1.5172,128.0,2,83;85,1.5138;1.518,0.0034000000000000696,0.002240970208278453,False
KJ-01,kj_sv_40xx0.75-1,5320,8,8,1.5503625,0.11503075287566739,0.07419603665314878,1.3379,1.6365,0.2986,84,1.6365,123.0,2,83;85,1.6224;1.6063,0.030200000000000005,0.018454017720745494,False
KJ-01,kj_sv_40xx0.75-1,5322,8,8,1.8362375,0.2774613071480161,0.15110317001369164,1.6055,2.4565,0.8510000000000002,82,2.4565,288.0,2,81;83,1.8881;1.883,0.5735000000000001,0.23346224302869942,True
KJ-01,kj_sv_40xx0.75-1,5323,7,6,1.5809,0.09253274015179705,0.058531684579541436,1.4085,1.6875,0.2789999999999999,86,1.6072,134.0,2,85;87,1.6875;1.4085,0.19869999999999988,0.12363115978098549,False
KJ-01,kj_sv_40xx0.75-1,5325,7,7,1.6663714285714286,0.13017805388883993,0.07812067085214063,1.455,1.8923,0.4373,82,1.6899,118.0,2,81;83,1.6076;1.6386,0.08230000000000004,0.04870110657435354,False
KJ-01,kj_sv_40xx0.75-1,5326,5,5,1.3866600000000002,0.23783171151047122,0.1715140780800421,1.078,1.6324,0.5544,81,1.6324,79.0,2,80;82,1.5435;1.4839,0.14850000000000008,0.09097035040431271,False
KJ-01,kj_sv_40xx0.75-1,5327,4,4,1.621225,0.049516150563898555,0.03054242968366424,1.5607,1.6789,0.11820000000000008,84,1.6789,124.0,1,83,1.5607,0.11820000000000008,0.07040324021680867,False
KJ-01,kj_sv_40xx0.75-1,5329,3,3,1.5433666666666666,0.15410276873999812,0.09984844954104542,1.3656,1.6391,0.2735000000000001,80,1.6254,187.0,1,81,1.6391,0.013700000000000045,0.008428694475206132,False
KJ-01,kj_sv_40xx0.75-1,5330,8,8,1.5469374999999999,0.11517499651151969,0.07445355517693487,1.3415,1.6207,0.2792000000000001,85,1.6077,134.0,2,84;86,1.6055;1.6207,0.013000000000000123,0.00808608571250863,False
KJ-01,kj_sv_40xx0.75-1,5331,8,8,1.57425,0.05891378688994866,0.03742339964424244,1.4848,1.6793,0.19450000000000012,86,1.6793,135.0,2,85;87,1.5939;1.5601,0.11919999999999997,0.0709819567677008,False
KJ-01,kj_sv_40xx0.75-1,5332,8,8,2.2282125,0.5561542757121059,0.2495966052214974,1.2019,2.8074,1.6055,84,2.8074,345.0,2,83;85,2.609;2.7288,0.1983999999999999,0.07067037116192916,False
KJ-01,kj_sv_40xx0.75-1,5340,8,8,1.5922125,0.29245421833413265,0.18367788114597308,1.1353,1.8921,0.7567999999999999,86,1.8921,99.0,2,85;87,1.8921;1.1353,0.7567999999999999,0.39997885946831563,True
KJ-01,kj_sv_40xx0.75-1,5342,5,5,1.48902,0.16656898570862466,0.11186484110933678,1.1921,1.5827,0.39060000000000006,80,1.5827,133.0,1,81,1.5438,0.038899999999999935,0.024578252353572968,False
KJ-01,kj_sv_40xx0.75-1,5345,7,6,1.5780666666666665,0.11804247822994339,0.07480195908280812,1.3541,1.6918,0.3376999999999999,86,1.6357,147.0,2,85;87,1.6918;1.5579,0.07779999999999987,0.04756373418108447,False
KJ-01,kj_sv_40xx0.75-1,5347,8,8,1.6424500000000002,0.11365748042756738,0.0691999637295305,1.5202,1.8028,0.28259999999999996,86,1.7956,153.0,2,85;87,1.6752;1.5202,0.2754000000000001,0.15337491646246385,False
KJ-01,kj_sv_40xx0.75-1,5348,8,8,1.851225,0.09101159659233377,0.04916290380279748,1.6766,1.9667,0.2900999999999998,84,1.8103,193.0,2,83;85,1.7799;1.9,0.08969999999999989,0.04954979837595973,False
KJ-01,kj_sv_40xx0.75-1,5349,8,8,1.5372625,0.05654714689025937,0.03678431425358999,1.4394,1.627,0.1876,83,1.5196,127.0,2,82;84,1.5137;1.5331,0.013499999999999845,0.008883916820215745,False
KJ-01,kj_sv_40xx0.75-1,5352,7,6,1.4812666666666665,0.3611388523361433,0.24380407691804987,0.7633,1.7129,0.9496000000000001,84,1.6467,109.0,2,83;85,1.7055;1.5477,0.09899999999999998,0.06012024048096191,False
KJ-01,kj_sv_40xx0.75-1,5354,5,5,1.52556,0.11920479436666966,0.07813838483354942,1.339,1.6056,0.26659999999999995,81,1.4722,140.0,2,80;82,1.6055;1.6055,0.13329999999999997,0.09054476293981795,False
KJ-01,kj_sv_40xx0.75-1,5355,4,4,1.5713499999999998,0.044455558332638936,0.028291315322900017,1.5139,1.6074,0.09349999999999992,82,1.6074,273.0,1,83,1.6055,0.0019000000000000128,0.001182033096926722,False
KJ-01,kj_sv_40xx0.75-1,5356,6,5,1.75454,0.19009799578112332,0.10834634478616807,1.5137,1.8925,0.3788,85,1.8925,131.0,1,84,1.8921,0.000400000000000178,0.00021136063408199628,False
KJ-01,kj_sv_40xx0.75-1,5358,7,7,1.516942857142857,0.10335330759330438,0.06813263077553829,1.3917,1.6634,0.27170000000000005,84,1.5682,132.0,2,83;85,1.4176;1.6112,0.15060000000000007,0.09603366917485019,False
KJ-01,kj_sv_40xx0.75-1,5361,3,3,1.6423666666666668,0.13835061739411697,0.084238568769124,1.5603,1.8021,0.24180000000000001,81,1.5603,168.0,1,82,1.8021,0.24180000000000001,0.15497019803883869,False
KJ-01,kj_sv_40xx0.75-1,5363,7,7,1.5536428571428573,0.07612055914015298,0.04899488887693171,1.3915,1.6274,0.2359,85,1.6274,152.0,2,84;86,1.5922;1.5857,0.04169999999999985,0.0256236942362049,False
KJ-01,kj_sv_40xx0.75-1,5366,7,7,1.693357142857143,0.14524740797621669,0.08577482227473039,1.559,1.9859,0.42690000000000006,87,1.9859,186.0,1,86,1.7732,0.2126999999999999,0.10710509089077995,False
KJ-01,kj_sv_40xx0.75-1,5368,7,7,1.5994428571428574,0.08129470784626468,0.05082689105347868,1.428,1.665,0.2370000000000001,81,1.6475,154.0,1,82,1.6562,0.00869999999999993,0.005280728376327727,False
KJ-01,kj_sv_40xx0.75-1,5369,7,7,1.6653285714285713,0.16838879331560552,0.1011144564529727,1.3752,1.8943,0.5191000000000001,86,1.7667,140.0,2,85;87,1.6834;1.6282,0.13849999999999985,0.07839474726891937,False
KJ-01,kj_sv_40xx0.75-1,5370,5,4,1.536,0.13235213132649837,0.08616675216568905,1.3379,1.6102,0.2723,85,1.6102,97.0,1,84,1.6059,0.0042999999999999705,0.00267047571730218,False
KJ-01,kj_sv_40xx0.75-1,5371,3,3,1.4726666666666663,0.27707820797264676,0.1881472666179132,1.153,1.644,0.4909999999999999,83,1.621,92.0,1,82,1.644,0.02299999999999991,0.014188772362738994,False
KJ-01,kj_sv_40xx0.75-1,5373,4,4,1.8329749999999998,0.45371339980946856,0.2475284168139056,1.2563,2.2454,0.9891000000000001,81,2.1403,277.0,0,,,,,False
KJ-01,kj_sv_40xx0.75-1,5374,4,4,1.525225,0.28717677917965445,0.1882848623512298,1.1011,1.7137,0.6126,81,1.6891,141.0,0,,,,,False
KJ-01,kj_sv_40xx0.75-1,5378,7,7,1.6673571428571428,0.05344463980428278,0.032053504573532066,1.5771,1.7432,0.16610000000000014,86,1.7432,150.0,2,85;87,1.6918;1.6273,0.11590000000000011,0.06648692060578253,False
KJ-01,kj_sv_40xx0.75-1,5379,7,7,1.513828571428571,0.16709600747559983,0.11037974221738629,1.153,1.6527,0.49970000000000003,86,1.6527,129.0,2,85;87,1.6182;1.5208,0.13190000000000013,0.07980879772493503,False
KJ-01,kj_sv_40xx0.75-1,5380,7,7,1.6541428571428571,0.1731077396415583,0.10465102146048087,1.3009,1.7881,0.4872000000000001,85,1.7568,144.0,2,84;86,1.7881;1.7338,0.031300000000000106,0.017816484517304252,False
KJ-01,kj_sv_40xx0.75-1,5382,7,7,2.898828571428571,0.5389528201809063,0.1859209011160343,1.6865,3.1971,1.5105999999999997,85,3.1681,271.0,2,84;86,3.1027;3.1971,0.0653999999999999,0.020643287775007072,False
KJ-01,kj_sv_40xx0.75-1,5383,3,3,1.6055,0.0,0.0,1.6055,1.6055,0.0,82,1.6055,130.0,2,81;83,1.6055;1.6055,0.0,0.0,False
KJ-01,kj_sv_40xx0.75-1,5384,7,7,1.637757142857143,0.2216314798424241,0.13532621781504048,1.3338,1.8922,0.5584,83,1.8029,149.0,2,82;84,1.8922;1.5137,0.2891999999999999,0.16040823118309386,False
KJ-01,kj_sv_40xx0.75-1,5386,6,6,1.3333833333333331,0.13979731637862963,0.10484405563188605,1.0825,1.4819,0.3994,85,1.3906,107.0,2,84;86,1.3973;1.2731,0.11750000000000016,0.08449590104990663,False
KJ-01,kj_sv_40xx0.75-1,5387,7,7,2.304528571428571,0.7076233195570595,0.30705773333866965,1.1716,3.096,1.9244,86,3.096,258.0,2,85;87,2.957;2.8342,0.26180000000000003,0.0845607235142119,False
KJ-01,kj_sv_40xx0.75-1,5388,6,6,2.1408833333333335,0.18228282877623628,0.08514374694693137,1.8923,2.2967,0.40439999999999987,82,2.2967,309.0,2,81;83,1.8923;2.2706,0.40439999999999987,0.176078721644098,False
KJ-01,kj_sv_40xx0.75-1,5389,7,7,1.5594428571428571,0.13484859234394278,0.08647228830879156,1.3511,1.774,0.42290000000000005,81,1.774,160.0,1,82,1.6244,0.14959999999999996,0.08432919954904168,False
KJ-01,kj_sv_40xx0.75-1,5390,4,4,1.6915,0.06881283794951833,0.040681547708849145,1.6318,1.7724,0.14060000000000006,83,1.7724,275.0,1,84,1.7249,0.047499999999999876,0.02679981945384782,False
KJ-01,kj_sv_40xx0.75-1,5393,7,7,1.6057285714285714,0.049054415848990764,0.03054963131492917,1.5572,1.7033,0.14610000000000012,85,1.6159,134.0,2,84;86,1.5583;1.7033,0.08740000000000014,0.05408750541493914,False
KJ-01,kj_sv_40xx0.75-1,5394,6,6,1.5658500000000002,0.08218403129562332,0.05248525164966204,1.4269,1.6497,0.2227999999999999,85,1.6497,138.0,2,84;86,1.5375;1.6414,0.11219999999999986,0.06801236588470623,False
KJ-01,kj_sv_40xx0.75-1,5396,6,6,1.5336666666666667,0.19076512958784336,0.12438500081798089,1.2041,1.7245,0.5204,85,1.5197,234.0,2,84;86,1.5165;1.5137,0.006000000000000005,0.003948147660722514,False
KJ-01,kj_sv_40xx0.75-1,5397,7,7,1.547957142857143,0.07683787818393688,0.04963824647116089,1.5138,1.7218,0.20799999999999996,86,1.5172,139.0,2,85;87,1.5168;1.5158,0.0014000000000000679,0.0009227524387029184,False
KJ-01,kj_sv_40xx0.75-1,5400,4,4,1.5387499999999998,0.23791007404759745,0.15461255827626155,1.1827,1.6783,0.4955999999999998,83,1.6392,153.0,2,82;84,1.6783;1.6548,0.03909999999999991,0.023853099072718344,False
KJ-01,kj_sv_40xx0.75-1,5401,7,7,1.4196428571428572,0.09723735319897832,0.06849423621563253,1.3615,1.6226,0.2611000000000001,86,1.6226,136.0,2,85;87,1.466;1.3621,0.26049999999999995,0.16054480463453713,False
KJ-01,kj_sv_40xx0.75-1,5404,7,7,1.5307714285714287,0.11801229758356702,0.0770933500461923,1.3916,1.6919,0.3003,84,1.6919,122.0,2,83;85,1.4972;1.5701,0.19469999999999987,0.11507772326969672,False
KJ-01,kj_sv_40xx0.75-1,5405,7,7,1.5184857142857144,0.006747945013466058,0.004443864667268369,1.5137,1.5328,0.019099999999999895,85,1.5201,132.0,2,84;86,1.5175;1.5328,0.012699999999999934,0.008354713505690371,False
KJ-01,kj_sv_40xx0.75-1,5407,6,6,1.6128,0.14413263336246926,0.0893679522336739,1.514,1.8921,0.3780999999999999,81,1.6055,234.0,1,82,1.5316,0.07389999999999985,0.04602927436935525,False
KJ-01,kj_sv_40xx0.75-1,5410,7,7,1.8762571428571424,0.23444191787550026,0.12495191225148108,1.5699,2.1449,0.5749999999999997,84,2.1407,192.0,2,83;85,1.7751;2.1449,0.3655999999999999,0.17078525715887324,False
KJ-01,kj_sv_40xx0.75-1,5415,6,5,1.5340799999999999,0.09216011610235747,0.06007516954940908,1.3738,1.6003,0.22650000000000015,85,1.553,158.0,1,86,1.5906,0.03760000000000008,0.02421120412105607,False
KJ-01,kj_sv_40xx0.75-1,5416,7,6,1.6960666666666666,0.07648159691498779,0.04509350865629562,1.5996,1.7851,0.1855,85,1.7209,247.0,2,84;86,1.7578;1.7037,0.03689999999999993,0.021442268580393938,False
KJ-01,kj_sv_40xx0.75-1,5417,7,6,1.4500000000000002,0.09054556863811727,0.0624452197504257,1.3657,1.6144,0.24870000000000014,86,1.6144,134.0,2,85;87,1.471;1.4456,0.16880000000000006,0.10455896927651143,False
KJ-01,kj_sv_40xx0.75-1,5418,6,5,1.6179,0.10263052664777665,0.0634344067295733,1.5137,1.7245,0.21079999999999988,84,1.7245,137.0,2,83;85,1.7196;1.6114,0.11309999999999998,0.06558422731226442,False
KJ-01,kj_sv_40xx0.75-1,5420,4,4,3.4989500000000002,0.6957964525156287,0.19885864402624465,2.8911,4.3021,1.4110000000000005,83,3.8589,363.0,2,82;84,4.3021;2.8911,0.9678000000000004,0.25079685920858286,True
KJ-01,kj_sv_40xx0.75-1,5421,6,6,2.930966666666667,1.0022235193142628,0.34194299468239014,1.6101,3.6826,2.0725,86,3.5043,321.0,2,85;87,3.5336;3.6826,0.17829999999999968,0.05088034700225428,False
KJ-01,kj_sv_40xx0.75-1,5422,6,6,1.5527666666666666,0.08702596547391281,0.056045745534151606,1.4381,1.6905,0.25239999999999996,85,1.5971,121.0,2,84;86,1.4381;1.4916,0.15900000000000003,0.0995554442426899,False
KJ-01,kj_sv_40xx0.75-1,5424,4,3,2.0549,0.5469217220041641,0.2661549087567104,1.7216,2.6861,0.9645000000000001,86,1.757,244.0,1,85,1.7216,0.035399999999999876,0.02014797951052924,False
KJ-01,kj_sv_40xx0.75-1,5425,4,3,1.4558333333333333,0.13433898664696467,0.09227635030129228,1.3672,1.6104,0.24320000000000008,84,1.6104,251.0,1,85,1.3672,0.24320000000000008,0.1510183805265773,False
KJ-01,kj_sv_40xx0.75-1,5430,6,6,1.5948666666666667,0.07608360313935364,0.04770530648707539,1.5098,1.6896,0.17979999999999996,86,1.6896,134.0,2,85;87,1.6637;1.5098,0.17979999999999996,0.10641571969696967,False
KJ-01,kj_sv_40xx0.75-1,5431,6,6,1.6806666666666665,0.09646731398078146,0.057398243146042124,1.5266,1.8169,0.2903,85,1.8169,116.0,2,84;86,1.7333;1.6952,0.12169999999999992,0.06698222246683908,False
KJ-01,kj_sv_40xx0.75-1,5434,6,6,1.8538499999999998,0.26903960117425085,0.14512479498031172,1.5936,2.3345,0.7408999999999999,86,2.3345,332.0,2,85;87,1.8948;1.6061,0.7283999999999997,0.312015420860998,True
KJ-01,kj_sv_40xx0.75-1,5436,3,3,1.3805333333333334,0.4681501504147289,0.33910818312830465,0.8401,1.6614,0.8213,85,1.6401,154.0,0,,,,,False
KJ-01,kj_sv_40xx0.75-1,5438,5,5,1.8189,0.08144366150904565,0.04477632718073872,1.6984,1.8926,0.19420000000000015,84,1.8926,200.0,1,85,1.7848,0.10780000000000012,0.05695868117933008,False
KJ-01,kj_sv_40xx0.75-1,5440,6,6,1.64745,0.07119597600988413,0.04321586452389094,1.5603,1.7353,0.17500000000000004,86,1.7086,137.0,2,85;87,1.6693;1.5716,0.1369999999999998,0.080182605642046,False
KJ-01,kj_sv_40xx0.75-1,5442,6,6,1.6435000000000002,0.19410280781070627,0.11810332084618573,1.5137,1.8959,0.3821999999999999,85,1.5184,143.0,2,84;86,1.8921;1.5137,0.3736999999999999,0.2461143308746048,False
KJ-01,kj_sv_40xx0.75-1,5448,6,6,1.4943,0.14403763397112573,0.09639137654495465,1.2049,1.5862,0.3813,83,1.5741,139.0,2,82;84,1.2049;1.5862,0.3692,0.2345467251127628,False
KJ-01,kj_sv_40xx0.75-1,5449,3,3,1.9409999999999998,0.5947491824290304,0.3064137982632821,1.5268,2.6225,1.0957000000000001,83,2.6225,252.0,2,82;84,1.6737;1.5268,1.0957000000000001,0.4178074356530029,True
KJ-01,kj_sv_40xx0.75-1,5450,5,5,2.22136,0.8790819006213243,0.39574040255578763,1.3742,3.1768,1.8026,84,3.1768,244.0,1,83,3.1622,0.014600000000000168,0.0045958196927726545,False
KJ-01,kj_sv_40xx0.75-1,5451,6,6,1.5585166666666668,0.22355111645139836,0.14343838678961726,1.1498,1.7812,0.6314,85,1.6633,136.0,2,84;86,1.6335;1.6528,0.02980000000000005,0.017916190705224582,False
KJ-01,kj_sv_40xx0.75-1,5454,6,6,1.4473166666666666,0.28808287985693753,0.1990461980379352,1.223,2.0245,0.8015000000000001,82,2.0245,315.0,1,83,1.3707,0.6538000000000002,0.3229439367745123,True
KJ-01,kj_sv_40xx0.75-1,5456,6,6,1.524,0.3332296985564161,0.21865465784541738,0.8455,1.6935,0.848,86,1.6935,119.0,2,85;87,1.6783;1.6538,0.03970000000000007,0.02344257454974908,False
KJ-01,kj_sv_40xx0.75-1,5457,4,4,1.295775,0.3913460904365853,0.3020170094627426,0.7212,1.5568,0.8356,85,1.5568,129.0,1,86,1.5301,0.026699999999999946,0.01715056526207602,False
KJ-01,kj_sv_40xx0.75-1,5458,3,3,1.764,0.1686959098496464,0.09563260195558186,1.5914,1.9285,0.3371000000000002,83,1.7721,140.0,1,82,1.5914,0.18070000000000008,0.10196941481857688,False
KJ-01,kj_sv_40xx0.75-1,5460,6,6,1.2067166666666667,0.3566309824828273,0.2955382919073746,0.6495,1.5602,0.9107000000000001,87,1.4012,92.0,1,86,1.3948,0.006399999999999961,0.004567513559805853,False
KJ-01,kj_sv_40xx0.75-1,5461,3,3,1.5959,0.0360767237980391,0.022605879941123563,1.5543,1.6186,0.06430000000000002,82,1.5543,127.0,1,83,1.6148,0.0605,0.0389242745930644,False
KJ-01,kj_sv_40xx0.75-1,5462,6,6,1.74355,0.12160895937388824,0.06974790477697126,1.5569,1.8921,0.33519999999999994,87,1.651,317.0,1,86,1.7994,0.1484000000000001,0.08988491823137498,False
KJ-01,kj_sv_40xx0.75-1,5467,4,4,1.5606499999999999,0.012722028140198379,0.008151749681349681,1.5496,1.5788,0.029199999999999893,82,1.555,128.0,1,83,1.5592,0.0041999999999999815,0.0027009646302250685,False
KJ-01,kj_sv_40xx0.75-1,5469,4,4,1.6054499999999998,0.10598253000691515,0.06601422031636935,1.4575,1.709,0.25150000000000006,83,1.709,214.0,2,82;84,1.6206;1.6347,0.08840000000000003,0.05172615564657696,False
KJ-01,kj_sv_40xx0.75-1,5470,6,6,1.5184500000000003,0.08046817383288872,0.052993627602416084,1.4089,1.6124,0.20350000000000001,85,1.6124,131.0,2,84;86,1.578;1.5674,0.04500000000000015,0.027908707516745318,False
KJ-01,kj_sv_40xx0.75-1,5471,6,6,2.584016666666667,0.21183311749267794,0.08197823188421563,2.1851,2.7093,0.5242,85,2.7093,230.0,2,84;86,2.7052;2.7081,0.0040999999999997705,0.0015133060200050827,False
KJ-01,kj_sv_40xx0.75-1,5472,6,5,1.2358600000000002,0.05113152647828925,0.04137323521943363,1.1746,1.288,0.11339999999999995,84,1.1746,62.0,2,83;85,1.1911;1.2791,0.10449999999999982,0.08896645666609894,False
KJ-01,kj_sv_40xx0.75-1,5473,5,5,1.9798199999999997,0.7045563760267876,0.35586890526754333,0.7895,2.5119,1.7224,85,2.5119,181.0,1,84,2.5028,0.009099999999999664,0.0036227556829490286,False
KJ-01,kj_sv_40xx0.75-1,5475,6,5,1.4428999999999998,0.10148386571273285,0.0703332633673386,1.3383,1.5649,0.2265999999999999,85,1.5345,121.0,2,84;86,1.5649;1.4112,0.12329999999999997,0.08035190615835774,False
KJ-01,kj_sv_40xx0.75-1,5476,5,5,1.49656,0.09566461205691476,0.06392300479560777,1.3819,1.5793,0.19740000000000002,86,1.4037,120.0,2,85;87,1.5488;1.3819,0.1451,0.10336966588302345,False
KJ-01,kj_sv_40xx0.75-1,5477,4,4,1.4924,0.11831263668771821,0.07927676004269514,1.3545,1.5939,0.23940000000000006,85,1.5939,118.0,1,84,1.5881,0.005800000000000027,0.0036388732040906124,False
KJ-01,kj_sv_40xx0.75-1,5478,4,4,1.6941,0.07660152304839196,0.04521664780614602,1.5961,1.7828,0.18669999999999987,86,1.5961,155.0,1,85,1.7054,0.10929999999999995,0.06847941858279553,False
KJ-01,kj_sv_40xx0.75-1,5482,5,5,3.43838,0.9562279733410857,0.27810421574726635,1.9373,4.6025,2.6652,86,1.9373,478.0,2,85;87,3.545;3.4788,1.6077,0.8298663087802611,True
KJ-01,kj_sv_40xx0.75-1,5489,5,5,1.6472799999999999,0.04877152857969495,0.029607309370413625,1.5867,1.692,0.10529999999999995,85,1.692,145.0,2,84;86,1.6909;1.6613,0.03069999999999995,0.01814420803782503,False
KJ-01,kj_sv_40xx0.75-1,5490,5,5,1.4760199999999999,0.17423311108971218,0.11804251371235633,1.1765,1.5968,0.4202999999999999,85,1.5968,141.0,2,84;86,1.5747;1.5618,0.03499999999999992,0.02191883767535065,False
KJ-01,kj_sv_40xx0.75-1,5493,5,5,1.58872,0.04243084962618587,0.026707569380498685,1.542,1.6472,0.10519999999999996,86,1.6472,132.0,2,85;87,1.594;1.5535,0.0936999999999999,0.05688440990772213,False
KJ-01,kj_sv_40xx0.75-1,5494,5,5,1.5817999999999999,0.26338576271317315,0.1665101547055084,1.1483,1.8312,0.6828999999999998,85,1.8312,155.0,2,84;86,1.6319;1.7379,0.19930000000000003,0.10883573612931413,False
KJ-01,kj_sv_40xx0.75-1,5495,4,4,1.651225,0.041205774271736904,0.024954669576669992,1.6025,1.6986,0.09610000000000007,87,1.6365,117.0,0,,,,,False
KJ-01,kj_sv_40xx0.75-1,5500,4,4,1.5406,0.07712643299587152,0.05006259444104344,1.4266,1.5905,0.16389999999999993,84,1.585,93.0,2,83;85,1.5603;1.5905,0.024699999999999944,0.015583596214511006,False
KJ-01,kj_sv_40xx0.75-1,5502,5,5,1.6137599999999999,0.006800220584657575,0.004213898339689654,1.6055,1.6192,0.013700000000000045,83,1.6072,218.0,1,84,1.6182,0.01100000000000012,0.006844201095072251,False
KJ-01,kj_sv_40xx0.75-1,5503,3,3,1.5528333333333333,0.16202383569504,0.10434077644845337,1.3702,1.6793,0.30909999999999993,86,1.609,145.0,1,85,1.3702,0.2387999999999999,0.14841516469857047,False
KJ-01,kj_sv_40xx0.75-1,5504,4,4,1.7165499999999998,0.12156952743183636,0.07082201359228474,1.5571,1.8459,0.28880000000000017,85,1.8459,145.0,2,84;86,1.5571;1.7022,0.28880000000000017,0.15645484587464117,False
KJ-01,kj_sv_40xx0.75-1,5505,4,4,1.573075,0.08395206469567415,0.05336812592894436,1.5205,1.6983,0.17779999999999996,85,1.6983,153.0,1,84,1.5313,0.16699999999999982,0.09833362774539235,False
KJ-01,kj_sv_40xx0.75-1,5507,5,5,1.53744,0.03670276556337411,0.023872649055165802,1.4723,1.5584,0.08610000000000007,83,1.5584,155.0,1,84,1.5552,0.0032000000000000917,0.0020533880903491346,False
KJ-01,kj_sv_40xx0.75-1,5508,5,5,1.61084,0.09531509848916901,0.059171052673865195,1.5141,1.7127,0.1985999999999999,85,1.7127,147.0,2,84;86,1.5835;1.5336,0.17909999999999981,0.10457172884918539,False
KJ-01,kj_sv_40xx0.75-1,5509,5,5,1.63914,0.0894597563153399,0.054577251677916404,1.5295,1.7655,0.236,83,1.7655,143.0,1,84,1.6803,0.08520000000000016,0.048258283772302554,False
KJ-01,kj_sv_40xx0.75-1,5510,4,4,1.6733250000000002,0.2503953191122656,0.1496393821357271,1.3379,1.8731,0.5351999999999999,85,1.8562,167.0,1,84,1.6261,0.23009999999999997,0.12396293502855293,False
KJ-01,kj_sv_40xx0.75-1,5516,3,3,1.3882333333333332,0.43882028591820293,0.31609980496905155,0.882,1.6603,0.7783000000000001,83,1.6603,115.0,1,84,1.6224,0.037900000000000045,0.022827199903631898,False
KJ-01,kj_sv_40xx0.75-1,5518,4,3,1.6161999999999999,0.05697376589273348,0.0352516804187189,1.5553,1.6682,0.1129,85,1.6682,195.0,1,86,1.6251,0.043099999999999916,0.02583623066778559,False
KJ-01,kj_sv_40xx0.75-1,5519,5,5,2.32166,0.7328665212710976,0.31566487826430123,1.1216,2.8136,1.6920000000000002,86,2.8136,225.0,2,85;87,2.766;2.7956,0.04760000000000009,0.016917827694057464,False
KJ-01,kj_sv_40xx0.75-1,5521,4,4,1.7569249999999998,0.08866620457273078,0.050466698676796554,1.6861,1.8844,0.19830000000000014,83,1.7097,248.0,1,84,1.6861,0.023600000000000065,0.013803591273322844,False
KJ-01,kj_sv_40xx0.75-1,5522,5,4,1.523225,0.12780626940803802,0.08390504975170314,1.3682,1.6303,0.2621,86,1.6258,131.0,2,85;87,1.6303;1.4686,0.1572,0.09669085988436463,False
KJ-01,kj_sv_40xx0.75-1,5523,5,5,1.52448,0.04694610739986867,0.030794833254531816,1.4416,1.5535,0.11190000000000011,85,1.538,133.0,2,84;86,1.552;1.5373,0.014000000000000012,0.009102730819245782,False
KJ-01,kj_sv_40xx0.75-1,5524,4,3,1.6668666666666667,0.16257485455424323,0.09753320874749623,1.5627,1.8542,0.2915000000000001,85,1.8542,149.0,1,86,1.5837,0.27049999999999996,0.14588501779743282,False
KJ-01,kj_sv_40xx0.75-1,5527,5,4,1.5798,0.08453902451925184,0.05351248545338134,1.5159,1.7039,0.18799999999999994,86,1.5582,126.0,2,85;87,1.7039;1.5159,0.14569999999999994,0.09350532665896544,False
KJ-01,kj_sv_40xx0.75-1,5530,4,4,1.2217,0.13630876714283643,0.11157302704660427,1.0807,1.3385,0.25780000000000003,85,1.3385,42.0,2,84;86,1.1291;1.3385,0.20940000000000003,0.15644378035113934,False
KJ-01,kj_sv_40xx0.75-1,5531,4,4,1.5272,0.1386317664414136,0.09077512208054846,1.338,1.6481,0.3100999999999998,84,1.6481,159.0,1,85,1.6109,0.0371999999999999,0.02257144590740847,False
KJ-01,kj_sv_40xx0.75-1,5532,4,3,1.1697666666666666,0.31765179573446983,0.27155141686473355,0.8032,1.3642,0.561,84,1.3642,69.0,1,85,1.3419,0.022299999999999986,0.01634657674827737,False
KJ-01,kj_sv_40xx0.75-1,5533,4,4,1.4898500000000001,0.05295787634211427,0.03554577732128353,1.4106,1.5214,0.11080000000000001,85,1.5214,144.0,2,84;86,1.5137;1.5137,0.00770000000000004,0.00506112790850535,False
KJ-01,kj_sv_40xx0.75-1,5534,3,3,1.753966666666667,0.06623641999182421,0.03776378493994044,1.6969,1.8266,0.12969999999999993,85,1.8266,250.0,2,84;86,1.6969;1.7384,0.12969999999999993,0.07100624110368987,False
KJ-01,kj_sv_40xx0.75-1,5537,3,3,1.4232666666666667,0.312852830150749,0.21981322086567215,1.0776,1.687,0.6094000000000002,84,1.687,63.0,1,85,1.5052,0.18179999999999996,0.10776526378186127,False
KJ-01,kj_sv_40xx0.75-1,5539,4,4,1.5137,0.0,0.0,1.5137,1.5137,0.0,86,1.5137,132.0,2,85;87,1.5137;1.5137,0.0,0.0,False
KJ-01,kj_sv_40xx0.75-1,5540,4,4,1.53305,0.017984715733088522,0.011731330180417157,1.5145,1.5577,0.04320000000000013,86,1.5301,140.0,2,85;87,1.5299;1.5145,0.015600000000000058,0.010195412064570981,False
KJ-01,kj_sv_40xx0.75-1,5541,4,4,1.53975,0.13210047943390166,0.08579345960961303,1.3416,1.6063,0.26470000000000016,84,1.6063,146.0,1,85,1.6056,0.000700000000000145,0.0004357841001059235,False
KJ-01,kj_sv_40xx0.75-1,5542,4,4,1.640425,0.0904378746248864,0.055130758568594354,1.5601,1.7278,0.16769999999999996,86,1.7278,135.0,2,85;87,1.7091;1.5647,0.16310000000000002,0.09439749971061467,False
KJ-01,kj_sv_40xx0.75-1,5544,4,4,1.601075,0.07545468286770989,0.04712751299452548,1.49,1.6585,0.1685000000000001,86,1.6585,145.0,2,85;87,1.6296;1.49,0.1685000000000001,0.10159782936388308,False
KJ-01,kj_sv_40xx0.75-1,5547,3,3,1.611133333333333,0.020926617818781357,0.012988756042608532,1.5936,1.6343,0.04070000000000018,85,1.6343,190.0,1,84,1.6055,0.02880000000000016,0.017622223581961794,False
KJ-01,kj_sv_40xx0.75-1,5549,4,4,1.5981,0.18226886733614164,0.11405348059329305,1.3302,1.7238,0.39359999999999995,86,1.7007,139.0,2,85;87,1.7238;1.6377,0.06300000000000017,0.03704357029458468,False
KJ-01,kj_sv_40xx0.75-1,5551,3,3,1.6566333333333334,0.048083503754752954,0.029024831739926128,1.6018,1.6916,0.0898000000000001,86,1.6916,238.0,1,87,1.6018,0.0898000000000001,0.0530858358950107,False
KJ-01,kj_sv_40xx0.75-1,5552,4,4,2.60185,0.14539549511590788,0.05588158238019404,2.3849,2.6927,0.30779999999999985,86,2.6563,184.0,2,85;87,2.6927;2.6735,0.03639999999999999,0.01370327146783119,False
KJ-01,kj_sv_40xx0.75-1,5554,4,4,1.4083999999999999,0.1325647514738866,0.09412436202349235,1.3398,1.6072,0.26739999999999986,86,1.6072,130.0,2,85;87,1.3398;1.3404,0.26739999999999986,0.16637630662020897,False
KJ-01,kj_sv_40xx0.75-1,5558,4,4,1.522475,0.0659723363741703,0.04333229535734268,1.4303,1.5784,0.14810000000000012,86,1.5603,119.0,2,85;87,1.5784;1.5209,0.0394000000000001,0.025251554188297186,False
KJ-01,kj_sv_40xx0.75-1,5559,4,4,1.360725,0.17621932120703074,0.12950399324406528,1.1246,1.5313,0.40670000000000006,85,1.5313,121.0,2,84;86,1.1246;1.449,0.40670000000000006,0.2655913276301182,False
KJ-01,kj_sv_40xx0.75-1,5560,4,4,1.632425,0.1031347136839322,0.06317883742526131,1.4787,1.6919,0.21320000000000006,86,1.6673,131.0,2,85;87,1.6918;1.4787,0.1886000000000001,0.1131170155340971,False
KJ-01,kj_sv_40xx0.75-1,5562,4,4,1.52445,0.012702099563982825,0.008332250689745696,1.5137,1.5385,0.024799999999999933,86,1.5385,129.0,2,85;87,1.5137;1.5137,0.024799999999999933,0.016119597010074704,False
KJ-01,kj_sv_40xx0.75-1,5564,4,3,1.6118666666666666,0.11634286971419143,0.07217896623843459,1.5103,1.7388,0.22849999999999993,86,1.7388,125.0,2,85;87,1.5103;1.5865,0.22849999999999993,0.13141246836899007,False
KJ-01,kj_sv_40xx0.75-1,5571,4,4,1.5172250000000003,0.20928631703960004,0.13794019808505661,1.219,1.6639,0.44489999999999985,86,1.6618,138.0,2,85;87,1.6639;1.5242,0.13759999999999994,0.0828017812011072,False
KJ-01,kj_sv_40xx0.75-1,5573,4,4,1.395325,0.23922252367478558,0.1714457374982786,1.0365,1.5173,0.4808000000000001,87,1.5137,106.0,1,86,1.5138,9.999999999998899e-05,6.606328863050075e-05,False
KJ-01,kj_sv_40xx0.75-1,5575,4,4,1.341425,0.21277711930562457,0.15862021306120325,1.0844,1.6055,0.5210999999999999,86,1.6055,120.0,2,85;87,1.3379;1.3379,0.26759999999999984,0.16667704764870747,False
KJ-01,kj_sv_40xx0.75-1,5576,4,4,1.5671249999999999,0.020566052124800165,0.013123428012953763,1.5536,1.5977,0.044099999999999806,86,1.5977,132.0,2,85;87,1.5603;1.5569,0.04079999999999995,0.02553670901921509,False
KJ-01,kj_sv_40xx0.75-1,5578,4,4,1.6937499999999999,0.20632189252072428,0.12181366348087043,1.5137,1.8921,0.37839999999999985,86,1.8921,134.0,2,85;87,1.8516;1.5176,0.37449999999999983,0.19792822789493147,False
KJ-01,kj_sv_40xx0.75-1,5586,4,4,1.4665000000000001,0.05564213032106756,0.037942127733424855,1.4065,1.5139,0.10739999999999994,86,1.5139,163.0,2,85;87,1.4318;1.4065,0.10739999999999994,0.07094259858643236,False
KJ-01,kj_sv_40xx0.75-1,5588,4,4,1.612475,0.18652582260909606,0.1156767221873803,1.5137,1.8921,0.37839999999999985,85,1.5159,146.0,2,84;86,1.5137;1.8921,0.37619999999999987,0.24816940431426865,False
KJ-01,kj_sv_40xx0.75-1,5589,4,4,1.273975,0.25315106655908043,0.19870960306056273,1.0703,1.6055,0.5351999999999999,86,1.3379,91.0,2,85;87,1.6055;1.0822,0.26759999999999984,0.20001494880035864,False
KJ-01,kj_sv_40xx0.75-1,5598,4,4,1.365275,0.2704651841426791,0.19810308116876021,1.1353,1.6581,0.5227999999999999,85,1.5324,102.0,2,84;86,1.6581;1.1353,0.3971,0.2591359958235448,False
KJ-01,kj_sv_40xx0.75-1,5599,4,3,1.5782333333333334,0.038044885771064324,0.024105995588568012,1.5345,1.6037,0.06919999999999993,86,1.5965,123.0,2,85;87,1.6037;1.5345,0.062000000000000055,0.03883495145631071,False
KJ-01,kj_sv_40xx0.75-1,5601,3,3,1.7041333333333333,0.24097701826799445,0.1414073732110131,1.4678,1.9495,0.4817,85,1.9495,146.0,1,86,1.6951,0.25439999999999996,0.13049499871761988,False
KJ-01,kj_sv_40xx0.75-1,5605,3,3,1.389,0.21598673570383906,0.15549800986597484,1.1396,1.5137,0.3741000000000001,87,1.5137,124.0,1,86,1.5137,0.0,0.0,False
KJ-01,kj_sv_40xx0.75-1,5606,3,3,1.5724666666666665,0.050895415641620714,0.032366610193085635,1.5137,1.6023,0.08860000000000001,87,1.5137,166.0,1,86,1.6023,0.08860000000000001,0.05853207372663012,False
KJ-01,kj_sv_40xx0.75-1,5607,3,3,1.6124,0.03686461718233349,0.022863195970189463,1.5704,1.6394,0.06899999999999995,85,1.6274,137.0,1,86,1.6394,0.01200000000000001,0.007373724960058997,False
KJ-01,kj_sv_40xx0.75-1,5610,3,3,1.5704333333333331,0.27784818396623245,0.17692453290996063,1.3123,1.8645,0.5522,86,1.8645,113.0,2,85;87,1.3123;1.5345,0.5522,0.296165191740413,True
KJ-01,kj_sv_40xx0.75-1,5613,3,3,1.4664333333333335,0.05187989334350374,0.035378282915580025,1.4104,1.5128,0.10239999999999982,87,1.4761,113.0,1,86,1.5128,0.036699999999999955,0.02486281417248151,False
KJ-01,kj_sv_40xx0.75-1,5614,3,3,1.7169999999999999,0.14206378848953735,0.08273953901545565,1.5532,1.8066,0.25340000000000007,86,1.7912,133.0,2,85;87,1.8066;1.5532,0.238,0.13287181777579277,False
KJ-01,kj_sv_40xx0.75-1,5615,3,3,1.4319,0.06945437351240012,0.04850504470451856,1.3524,1.4808,0.12839999999999985,85,1.4808,135.0,1,86,1.4625,0.018299999999999983,0.012358184764991885,False
KJ-01,kj_sv_40xx0.75-1,5617,3,3,1.4819333333333333,0.13496889765176756,0.09107622766550512,1.3379,1.6055,0.26759999999999984,87,1.5024,137.0,1,86,1.6055,0.10309999999999997,0.06862353567625132,False
KJ-01,kj_sv_40xx0.75-1,5620,3,3,1.7192333333333334,0.1720920199583157,0.10009811735365513,1.5571,1.8998,0.3427,86,1.8998,156.0,2,85;87,1.7008;1.5571,0.3427,0.18038740920096852,False
KJ-01,kj_sv_40xx0.75-1,5622,3,3,1.6602,0.0024020824298928477,0.0014468632874911744,1.6583,1.6629,0.0045999999999999375,87,1.6594,148.0,1,86,1.6583,0.0010999999999998789,0.0006628902012774972,False
KJ-01,kj_sv_40xx0.75-1,5623,3,3,1.6224,0.060490743093468406,0.03728472823808457,1.5825,1.692,0.10949999999999993,86,1.692,135.0,2,85;87,1.5927;1.5825,0.10949999999999993,0.06471631205673754,False
KJ-01,kj_sv_40xx0.75-1,5632,3,3,1.8479,0.07655664569454428,0.04142899815712121,1.7595,1.8921,0.13259999999999983,86,1.8921,385.0,2,85;87,1.7595;1.8921,0.13259999999999983,0.07008086253369264,False
KJ-01,kj_sv_40xx0.75-1,5640,3,3,1.5015,0.0719251694471413,0.04790221075400685,1.4186,1.5473,0.12869999999999981,86,1.5386,115.0,2,85;87,1.5473;1.4186,0.11999999999999988,0.07799298063174306,False
KJ-01,kj_sv_40xx0.75-1,5642,3,3,1.5929333333333335,0.06775753340650272,0.04253632715734246,1.5246,1.6601,0.13549999999999995,86,1.6601,149.0,2,85;87,1.5941;1.5246,0.13549999999999995,0.08162158906089992,False
KJ-01,kj_sv_40xx0.75-1,5645,3,3,1.5222333333333333,0.03448845217363831,0.022656482037557737,1.4843,1.5517,0.06740000000000013,85,1.5517,181.0,1,86,1.5307,0.02100000000000013,0.013533543855126718,False
KJ-01,kj_sv_40xx0.75-1,5646,3,3,1.5473,0.1346725287502986,0.08703711545937995,1.3933,1.643,0.24970000000000003,86,1.643,157.0,2,85;87,1.3933;1.6056,0.24970000000000003,0.1519780888618381,False
KJ-01,kj_sv_40xx0.75-1,5647,3,3,1.3571333333333333,0.006232442004008785,0.0045923579142374505,1.3513,1.3637,0.012399999999999967,86,1.3513,125.0,2,85;87,1.3564;1.3637,0.012399999999999967,0.009176348701250623,False
WT-01,w1118_sv_feb_40xx0.75-1,2,5,5,1.3406600000000002,0.3154625698874591,0.23530393230756422,0.8028,1.6055,0.8027,0,1.6055,117.0,1,1,1.5006,0.1049,0.06533790096543132,False
WT-01,w1118_sv_feb_40xx0.75-1,3,4,4,1.2449,0.12294348295050049,0.09875771784922524,1.0833,1.3412,0.2579,0,1.3412,93.0,1,1,1.3401,0.0010999999999998789,0.0008201610498060534,False
WT-01,w1118_sv_feb_40xx0.75-1,8,4,4,1.28195,0.19887103861548064,0.1551316655216511,1.0833,1.5291,0.4458,0,1.5291,75.0,1,1,1.0833,0.4458,0.2915440455169708,False
WT-01,w1118_sv_feb_40xx0.75-1,10,11,10,1.81601,0.6461567894524947,0.3558112507378785,1.5155,3.6443,2.1288,4,3.6443,241.0,2,3;5,1.673;1.7531,1.9712999999999998,0.5409269269818621,True
WT-01,w1118_sv_feb_40xx0.75-1,12,8,8,1.4075875,0.08392975698250807,0.05962667115366403,1.2768,1.5006,0.2238,5,1.4026,89.0,2,4;6,1.2869;1.4693,0.11570000000000014,0.08248966205618147,False
WT-01,w1118_sv_feb_40xx0.75-1,13,5,5,1.6204,0.02774968468289325,0.01712520654338018,1.5868,1.6633,0.07650000000000001,3,1.6633,205.0,2,2;4,1.6238;1.6171,0.04620000000000002,0.027776107737630024,False
WT-01,w1118_sv_feb_40xx0.75-1,14,7,7,1.6119571428571429,0.21538650419763117,0.13361800910901728,1.1266,1.7125,0.5858999999999999,1,1.6955,135.0,2,0;2,1.7108;1.6947,0.015300000000000091,0.009023886759068175,False
WT-01,w1118_sv_feb_40xx0.75-1,16,7,7,1.4666285714285714,0.12203062066937291,0.08320485707605493,1.338,1.6062,0.2682,6,1.6062,105.0,1,5,1.5495,0.05669999999999997,0.035300709749719814,False
WT-01,w1118_sv_feb_40xx0.75-1,18,8,7,1.7396714285714285,0.11003636844676573,0.06325123620448526,1.6263,1.9115,0.2851999999999999,1,1.8299,289.0,2,0;2,1.9115;1.7844,0.0815999999999999,0.044592600688562155,False
WT-01,w1118_sv_feb_40xx0.75-1,19,3,3,1.6496333333333333,0.2126195977169869,0.1288890042536646,1.5143,1.8947,0.38040000000000007,0,1.8947,133.0,1,1,1.5399,0.3548,0.18725919670660263,False
WT-01,w1118_sv_feb_40xx0.75-1,21,11,7,1.3247142857142857,0.1566152017799404,0.1182256456874348,1.0949,1.5799,0.4850000000000001,2,1.5799,72.0,2,1;3,1.3557;1.3744,0.22420000000000018,0.1419077156782076,False
WT-01,w1118_sv_feb_40xx0.75-1,22,3,3,1.4679666666666666,0.13109699971140962,0.08930516113767997,1.3688,1.6166,0.24780000000000002,0,1.6166,97.0,1,1,1.3688,0.24780000000000002,0.15328467153284672,False
WT-01,w1118_sv_feb_40xx0.75-1,25,5,5,2.0708599999999997,0.33569171571547596,0.16210256401469728,1.6214,2.4294,0.8079999999999998,1,2.3808,324.0,2,0;2,1.9529;2.4294,0.4278999999999997,0.17972950268817195,False
WT-01,w1118_sv_feb_40xx0.75-1,26,17,16,1.42006875,0.1576850266353784,0.11104041732865286,1.0706,1.8738,0.8031999999999999,6,1.4321,103.0,2,5;7,1.4535;1.3746,0.057499999999999885,0.04015082745618315,False
WT-01,w1118_sv_feb_40xx0.75-1,27,4,3,1.5239,0.1592603842768188,0.10450842199410643,1.3401,1.621,0.2808999999999999,0,1.621,92.0,1,1,1.6106,0.010399999999999965,0.006415792720542853,False
WT-01,w1118_sv_feb_40xx0.75-1,30,9,9,1.5856333333333332,0.04091876097830918,0.025805941460810097,1.4934,1.6206,0.12719999999999998,7,1.562,133.0,1,6,1.6118,0.049799999999999844,0.031882202304737414,False
WT-01,w1118_sv_feb_40xx0.75-1,31,13,12,1.5543249999999997,0.14519319496325014,0.09341237833995475,1.3496,1.7372,0.38760000000000017,6,1.6908,109.0,2,5;7,1.6875;1.6224,0.06840000000000002,0.04045422285308731,False
WT-01,w1118_sv_feb_40xx0.75-1,32,9,7,1.4302,0.08386117496593201,0.05863597746184591,1.358,1.5532,0.19519999999999982,2,1.4058,103.0,2,1;3,1.3903;1.5468,0.14100000000000001,0.10029876227059327,False
WT-01,w1118_sv_feb_40xx0.75-1,33,4,3,1.6457333333333333,0.04342906093082527,0.026388880902632222,1.6149,1.6954,0.08050000000000002,1,1.6954,194.0,2,0;2,1.6149;1.6269,0.08050000000000002,0.04748142031379027,False
WT-01,w1118_sv_feb_40xx0.75-1,34,4,4,1.3379249999999998,0.12816225068248452,0.09579180498345165,1.1542,1.4485,0.2943,1,1.3921,128.0,2,0;2,1.3569;1.4485,0.056400000000000006,0.040514330867035424,False
WT-01,w1118_sv_feb_40xx0.75-1,35,9,9,1.7923444444444445,0.579485474604651,0.32331144630197933,1.195,2.9715,1.7764999999999997,6,2.9715,282.0,2,5;7,1.8065;2.442,1.1649999999999998,0.3920578832239609,True
WT-01,w1118_sv_feb_40xx0.75-1,36,4,4,1.4004,0.4409259726227672,0.3148571641122302,0.7438,1.685,0.9412,1,1.5553,122.0,2,0;2,1.685;1.6175,0.12970000000000015,0.08339227158747518,False
WT-01,w1118_sv_feb_40xx0.75-1,37,4,4,1.53675,0.13140285385028735,0.08550698151962736,1.3438,1.6276,0.28379999999999983,0,1.6276,117.0,1,1,1.5643,0.06329999999999991,0.038891619562546026,False
WT-01,w1118_sv_feb_40xx0.75-1,40,6,6,1.6436166666666667,0.035913753168760644,0.02185044353535028,1.6043,1.6881,0.08379999999999987,2,1.6405,112.0,2,1;3,1.6204;1.6214,0.020100000000000007,0.012252362084730269,False
WT-01,w1118_sv_feb_40xx0.75-1,41,3,3,1.9189,0.031789778231374896,0.016566667482086038,1.8822,1.9379,0.05569999999999986,0,1.8822,235.0,0,,,,,False
WT-01,w1118_sv_feb_40xx0.75-1,42,5,5,1.6442799999999997,0.10584997401983619,0.06437466491098609,1.5169,1.7268,0.20989999999999998,1,1.7184,112.0,2,0;2,1.7268;1.5406,0.17779999999999996,0.10346834264432028,False
WT-01,w1118_sv_feb_40xx0.75-1,43,6,5,1.79956,0.09377999786734903,0.05211273748435675,1.6839,1.8921,0.20819999999999994,2,1.8921,136.0,2,1;3,1.8921;1.7985,0.0935999999999999,0.04946884414143011,False
WT-01,w1118_sv_feb_40xx0.75-1,44,4,4,1.68835,0.007100469468046926,0.004205567250894024,1.6777,1.692,0.01429999999999998,0,1.6777,125.0,1,1,1.6919,0.01419999999999999,0.008463968528342369,False
WT-01,w1118_sv_feb_40xx0.75-1,45,9,8,1.840625,0.11789120590006458,0.0640495515925648,1.5918,1.9213,0.3294999999999999,7,1.8943,141.0,2,6;8,1.8921;1.8922,0.002200000000000202,0.0011613788734625991,False
WT-01,w1118_sv_feb_40xx0.75-1,46,5,5,1.60928,0.005040535685817517,0.0031321682279140464,1.6055,1.6178,0.012299999999999978,0,1.6178,122.0,1,1,1.6088,0.008999999999999897,0.005563110396835145,False
WT-01,w1118_sv_feb_40xx0.75-1,47,3,3,3.1769,0.5233596373431946,0.16473909702640768,2.5963,3.6124,1.0161000000000002,2,2.5963,335.0,1,1,3.322,0.7257000000000002,0.2795131533335902,True
WT-01,w1118_sv_feb_40xx0.75-1,48,6,6,1.7989666666666668,0.3318046875296771,0.18444182078397436,1.2626,2.2799,1.0173,3,1.8833,165.0,1,4,1.82,0.06329999999999991,0.0336112143577762,False
WT-01,w1118_sv_feb_40xx0.75-1,49,8,8,1.532125,0.0878974361725886,0.057369624653725124,1.3998,1.6225,0.22270000000000012,4,1.6225,115.0,2,3;5,1.4207;1.6207,0.20179999999999998,0.1243759630200308,False
WT-01,w1118_sv_feb_40xx0.75-1,50,6,6,1.7898833333333333,0.14306309680230844,0.079928727274017,1.5443,1.9116,0.36729999999999996,4,1.9116,156.0,2,3;5,1.9083;1.8427,0.06889999999999996,0.03604310525214478,False
WT-01,w1118_sv_feb_40xx0.75-1,51,11,10,1.69663,0.07260226580486313,0.04279204411383927,1.6239,1.8492,0.22530000000000006,8,1.8492,136.0,2,7;9,1.78;1.624,0.22519999999999984,0.12178239238589653,False
WT-01,w1118_sv_feb_40xx0.75-1,52,9,9,2.8245888888888886,1.0293495657992533,0.36442456098599524,1.5464,3.8224,2.276,2,3.7969,297.0,2,1;3,3.8224;3.5744,0.22250000000000014,0.05860043719876745,False
WT-01,w1118_sv_feb_40xx0.75-1,62,9,8,1.6185375,0.10798719418126787,0.06671899426566753,1.3947,1.7773,0.38260000000000005,4,1.7773,157.0,2,3;5,1.6063;1.608,0.17100000000000004,0.09621335733978509,False
WT-01,w1118_sv_feb_40xx0.75-1,64,6,6,1.7650833333333333,0.17640099111588542,0.09993918575093834,1.5924,2.0548,0.46240000000000014,3,2.0548,209.0,2,2;4,1.683;1.8879,0.37180000000000013,0.18094218415417562,False
WT-01,w1118_sv_feb_40xx0.75-1,69,5,5,1.4819999999999998,0.08240012135913395,0.05560062169982049,1.3675,1.5969,0.22940000000000005,1,1.4845,109.0,2,0;2,1.4601;1.501,0.024399999999999977,0.01643651060963286,False
WT-01,w1118_sv_feb_40xx0.75-1,71,8,7,1.4997142857142858,0.1659821720202849,0.11067586246351631,1.1359,1.6513,0.5154000000000001,3,1.5536,115.0,2,2;4,1.5608;1.538,0.015600000000000058,0.010041194644696227,False
WT-01,w1118_sv_feb_40xx0.75-1,72,6,6,1.6410166666666666,0.19668889563640002,0.11985795125160217,1.338,1.9522,0.6141999999999999,0,1.9522,212.0,1,1,1.6912,0.2609999999999999,0.13369531810265337,False
WT-01,w1118_sv_feb_40xx0.75-1,73,41,40,1.7131149999999997,0.23251506987279064,0.13572648063486145,0.8175,1.9472,1.1297000000000001,37,1.9448,225.0,2,36;38,1.9092;1.8921,0.05270000000000019,0.027097902097902193,False
WT-01,w1118_sv_feb_40xx0.75-1,75,7,7,1.7850142857142857,0.22172939534916147,0.1242171545201023,1.3828,2.0187,0.6358999999999999,1,1.9504,252.0,2,0;2,2.0187;1.9124,0.06830000000000003,0.03501845775225596,False
WT-01,w1118_sv_feb_40xx0.75-1,78,7,6,1.8706500000000001,0.08719726486536146,0.04661335090228608,1.7056,1.947,0.24140000000000006,5,1.9177,253.0,1,4,1.8995,0.018199999999999994,0.009490535537362463,False
WT-01,w1118_sv_feb_40xx0.75-1,79,6,5,1.5364200000000001,0.1382003147608572,0.0899495676708564,1.3391,1.6697,0.3306,0,1.6504,128.0,1,1,1.5637,0.0867,0.05253271934076587,False
WT-01,w1118_sv_feb_40xx0.75-1,81,8,7,1.7848,0.12729883476816795,0.07132386528920212,1.5993,1.893,0.29370000000000007,3,1.8921,141.0,2,2;4,1.5993;1.624,0.29279999999999995,0.154748691929602,False
WT-01,w1118_sv_feb_40xx0.75-1,84,7,6,1.8216166666666664,0.08152907252426381,0.04475643751846646,1.72,1.9108,0.19080000000000008,0,1.72,167.0,1,1,1.7834,0.06340000000000012,0.03686046511627914,False
WT-01,w1118_sv_feb_40xx0.75-1,85,5,5,1.7461600000000002,0.10706167848488085,0.06131263944018924,1.598,1.8702,0.2722,2,1.8702,129.0,2,1;3,1.7259;1.828,0.1443000000000001,0.07715752325954447,False
WT-01,w1118_sv_feb_40xx0.75-1,88,5,5,1.53606,0.11359424721349227,0.0739516992913638,1.3472,1.6091,0.2619,3,1.6078,111.0,2,2;4,1.6091;1.3472,0.26059999999999994,0.16208483642244056,False
WT-01,w1118_sv_feb_40xx0.75-1,89,9,8,1.5373249999999998,0.12273581093435726,0.07983725688085296,1.3381,1.6122,0.2741,3,1.6055,127.0,2,2;4,1.586;1.6062,0.01949999999999985,0.01214574898785416,False
WT-01,w1118_sv_feb_40xx0.75-1,91,5,5,2.24026,0.7906669735103395,0.3529353617483415,1.755,3.6479,1.8929,0,3.6479,348.0,1,1,1.9249,1.7229999999999999,0.4723265440390361,True
WT-01,w1118_sv_feb_40xx0.75-1,96,6,5,1.74118,0.1800827087757178,0.10342567039347902,1.5376,1.8932,0.3555999999999999,1,1.8932,155.0,1,0,1.8927,0.0004999999999999449,0.00026410310585249573,False
WT-01,w1118_sv_feb_40xx0.75-1,99,11,11,1.7082363636363633,0.2422568152714275,0.1418169173941068,1.1723,1.8922,0.7199000000000002,5,1.8921,124.0,1,6,1.8922,0.00010000000000021103,5.285132921104119e-05,False
WT-01,w1118_sv_feb_40xx0.75-1,101,16,16,1.6431499999999999,0.2049074457732889,0.12470404148938861,1.3379,2.1745,0.8366,0,2.1745,199.0,1,1,1.7028,0.4717,0.21692343067371808,False
WT-01,w1118_sv_feb_40xx0.75-1,102,4,3,1.7508666666666663,0.20551073775677353,0.11737657793670196,1.5151,1.8921,0.377,0,1.8921,188.0,1,1,1.8454,0.046699999999999964,0.024681570741504132,False
WT-01,w1118_sv_feb_40xx0.75-1,103,3,3,1.7888666666666666,0.0788811975906383,0.044095627170259555,1.7376,1.8797,0.1420999999999999,2,1.8797,139.0,1,1,1.7493,0.13039999999999985,0.06937277225089102,False
WT-01,w1118_sv_feb_40xx0.75-1,104,21,20,1.6293849999999999,0.11402058574522503,0.06997768222073054,1.3705,1.8741,0.5036,14,1.6823,134.0,2,13;15,1.6087;1.6244,0.07359999999999989,0.0437496284848124,False
WT-01,w1118_sv_feb_40xx0.75-1,108,9,9,1.739711111111111,0.11231405126301475,0.06455902393546392,1.59,1.8885,0.2985,3,1.6475,129.0,1,4,1.7605,0.11299999999999999,0.06858877086494689,False
WT-01,w1118_sv_feb_40xx0.75-1,110,9,8,1.612675,0.09115778706647686,0.056525826385649215,1.4107,1.7176,0.30689999999999995,4,1.6211,115.0,2,3;5,1.628;1.6155,0.006899999999999906,0.004256369132070758,False
WT-01,w1118_sv_feb_40xx0.75-1,111,3,3,1.6848333333333334,0.0035019042438840784,0.0020784870376203846,1.6808,1.6871,0.006299999999999972,0,1.6866,123.0,1,1,1.6808,0.005800000000000027,0.003438871101624586,False
WT-01,w1118_sv_feb_40xx0.75-1,113,9,8,1.611475,0.18126141146342842,0.11248167763286952,1.1821,1.7549,0.5728,0,1.6711,120.0,1,1,1.7549,0.08379999999999987,0.050146610017353765,False
WT-01,w1118_sv_feb_40xx0.75-1,114,4,4,1.7309249999999998,0.05514673607748694,0.031859691250335484,1.688,1.8041,0.11610000000000009,1,1.6887,127.0,2,0;2,1.8041;1.688,0.11539999999999995,0.06833659027654405,False
WT-01,w1118_sv_feb_40xx0.75-1,115,21,17,1.5979823529411763,0.2537308372944007,0.15878200208368687,1.0649,1.9263,0.8613999999999999,15,1.9263,106.0,2,14;16,1.6379;1.6373,0.2889999999999999,0.15002855214660227,False
WT-01,w1118_sv_feb_40xx0.75-1,116,5,4,1.589575,0.2806567461627578,0.17656087077536942,1.2003,1.8331,0.6328,0,1.8331,90.0,1,1,1.5763,0.2567999999999999,0.14009055697997924,False
WT-01,w1118_sv_feb_40xx0.75-1,120,3,3,1.4861666666666666,0.25645906755919806,0.17256413652071195,1.3379,1.7823,0.4443999999999999,3,1.7823,137.0,0,,,,,False
WT-01,w1118_sv_feb_40xx0.75-1,121,11,10,1.70518,0.32266536776598065,0.18922657301046264,0.8466,1.9077,1.0611,3,1.8968,141.0,2,2;4,1.6616;1.8938,0.23520000000000008,0.12399831294812319,False
WT-01,w1118_sv_feb_40xx0.75-1,122,4,3,1.6272333333333335,0.016128339447485995,0.009911509994972648,1.6146,1.6454,0.03079999999999994,0,1.6454,102.0,1,1,1.6217,0.023700000000000054,0.01440379239090802,False
WT-01,w1118_sv_feb_40xx0.75-1,123,10,9,1.6360999999999999,0.12527434893065698,0.07656888266649776,1.35,1.8009,0.45089999999999986,3,1.7168,128.0,2,2;4,1.7274;1.63,0.08680000000000021,0.050559179869524816,False
WT-01,w1118_sv_feb_40xx0.75-1,124,4,4,1.61945,0.027726100819745074,0.01712068962903768,1.5987,1.6589,0.06020000000000003,3,1.6589,185.0,1,2,1.5987,0.06020000000000003,0.036289107239737196,False
WT-01,w1118_sv_feb_40xx0.75-1,125,7,7,1.4427,0.25113850760088546,0.1740753501080512,0.9269,1.6317,0.7048,4,1.6226,115.0,2,3;5,1.3664;1.6317,0.2562,0.15789473684210525,False
WT-01,w1118_sv_feb_40xx0.75-1,127,12,10,1.4668100000000002,0.245760725774753,0.1675477572246937,0.8479,1.6608,0.8129000000000001,2,1.635,74.0,2,1;3,1.6608;1.3958,0.23920000000000008,0.14629969418960248,False
WT-01,w1118_sv_feb_40xx0.75-1,128,11,11,1.6188090909090909,0.012674182778029843,0.007829325180594504,1.6055,1.6498,0.044300000000000006,10,1.6236,226.0,1,9,1.6255,0.0019000000000000128,0.001170238975117032,False
WT-01,w1118_sv_feb_40xx0.75-1,129,6,5,1.67106,0.1943305251369429,0.11629176997650767,1.3549,1.8404,0.48550000000000004,0,1.7649,239.0,1,1,1.8404,0.07550000000000012,0.04277862768428813,False
WT-01,w1118_sv_feb_40xx0.75-1,130,7,7,1.6160428571428571,0.06912886172800423,0.04277662651238295,1.4666,1.6808,0.21420000000000017,9,1.6377,236.0,0,,,,,False
WT-01,w1118_sv_feb_40xx0.75-1,131,5,5,1.6202,0.1882301649576921,0.11617711699647704,1.2855,1.7395,0.45399999999999996,2,1.692,139.0,2,1;3,1.6918;1.6922,0.00019999999999997797,0.00011820330969265838,False
WT-01,w1118_sv_feb_40xx0.75-1,132,8,8,1.8629624999999999,0.06123248291785751,0.03286833895897395,1.7361,1.9163,0.18019999999999992,5,1.8924,140.0,2,4;6,1.8724;1.896,0.020000000000000018,0.010568590150073989,False
WT-01,w1118_sv_feb_40xx0.75-1,133,7,7,1.8984714285714286,0.3682932469029072,0.19399462186272795,1.1356,2.2764,1.1408000000000003,0,2.2764,214.0,1,1,2.1909,0.08550000000000013,0.03755930416447027,False
WT-01,w1118_sv_feb_40xx0.75-1,136,5,5,1.72782,0.32042539225223715,0.18545067903614795,1.1581,1.9008,0.7427000000000001,0,1.9008,233.0,1,1,1.8736,0.027200000000000113,0.01430976430976437,False
WT-01,w1118_sv_feb_40xx0.75-1,137,7,6,1.8071166666666667,0.153038379717856,0.08468649674962288,1.5461,1.9409,0.39480000000000004,3,1.907,145.0,2,2;4,1.8697;1.9409,0.03730000000000011,0.019559517566859,False
WT-01,w1118_sv_feb_40xx0.75-1,139,5,4,1.7564250000000001,0.07013441261843804,0.039930206310225626,1.6927,1.8433,0.15059999999999985,2,1.8433,144.0,2,1;3,1.7828;1.7069,0.13639999999999985,0.07399772147778433,False
WT-01,w1118_sv_feb_40xx0.75-1,140,5,5,1.4720999999999997,0.12563472847903165,0.0853438818551944,1.2497,1.5584,0.3087,4,1.5233,89.0,1,3,1.5154,0.007900000000000018,0.0051861091052320734,False
WT-01,w1118_sv_feb_40xx0.75-1,142,5,4,1.54315,0.2472058858522588,0.16019562962269307,1.356,1.8888,0.5327999999999999,2,1.5541,66.0,2,1;3,1.356;1.8888,0.3347,0.2153658065761534,False
WT-01,w1118_sv_feb_40xx0.75-1,143,17,16,1.8807687499999999,0.07685798781952771,0.04086519824381797,1.7122,1.977,0.26480000000000015,7,1.9592,205.0,2,6;8,1.7713;1.893,0.18789999999999996,0.09590649244589626,False
WT-01,w1118_sv_feb_40xx0.75-1,144,4,3,1.6778333333333333,0.22405071598487097,0.13353574013203792,1.4287,1.8628,0.43409999999999993,1,1.8628,67.0,2,0;2,1.742;1.4287,0.43409999999999993,0.23303628945673177,False
WT-01,w1118_sv_feb_40xx0.75-1,146,4,3,1.745466666666667,0.05887243271118781,0.03372876367992579,1.6791,1.7914,0.11230000000000007,1,1.7914,123.0,2,0;2,1.6791;1.7659,0.11230000000000007,0.06268840013397346,False
WT-01,w1118_sv_feb_40xx0.75-1,147,4,4,1.808375,0.19652198138291466,0.10867324608165599,1.5137,1.9137,0.3999999999999999,1,1.9052,141.0,2,0;2,1.9137;1.9009,0.008499999999999952,0.004461473861011942,False
WT-01,w1118_sv_feb_40xx0.75-1,148,11,11,1.738718181818182,0.3015355959689729,0.1734240770713379,0.9318,2.0009,1.0691000000000002,4,2.0009,139.0,2,3;5,1.8804;1.763,0.23790000000000022,0.11889649657654067,False
WT-01,w1118_sv_feb_40xx0.75-1,150,13,12,1.7142416666666664,0.15018157772469562,0.08760817138269826,1.3427,1.9498,0.6071,0,1.9498,154.0,1,1,1.9053,0.044499999999999984,0.022822853626012916,False
WT-01,w1118_sv_feb_40xx0.75-1,151,7,7,1.7840857142857143,0.03549222584226154,0.019893789607788766,1.7267,1.8168,0.09010000000000007,6,1.7957,128.0,1,5,1.7404,0.05530000000000013,0.030795789942640824,False
WT-01,w1118_sv_feb_40xx0.75-1,152,3,3,1.5004333333333333,0.19263806304397196,0.1283882854135285,1.2783,1.6216,0.34329999999999994,0,1.6216,90.0,1,1,1.6014,0.020199999999999996,0.012456832757770101,False
WT-01,w1118_sv_feb_40xx0.75-1,153,5,5,1.5854,0.1918543067017261,0.12101318702013757,1.2454,1.6922,0.44679999999999986,0,1.6922,128.0,1,1,1.692,0.00019999999999997797,0.00011818933932158018,False
WT-01,w1118_sv_feb_40xx0.75-1,155,4,4,1.89155,0.21607203274217,0.11423014604010995,1.5997,2.1198,0.5201000000000002,2,2.1198,186.0,2,1;3,1.9429;1.5997,0.5201000000000002,0.2453533352203039,True
WT-01,w1118_sv_feb_40xx0.75-1,157,4,4,1.859375,0.07508663329781144,0.040382727151764136,1.75,1.9105,0.1605000000000001,0,1.9064,238.0,1,1,1.9105,0.0040999999999999925,0.002150650440621062,False
WT-01,w1118_sv_feb_40xx0.75-1,158,6,5,1.90762,0.0791741877129156,0.04150417153988509,1.7844,1.9886,0.20419999999999994,3,1.9584,154.0,2,2;4,1.9886;1.8844,0.07399999999999984,0.03778594771241822,False
WT-01,w1118_sv_feb_40xx0.75-1,160,10,10,1.7401499999999999,0.38778808431066236,0.22284750412933504,0.7028,2.0163,1.3135000000000003,2,2.0163,259.0,2,1;3,1.9131;1.992,0.10320000000000018,0.051182859693498076,False
WT-01,w1118_sv_feb_40xx0.75-1,164,6,6,1.67875,0.3985350310825888,0.23739986959498963,0.8864,1.8974,1.0110000000000001,3,1.8974,146.0,2,2;4,1.8945;1.6624,0.23499999999999988,0.12385369452935589,False
WT-01,w1118_sv_feb_40xx0.75-1,166,8,8,2.0005375,0.14502604630597518,0.07249354051397446,1.7618,2.2214,0.4596,1,2.1403,171.0,2,0;2,2.2214;1.9314,0.20889999999999986,0.09760313974676442,False
WT-01,w1118_sv_feb_40xx0.75-1,167,9,8,1.7331500000000002,0.14680420391022286,0.08470369206948207,1.4315,1.895,0.4635,5,1.7996,119.0,2,4;6,1.7904;1.707,0.09260000000000002,0.05145587908424095,False
WT-01,w1118_sv_feb_40xx0.75-1,168,5,3,1.2917,0.22504739500825152,0.17422574514844896,1.1429,1.5506,0.40769999999999995,0,1.5506,83.0,1,1,1.1429,0.40769999999999995,0.2629304785244421,False
WT-01,w1118_sv_feb_40xx0.75-1,170,4,3,1.3886666666666667,0.5176016454121194,0.37273282194823765,0.7911,1.6973,0.9062,0,1.6776,122.0,1,1,1.6973,0.01970000000000005,0.011742966142107803,False
WT-01,w1118_sv_feb_40xx0.75-1,172,8,8,1.9794875,0.04875491000914679,0.024630067130581423,1.9007,2.0457,0.14500000000000002,6,2.0158,333.0,2,5;7,1.9715;2.0333,0.044300000000000006,0.021976386546284355,False
WT-01,w1118_sv_feb_40xx0.75-1,174,6,5,1.8270199999999999,0.21497314250854682,0.1176632672376585,1.4448,1.9569,0.5121,2,1.9569,233.0,2,1;3,1.9016;1.9322,0.05530000000000013,0.028258981041443164,False
WT-01,w1118_sv_feb_40xx0.75-1,176,3,3,1.8565666666666665,0.08880232729682999,0.047831477797814964,1.7555,1.9221,0.16659999999999986,0,1.9221,134.0,1,1,1.8921,0.030000000000000027,0.01560792882784456,False
WT-01,w1118_sv_feb_40xx0.75-1,177,4,4,2.616925,0.7871295250253713,0.30078413597079445,1.8932,3.3525,1.4593,0,3.3525,218.0,1,1,3.241,0.11149999999999993,0.0332587621178225,False
WT-01,w1118_sv_feb_40xx0.75-1,178,3,3,1.6140333333333334,0.011106004382014863,0.006880901498532576,1.6066,1.6268,0.020199999999999996,2,1.6268,134.0,1,1,1.6087,0.018100000000000005,0.011126137201868702,False
WT-01,w1118_sv_feb_40xx0.75-1,180,4,4,1.6798,0.08442254833080234,0.05025749989927512,1.5622,1.7629,0.20069999999999988,2,1.7629,118.0,2,1;3,1.692;1.5622,0.20069999999999988,0.11384650292132276,False
WT-01,w1118_sv_feb_40xx0.75-1,182,4,4,1.4191,0.18920000000000003,0.1333239377069974,1.1353,1.5137,0.37840000000000007,2,1.5137,84.0,2,1;3,1.5137;1.5137,0.0,0.0,False
WT-01,w1118_sv_feb_40xx0.75-1,183,6,6,1.6778666666666668,0.058884078210214574,0.03509461113927283,1.5684,1.731,0.16260000000000008,0,1.7135,112.0,1,1,1.6583,0.055199999999999916,0.03221476510067109,False
WT-01,w1118_sv_feb_40xx0.75-1,185,11,5,1.39428,0.2887483627659212,0.20709496138933442,1.0792,1.7056,0.6264000000000001,1,1.7056,72.0,2,0;2,1.5603;1.5329,0.17270000000000008,0.10125469043151974,False
WT-01,w1118_sv_feb_40xx0.75-1,186,3,3,1.6122333333333334,0.08621057553069304,0.05347276585111318,1.5132,1.6705,0.1573,1,1.6705,122.0,2,0;2,1.653;1.5132,0.1573,0.09416342412451362,False
WT-01,w1118_sv_feb_40xx0.75-1,187,16,15,1.72136,0.1707678198189409,0.09920517487274068,1.366,1.8921,0.5260999999999998,3,1.8921,140.0,2,2;4,1.8921;1.8921,0.0,0.0,False
WT-01,w1118_sv_feb_40xx0.75-1,190,6,6,1.7559000000000002,0.16012638758180986,0.09119334106828968,1.514,1.8923,0.3783000000000001,2,1.8923,107.0,2,1;3,1.8921;1.514,0.3783000000000001,0.19991544681075943,False
WT-01,w1118_sv_feb_40xx0.75-1,195,6,6,1.4819333333333333,0.10802169535175171,0.0728924121767185,1.3381,1.6076,0.26949999999999985,2,1.46,109.0,2,1;3,1.4064;1.6068,0.14680000000000004,0.10054794520547948,False
WT-01,w1118_sv_feb_40xx0.75-1,196,6,6,1.69505,0.15927127487403364,0.09396258215039889,1.5022,1.8921,0.3898999999999999,1,1.8271,107.0,2,0;2,1.7268;1.8921,0.10030000000000006,0.05489573641289478,False
WT-01,w1118_sv_feb_40xx0.75-1,197,5,4,1.584575,0.04731267448228499,0.029858273973958308,1.5137,1.6114,0.0976999999999999,1,1.6077,96.0,2,0;2,1.6114;1.6055,0.0037000000000000366,0.0023014243950986108,False
WT-01,w1118_sv_feb_40xx0.75-1,199,8,7,1.6878,0.24226502017418855,0.14353893836603185,1.1889,1.9231,0.7342,5,1.9231,174.0,0,,,,,False
WT-01,w1118_sv_feb_40xx0.75-1,200,5,5,1.8587600000000002,0.05804690344884904,0.031228831828126833,1.7909,1.9073,0.11640000000000006,3,1.9006,140.0,2,2;4,1.9073;1.7909,0.10970000000000013,0.057718615174155594,False
WT-01,w1118_sv_feb_40xx0.75-1,201,4,4,1.557525,0.38956482023748845,0.2501178602189297,1.2125,1.8972,0.6847000000000001,3,1.8925,82.0,1,2,1.8972,0.0046999999999999265,0.0024834874504623124,False
WT-01,w1118_sv_feb_40xx0.75-1,202,11,11,1.4420363636363636,0.15088283051909696,0.10463177928371915,1.1389,1.6071,0.46819999999999995,3,1.6055,95.0,2,2;4,1.6058;1.6055,0.00029999999999996696,0.00018685767673619867,False
WT-01,w1118_sv_feb_40xx0.75-1,204,5,5,1.7693400000000001,0.08632284170484655,0.04878815925986331,1.6247,1.8375,0.21279999999999988,0,1.8375,127.0,1,1,1.6247,0.21279999999999988,0.11580952380952375,False
WT-01,w1118_sv_feb_40xx0.75-1,205,5,5,1.27742,0.11359749997249065,0.08892729092427756,1.0773,1.3401,0.26280000000000014,1,1.3401,43.0,2,0;2,1.2933;1.3379,0.046800000000000175,0.03492276695768985,False
WT-01,w1118_sv_feb_40xx0.75-1,209,3,3,1.7045333333333332,0.189221149276008,0.11101053031680695,1.5137,1.8921,0.37839999999999985,1,1.8921,120.0,2,0;2,1.5137;1.7078,0.37839999999999985,0.19998942973415773,False
WT-01,w1118_sv_feb_40xx0.75-1,210,12,11,1.7820999999999998,0.22703786908795634,0.12739906239153603,1.2504,1.921,0.6706000000000001,9,1.921,110.0,2,8;10,1.7972;1.8982,0.12380000000000013,0.06444560124934937,False
WT-01,w1118_sv_feb_40xx0.75-1,213,10,9,1.7286666666666668,0.234040824430269,0.13538805886826205,1.2216,1.8974,0.6758,3,1.8922,145.0,2,2;4,1.8921;1.8922,0.00010000000000021103,5.284853609566168e-05,False
WT-01,w1118_sv_feb_40xx0.75-1,214,7,7,1.3093571428571429,0.09212885644832564,0.07036190007509459,1.1008,1.3509,0.2501,7,1.3479,98.0,1,6,1.3379,0.010000000000000009,0.007418947993174574,False
WT-01,w1118_sv_feb_40xx0.75-1,215,9,9,1.637822222222222,0.047524671955148194,0.029016990556316912,1.5291,1.6852,0.15610000000000013,3,1.6648,125.0,2,2;4,1.6303;1.6852,0.034499999999999975,0.020723209995194603,False
WT-01,w1118_sv_feb_40xx0.75-1,222,7,7,1.438842857142857,0.155224781710727,0.10788167793316943,1.1613,1.6055,0.44419999999999993,6,1.6055,125.0,2,5;7,1.4409;1.6055,0.16459999999999986,0.10252257863593887,False
WT-01,w1118_sv_feb_40xx0.75-1,223,19,18,1.787088888888889,0.15041176772208037,0.08416580096113625,1.6217,2.0408,0.41910000000000003,18,2.0408,226.0,2,17;19,1.9532;1.905,0.13579999999999992,0.06654253234025868,False
WT-01,w1118_sv_feb_40xx0.75-1,225,6,6,1.5895166666666665,0.16499091389124024,0.10379942365576973,1.3342,1.76,0.42579999999999996,1,1.6924,127.0,1,2,1.4438,0.24859999999999993,0.14689198770976125,False
WT-01,w1118_sv_feb_40xx0.75-1,226,5,5,1.93644,0.034913077778964144,0.01802951693776422,1.8997,1.9885,0.08879999999999999,3,1.9316,189.0,0,,,,,False
WT-01,w1118_sv_feb_40xx0.75-1,228,12,12,1.6973666666666667,0.14103744398584586,0.08309191334764392,1.3125,1.8651,0.5526,4,1.8651,124.0,2,3;5,1.6906;1.7356,0.17449999999999988,0.09356066698836517,False
WT-01,w1118_sv_feb_40xx0.75-1,230,9,9,1.5553333333333335,0.11438792549915397,0.07354560147823873,1.3139,1.6969,0.383,5,1.5922,122.0,2,4;6,1.6969;1.5977,0.10470000000000002,0.06575807059414647,False
WT-01,w1118_sv_feb_40xx0.75-1,231,7,7,1.9132571428571428,0.08145507672213881,0.04257403508265424,1.7353,1.9683,0.23299999999999987,6,1.9683,158.0,2,5;7,1.9494;1.9213,0.04699999999999993,0.02387847380988667,False
WT-01,w1118_sv_feb_40xx0.75-1,233,8,8,1.5352125,0.11964761877518257,0.07793554232732118,1.3379,1.6124,0.27449999999999997,4,1.6055,130.0,2,3;5,1.6059;1.3485,0.2569999999999999,0.16007474307069444,False
WT-01,w1118_sv_feb_40xx0.75-1,235,7,7,1.5037285714285715,0.2351979784088695,0.15640986204407012,0.9768,1.6103,0.6335000000000001,6,1.6103,167.0,1,5,1.6091,0.0012000000000000899,0.0007452027572502577,False
WT-01,w1118_sv_feb_40xx0.75-1,236,12,8,1.9515250000000002,0.13093620856846944,0.06709430243961488,1.8921,2.2705,0.3784000000000003,8,1.9593,140.0,2,7;9,2.2705;1.9152,0.31120000000000014,0.1588322360026541,False
WT-01,w1118_sv_feb_40xx0.75-1,237,11,11,1.6501090909090907,0.19728760961877692,0.11956034343770915,1.0836,1.86,0.7764000000000002,8,1.86,132.0,2,7;9,1.6874;1.6921,0.1726000000000001,0.09279569892473122,False
WT-01,w1118_sv_feb_40xx0.75-1,238,4,4,1.314675,0.3554005756420024,0.27033340988609533,0.8109,1.5814,0.7705,1,1.547,92.0,1,2,1.5814,0.034399999999999986,0.022236586942469286,False
WT-01,w1118_sv_feb_40xx0.75-1,239,4,4,1.894075,0.0021124630174277252,0.0011153006176776133,1.8921,1.896,0.0039000000000000146,2,1.896,274.0,2,1;3,1.8924;1.8921,0.0039000000000000146,0.0020569620253164636,False
WT-01,w1118_sv_feb_40xx0.75-1,240,10,9,1.7316888888888888,0.16967480988971553,0.0979822709370069,1.3494,1.8798,0.5304,6,1.816,139.0,2,5;7,1.7043;1.7939,0.11170000000000013,0.0615088105726873,False
WT-01,w1118_sv_feb_40xx0.75-1,242,8,7,2.034757142857143,0.15142106697487487,0.07441726768544678,1.8922,2.2705,0.3783000000000001,2,2.2705,276.0,2,1;3,2.1699;2.1286,0.14190000000000014,0.06249724730235637,False
WT-01,w1118_sv_feb_40xx0.75-1,243,9,4,0.97805,0.2339075387127714,0.23915703564518317,0.7576,1.2479,0.49029999999999996,6,1.2479,36.0,1,5,1.0974,0.15050000000000008,0.12060261238881327,False
WT-01,w1118_sv_feb_40xx0.75-1,245,8,8,1.7717125,0.0963409783381031,0.05437732043889914,1.6574,1.9545,0.2970999999999999,5,1.8551,137.0,2,4;6,1.7366;1.8086,0.11850000000000005,0.06387795806156005,False
WT-01,w1118_sv_feb_40xx0.75-1,249,4,4,1.761025,0.16259125386481685,0.09232762389223143,1.5572,1.8921,0.3349,3,1.8921,133.0,2,2;4,1.8921;1.5572,0.3349,0.17699910152740342,False
WT-01,w1118_sv_feb_40xx0.75-1,257,19,19,1.9769684210526315,0.4581166142814532,0.2317268244666904,1.6055,3.3689,1.7634,9,1.6217,249.0,2,8;10,1.633;1.6392,0.01750000000000007,0.010791145094653802,False
WT-01,w1118_sv_feb_40xx0.75-1,261,6,6,1.8437000000000001,0.11963631555677398,0.06488925289188803,1.5995,1.8943,0.2948000000000002,7,1.8921,288.0,1,8,1.5995,0.29259999999999997,0.15464298927118017,False
WT-01,w1118_sv_feb_40xx0.75-1,264,7,6,1.4308500000000002,0.19593757934607647,0.13693788960832823,1.0833,1.6357,0.5524,6,1.6357,119.0,2,5;7,1.4702;1.0833,0.5524,0.33771473986672373,True
WT-01,w1118_sv_feb_40xx0.75-1,265,11,7,1.3768285714285717,0.3659107801741007,0.26576350009532307,0.8735,1.8948,1.0213,9,1.8948,74.0,2,8;10,1.1377;1.0377,0.8571,0.4523432552248258,True
WT-01,w1118_sv_feb_40xx0.75-1,268,9,8,1.736825,0.063970434018939,0.036831824748572245,1.6918,1.855,0.1632,6,1.821,136.0,2,5;7,1.7189;1.855,0.10209999999999986,0.056068094453596846,False
WT-01,w1118_sv_feb_40xx0.75-1,275,7,7,1.5814285714285716,0.14237243078496287,0.09002773401036494,1.2635,1.6873,0.42379999999999995,3,1.6317,126.0,2,2;4,1.6873;1.6143,0.055600000000000094,0.03407489121774842,False
WT-01,w1118_sv_feb_40xx0.75-1,276,5,4,1.643625,0.0861759972382101,0.05243044930456162,1.5361,1.7307,0.19459999999999988,5,1.6921,110.0,2,4;6,1.6156;1.7307,0.07650000000000001,0.04521009396607766,False
WT-01,w1118_sv_feb_40xx0.75-1,278,8,8,1.724675,0.17586128259024414,0.10196778093857924,1.3737,1.8921,0.5184,8,1.8921,129.0,2,7;9,1.6241;1.8921,0.2679999999999998,0.14164156228529137,False
WT-01,w1118_sv_feb_40xx0.75-1,279,10,9,1.7129222222222222,0.18283352248546886,0.1067377841874652,1.3679,1.8999,0.532,7,1.8921,108.0,2,6;8,1.5937;1.7184,0.2984,0.1577083663654141,False
WT-01,w1118_sv_feb_40xx0.75-1,282,7,7,1.6455285714285712,0.055284528103430985,0.0335968205373885,1.6069,1.7636,0.15670000000000006,7,1.7636,126.0,2,6;8,1.6231;1.6206,0.14300000000000002,0.08108414606486733,False
WT-01,w1118_sv_feb_40xx0.75-1,283,5,5,1.39212,0.2368436024046248,0.17013159957807142,1.1353,1.6219,0.4865999999999999,5,1.5513,98.0,1,4,1.6219,0.0706,0.04551021723715593,False
WT-01,w1118_sv_feb_40xx0.75-1,285,22,18,1.6638833333333336,0.21764152190890307,0.1308033547477706,1.095,2.0282,0.9332,8,1.8921,141.0,2,7;9,2.0282;1.7529,0.1392,0.07356905026161407,False
WT-01,w1118_sv_feb_40xx0.75-1,288,9,7,1.1596714285714287,0.2576845339705491,0.22220477940720196,0.7434,1.4171,0.6737000000000001,7,1.3934,77.0,2,6;8,1.3811;1.4171,0.023700000000000054,0.017008755561934874,False
WT-01,w1118_sv_feb_40xx0.75-1,291,10,9,1.6472555555555557,0.11794561364365264,0.07160128447942865,1.4229,1.7439,0.32099999999999995,9,1.7133,130.0,2,8;10,1.7439;1.7164,0.03059999999999996,0.017860269655051633,False
WT-01,w1118_sv_feb_40xx0.75-1,297,11,11,1.6972727272727275,0.2889845016290981,0.17026403416818847,0.9259,1.9457,1.0198,4,1.933,234.0,1,5,1.8644,0.0686,0.035488877392653904,False
WT-01,w1118_sv_feb_40xx0.75-1,299,4,4,1.539325,0.1342889515187306,0.08723885567942481,1.3379,1.6082,0.2703,3,1.6057,146.0,2,2;4,1.6055;1.6082,0.0025000000000001688,0.001556953353677629,False
WT-01,w1118_sv_feb_40xx0.75-1,300,13,11,1.7551909090909092,0.08897722691279444,0.05069376012144438,1.5502,1.8762,0.32600000000000007,10,1.8313,116.0,2,9;11,1.8762;1.7529,0.07840000000000003,0.042811117785179945,False
WT-01,w1118_sv_feb_40xx0.75-1,306,10,9,1.7697888888888889,0.12033615878492682,0.06799464023105967,1.5553,1.9192,0.3639000000000001,5,1.7796,137.0,2,4;6,1.8757;1.8383,0.09609999999999985,0.054000899078444506,False
WT-01,w1118_sv_feb_40xx0.75-1,307,7,7,1.885142857142857,0.08379546242971346,0.04445045748772312,1.7212,1.9724,0.25119999999999987,8,1.904,221.0,1,7,1.8771,0.026899999999999924,0.014128151260504162,False
WT-01,w1118_sv_feb_40xx0.75-1,308,6,5,1.34428,0.2334001113967172,0.17362462537322376,1.0579,1.5144,0.4564999999999999,6,1.5137,92.0,1,5,1.5137,0.0,0.0,False
WT-01,w1118_sv_feb_40xx0.75-1,311,6,6,1.8971333333333333,0.12180656249425424,0.06420558869219573,1.6934,2.0397,0.34629999999999983,6,2.0397,131.0,2,5;7,1.8921;2.0026,0.14759999999999995,0.07236358287983526,False
WT-01,w1118_sv_feb_40xx0.75-1,312,4,4,1.6971500000000002,0.1308424115746368,0.07709537258028859,1.5584,1.8495,0.2910999999999999,5,1.7567,198.0,1,4,1.624,0.13269999999999982,0.07553936357943862,False
WT-01,w1118_sv_feb_40xx0.75-1,319,3,3,1.8821666666666665,0.18135449631407924,0.09635411120910967,1.6983,2.0609,0.36260000000000026,4,2.0609,254.0,1,3,1.8873,0.1736000000000002,0.08423504294240389,False
WT-01,w1118_sv_feb_40xx0.75-1,324,10,9,1.3989222222222224,0.06899912640348749,0.04932306121628455,1.3453,1.5397,0.19440000000000013,7,1.5397,117.0,2,6;8,1.4653;1.3541,0.1856,0.12054296291485353,False
WT-01,w1118_sv_feb_40xx0.75-1,326,5,4,1.7016000000000002,0.048339424903488394,0.02840821867858979,1.6483,1.746,0.0976999999999999,7,1.7389,131.0,1,6,1.746,0.007100000000000106,0.00408304100293295,False
WT-01,w1118_sv_feb_40xx0.75-1,327,9,8,1.85555,0.10577300492766843,0.05700358649870304,1.5938,1.8965,0.30269999999999997,6,1.8924,156.0,2,5;7,1.8923;1.8926,0.00019999999999997797,0.00010568590150072815,False
WT-01,w1118_sv_feb_40xx0.75-1,330,6,6,1.5201666666666667,0.2187541511987068,0.14390142607085196,1.0816,1.6758,0.5942000000000001,6,1.6094,85.0,2,5;7,1.6758;1.5483,0.06640000000000001,0.04125761153224805,False
WT-01,w1118_sv_feb_40xx0.75-1,332,7,7,1.5290142857142857,0.11029429463291127,0.0721342473143649,1.295,1.6366,0.3416000000000001,7,1.5617,167.0,2,6;8,1.5754;1.5657,0.013699999999999823,0.008772491515655902,False
WT-01,w1118_sv_feb_40xx0.75-1,333,8,8,1.608625,0.21380123446122304,0.13290930730358103,1.1859,1.8822,0.6963000000000001,8,1.7321,120.0,2,7;9,1.5587;1.8061,0.1734,0.10010969343571387,False
WT-01,w1118_sv_feb_40xx0.75-1,334,6,6,1.5171166666666667,0.23703483639892825,0.1562403482915585,1.0633,1.6686,0.6053000000000002,3,1.6686,112.0,1,4,1.6661,0.0025000000000001688,0.0014982620160614699,False
WT-01,w1118_sv_feb_40xx0.75-1,336,8,7,1.4630285714285716,0.10249609284074707,0.07005747860458046,1.3379,1.6055,0.26759999999999984,10,1.5447,154.0,1,9,1.5115,0.033199999999999896,0.021492846507412375,False
WT-01,w1118_sv_feb_40xx0.75-1,337,9,8,1.6485625,0.12536122592048032,0.07604274992333038,1.3645,1.7786,0.4140999999999999,5,1.7086,222.0,1,6,1.7286,0.020000000000000018,0.01170548987475127,False
WT-01,w1118_sv_feb_40xx0.75-1,342,6,6,1.6177333333333335,0.08086986253646447,0.04998961254623617,1.5455,1.775,0.22949999999999982,7,1.775,130.0,2,6;8,1.5849;1.5874,0.19009999999999994,0.10709859154929574,False
WT-01,w1118_sv_feb_40xx0.75-1,344,12,11,1.691954545454545,0.10943436721283094,0.06467925956215999,1.6055,1.8735,0.268,8,1.6055,117.0,2,7;9,1.625;1.6056,0.019500000000000073,0.012145748987854296,False
WT-01,w1118_sv_feb_40xx0.75-1,347,7,6,1.64985,0.020869762816093533,0.012649491054394965,1.6275,1.6873,0.059800000000000075,4,1.6575,128.0,2,3;5,1.6275;1.6386,0.030000000000000027,0.018099547511312233,False
WT-01,w1118_sv_feb_40xx0.75-1,350,9,9,1.588222222222222,0.09417325493177162,0.059294759646421204,1.3408,1.6569,0.31610000000000005,6,1.626,231.0,2,5;7,1.616;1.6119,0.01409999999999978,0.008671586715867024,False
WT-01,w1118_sv_feb_40xx0.75-1,352,7,7,1.6964000000000001,0.10651521018145718,0.06278897086857886,1.6055,1.8755,0.27,8,1.8124,134.0,2,7;9,1.6565;1.8755,0.15589999999999993,0.08601853895387328,False
WT-01,w1118_sv_feb_40xx0.75-1,354,8,8,1.5981,0.2639717300881181,0.16517848075096556,1.0802,1.8769,0.7967,6,1.8769,147.0,2,5;7,1.62;1.7271,0.2568999999999999,0.13687463370451272,False
WT-01,w1118_sv_feb_40xx0.75-1,355,8,8,2.045025,0.7050962543207436,0.34478612942176434,1.3389,3.5046,2.1657,6,3.5046,249.0,2,5;7,1.8783;1.8869,1.6262999999999999,0.46404725218284537,True
WT-01,w1118_sv_feb_40xx0.75-1,358,11,9,1.6289444444444445,0.09390653746027369,0.057648704828789143,1.41,1.7553,0.34530000000000016,9,1.6362,114.0,2,8;10,1.6659;1.6055,0.03070000000000017,0.0187629874098522,False
WT-01,w1118_sv_feb_40xx0.75-1,361,6,6,1.8835166666666667,0.19054143293957532,0.10116259458260274,1.6071,2.1442,0.5371000000000001,6,1.9344,307.0,2,5;7,1.9449;1.9496,0.015200000000000102,0.00785773366418533,False
WT-01,w1118_sv_feb_40xx0.75-1,365,15,13,1.9529615384615382,0.5278347429806378,0.27027400826154724,1.3527,2.9636,1.6109,9,2.5469,202.0,2,8;10,2.9636;2.1595,0.41670000000000007,0.16361066394440302,False
WT-01,w1118_sv_feb_40xx0.75-1,367,6,6,1.8001500000000001,0.16094990214349314,0.08940916153847908,1.5673,1.9491,0.38180000000000014,5,1.9087,143.0,2,4;6,1.9065;1.9491,0.04039999999999999,0.021166238801278353,False
WT-01,w1118_sv_feb_40xx0.75-1,368,10,10,1.47357,0.260358197916298,0.1766853274132196,0.8033,1.6175,0.8141999999999999,7,1.6057,108.0,2,6;8,1.6055;1.6056,0.00019999999999997797,0.0001245562682941882,False
WT-01,w1118_sv_feb_40xx0.75-1,371,8,8,1.450075,0.2283865629647619,0.15749982791563324,0.9677,1.6293,0.6616,5,1.6293,102.0,2,4;6,1.4358;1.5918,0.1935,0.11876265881053213,False
WT-01,w1118_sv_feb_40xx0.75-1,374,9,8,1.6259249999999998,0.21753319451128766,0.13379042361196714,1.1862,1.8921,0.7059,8,1.5961,123.0,2,7;9,1.7478;1.5394,0.15169999999999995,0.0950441701647766,False
WT-01,w1118_sv_feb_40xx0.75-1,378,9,8,1.9108375,0.08845515308416387,0.04629130058634701,1.7293,2.0546,0.32530000000000014,7,1.9229,142.0,1,6,1.9285,0.005600000000000049,0.002912267928649461,False
WT-01,w1118_sv_feb_40xx0.75-1,379,9,8,2.1060625,0.34554346816696896,0.16407085172779484,1.6792,2.6763,0.9970999999999999,8,2.1642,278.0,2,7;9,2.6763;1.8844,0.5120999999999998,0.2366232326032713,True
WT-01,w1118_sv_feb_40xx0.75-1,380,8,7,1.5667428571428574,0.1542196794310296,0.09843330622375875,1.2183,1.6475,0.4292,10,1.6475,165.0,1,9,1.6143,0.033199999999999896,0.02015174506828522,False
WT-01,w1118_sv_feb_40xx0.75-1,383,8,8,1.5900125,0.17700839719790537,0.11132516077572055,1.3156,1.7897,0.47409999999999997,5,1.7897,125.0,2,4;6,1.3156;1.7458,0.47409999999999997,0.26490473263675474,False
WT-01,w1118_sv_feb_40xx0.75-1,386,5,4,1.4219750000000002,0.12580679300684305,0.0884732804773945,1.2616,1.5689,0.3072999999999999,6,1.5689,112.0,1,5,1.4352,0.13369999999999993,0.08521894320861746,False
WT-01,w1118_sv_feb_40xx0.75-1,387,7,7,1.5710428571428572,0.07977177565076625,0.05077632051097667,1.4245,1.6258,0.2012999999999998,8,1.6087,115.0,2,7;9,1.4916;1.6258,0.11709999999999998,0.07279169515758065,False
WT-01,w1118_sv_feb_40xx0.75-1,390,13,13,2.297053846153846,0.6202205301549127,0.2700069618278218,1.3292,3.0555,1.7263,10,2.8699,251.0,2,9;11,2.9894;2.8899,0.11949999999999994,0.04163908150109758,False
WT-01,w1118_sv_feb_40xx0.75-1,393,8,8,1.8264749999999998,0.18060894417023127,0.09888388517238467,1.382,1.9196,0.5376000000000001,5,1.8921,136.0,2,4;6,1.8493;1.8921,0.04279999999999995,0.022620368902277865,False
WT-01,w1118_sv_feb_40xx0.75-1,397,10,9,1.6814777777777778,0.09286316247277195,0.05522711254352636,1.4836,1.8393,0.3556999999999999,8,1.6918,135.0,2,7;9,1.691;1.6989,0.007100000000000106,0.004196713559522465,False
WT-01,w1118_sv_feb_40xx0.75-1,400,9,8,1.6301,0.2437661467179442,0.14954060899205213,1.0732,1.8404,0.7672000000000001,6,1.7868,183.0,2,5;7,1.6092;1.6336,0.17759999999999998,0.09939556749496306,False
WT-01,w1118_sv_feb_40xx0.75-1,405,7,5,1.81948,0.08422447387784623,0.04629040928058909,1.7294,1.9125,0.18310000000000004,5,1.8991,301.0,2,4;6,1.7294;1.9125,0.16969999999999996,0.08935811700279077,False
WT-01,w1118_sv_feb_40xx0.75-1,406,6,6,1.8818666666666666,0.1168432910640002,0.06208903804591197,1.6783,1.976,0.2977000000000001,8,1.976,174.0,2,7;9,1.9417;1.9583,0.0343,0.0173582995951417,False
WT-01,w1118_sv_feb_40xx0.75-1,408,8,7,1.1654285714285713,0.15320212916585849,0.13145561463116076,0.9877,1.4894,0.5017,4,1.4894,98.0,1,5,1.1372,0.35220000000000007,0.236471062172687,False
WT-01,w1118_sv_feb_40xx0.75-1,410,5,5,1.59606,0.23178198376923084,0.14522134742380038,1.2116,1.8012,0.5895999999999999,6,1.6081,118.0,1,5,1.606,0.0020999999999999908,0.00130588893725514,False
WT-01,w1118_sv_feb_40xx0.75-1,411,7,7,1.792785714285714,0.15389951731104107,0.08584378829254453,1.5367,1.8933,0.35660000000000003,9,1.6061,214.0,1,8,1.8921,0.2859999999999998,0.17807110391631892,False
WT-01,w1118_sv_feb_40xx0.75-1,412,4,3,1.8653000000000002,0.09742171215904598,0.05222844162281991,1.757,1.9458,0.18880000000000008,7,1.9458,121.0,1,6,1.8931,0.05269999999999997,0.027083975742625124,False
WT-01,w1118_sv_feb_40xx0.75-1,415,3,3,2.3027,0.5022428396702137,0.21811040937604273,1.8369,2.8348,0.9979,4,2.8348,246.0,1,5,2.2364,0.5983999999999998,0.2110907295047269,True
WT-01,w1118_sv_feb_40xx0.75-1,417,11,10,1.5496599999999998,0.11117529901516389,0.07174173626160829,1.3379,1.6058,0.2678999999999998,10,1.6055,93.0,2,9;11,1.3379;1.6058,0.26759999999999984,0.16667704764870747,False
WT-01,w1118_sv_feb_40xx0.75-1,418,6,6,1.6860333333333333,0.2858464179706765,0.16953782129891254,1.1661,1.9187,0.7526000000000002,7,1.8458,112.0,2,6;8,1.7207;1.5696,0.2762,0.14963701376097086,False
WT-01,w1118_sv_feb_40xx0.75-1,419,8,8,1.7696125,0.19447553968485154,0.10989724568788452,1.3542,1.9357,0.5814999999999999,9,1.8718,189.0,1,8,1.9357,0.06390000000000007,0.03413826263489693,False
WT-01,w1118_sv_feb_40xx0.75-1,420,10,9,1.6969555555555553,0.20915518228764446,0.1232531881008342,1.3528,1.9285,0.5757000000000001,8,1.8891,145.0,2,7;9,1.692;1.821,0.19710000000000005,0.10433539780848025,False
WT-01,w1118_sv_feb_40xx0.75-1,421,4,4,1.7817249999999998,0.11614595343790493,0.06518736249303621,1.6587,1.8876,0.22889999999999988,5,1.8739,131.0,2,4;6,1.7067;1.8876,0.1671999999999998,0.0892256790650514,False
WT-01,w1118_sv_feb_40xx0.75-1,422,9,9,1.965522222222222,0.7158224950673486,0.3641894693299569,1.4276,3.2415,1.8138999999999998,8,3.2415,244.0,2,7;9,1.8754;3.131,1.3660999999999999,0.4214406910380996,True
WT-01,w1118_sv_feb_40xx0.75-1,423,10,9,1.802711111111111,0.13266611704241255,0.07359255524898999,1.5219,1.8939,0.3719999999999999,12,1.8925,131.0,2,11;13,1.8771;1.6672,0.22530000000000006,0.11904887714663147,False
WT-01,w1118_sv_feb_40xx0.75-1,424,10,8,1.7365125,0.17772756388440625,0.1023474140752838,1.5165,1.8951,0.37860000000000005,8,1.8921,178.0,2,7;9,1.8921;1.7171,0.17499999999999982,0.0924898261191268,False
WT-01,w1118_sv_feb_40xx0.75-1,426,7,6,1.6291000000000002,0.27190981593167984,0.16690799578397877,1.1899,1.8922,0.7023000000000001,4,1.8921,134.0,1,5,1.1899,0.7021999999999999,0.37112203371914804,True
WT-01,w1118_sv_feb_40xx0.75-1,429,7,7,1.3662142857142858,0.20302811323042128,0.14860634627625333,1.0744,1.6276,0.5531999999999999,8,1.6276,113.0,2,7;9,1.5127;1.4446,0.18299999999999983,0.11243548783484876,False
WT-01,w1118_sv_feb_40xx0.75-1,435,14,12,1.5340666666666667,0.16022652335951995,0.10444560646615964,1.1603,1.7914,0.6311,11,1.7914,105.0,2,10;12,1.4664;1.6442,0.3250000000000002,0.18142235123367206,False
WT-01,w1118_sv_feb_40xx0.75-1,437,7,7,1.5949857142857145,0.03122447910275034,0.019576651265954228,1.5457,1.6261,0.08040000000000003,9,1.6261,103.0,2,8;10,1.6158;1.6069,0.019200000000000106,0.011807391919316219,False
WT-01,w1118_sv_feb_40xx0.75-1,438,8,8,1.578275,0.07590598978812074,0.04809427367735074,1.5201,1.7188,0.1987000000000001,5,1.5291,89.0,1,6,1.5282,0.0008999999999999009,0.0005885815185402531,False
WT-01,w1118_sv_feb_40xx0.75-1,442,12,11,1.9012272727272725,0.31042074702219596,0.16327387655075218,1.2687,2.3942,1.1255000000000002,8,2.181,272.0,1,7,1.6925,0.48850000000000016,0.2239798257679964,False
WT-01,w1118_sv_feb_40xx0.75-1,443,7,7,2.642185714285714,0.8546264396966498,0.3234543412584034,1.6148,3.4644,1.8496,8,3.3798,274.0,2,7;9,1.7594;3.1923,1.6203999999999998,0.4794366530563938,True
WT-01,w1118_sv_feb_40xx0.75-1,446,15,14,1.9673714285714285,0.3764022672795513,0.19132242230073912,1.7489,3.2617,1.5128,11,3.2617,213.0,2,10;12,1.8921;1.8922,1.3696,0.41990373118312535,True
WT-01,w1118_sv_feb_40xx0.75-1,448,4,4,1.7966,0.134847642421611,0.07505713148258433,1.6063,1.8924,0.2861,5,1.8924,167.0,1,6,1.8923,9.999999999998899e-05,5.284295075036408e-05,False
WT-01,w1118_sv_feb_40xx0.75-1,450,15,12,2.0027999999999997,0.39314114744984635,0.19629575966139726,1.3169,2.6758,1.3589000000000002,11,2.4478,192.0,2,10;12,2.4319;1.9117,0.5361,0.21901299125745569,True
WT-01,w1118_sv_feb_40xx0.75-1,452,7,7,1.6787142857142858,0.13668693461790005,0.08142358457367886,1.4893,1.8921,0.4027999999999998,5,1.8921,178.0,1,6,1.811,0.08109999999999995,0.04286242799006393,False
WT-01,w1118_sv_feb_40xx0.75-1,453,3,3,1.9143333333333334,0.11206160508101476,0.058538188271468616,1.8472,2.0437,0.1964999999999999,6,1.8521,198.0,2,5;7,1.8472;2.0437,0.19159999999999977,0.10345013768155055,False
WT-01,w1118_sv_feb_40xx0.75-1,455,10,9,1.7365,0.12306421088196196,0.07086911078719375,1.4886,1.887,0.3984000000000001,9,1.8057,146.0,2,8;10,1.6987;1.7053,0.10699999999999998,0.05925679791770504,False
WT-01,w1118_sv_feb_40xx0.75-1,456,6,6,1.6168500000000001,0.07643383413122751,0.047273299397734794,1.5592,1.7641,0.20490000000000008,7,1.5592,123.0,2,6;8,1.619;1.5599,0.059800000000000075,0.03835300153925095,False
WT-01,w1118_sv_feb_40xx0.75-1,458,9,9,1.6566222222222222,0.22476315188314222,0.1356755625200059,1.0926,1.858,0.7654000000000001,11,1.858,134.0,2,10;12,1.6989;1.7976,0.15910000000000002,0.0856297093649085,False
WT-01,w1118_sv_feb_40xx0.75-1,459,7,7,1.8094285714285714,0.3263872736197788,0.18038140812714762,1.331,2.3255,0.9944999999999999,11,1.9518,150.0,2,10;12,2.3255;1.8981,0.3736999999999999,0.19146428937391122,False
WT-01,w1118_sv_feb_40xx0.75-1,460,7,6,1.5556666666666665,0.10978966557316161,0.07057402972348079,1.3619,1.6284,0.26649999999999996,6,1.6201,99.0,2,5;7,1.6284;1.6202,0.008299999999999974,0.005123140546879806,False
WT-01,w1118_sv_feb_40xx0.75-1,461,8,8,1.7864375,0.05595452075442288,0.03132184627473555,1.7264,1.8921,0.16569999999999996,7,1.8921,131.0,2,6;8,1.8253;1.7855,0.1065999999999998,0.05633951693885091,False
WT-01,w1118_sv_feb_40xx0.75-1,462,11,10,1.74371,0.20208476466847053,0.1158935629597069,1.259,1.9565,0.6975,8,1.9565,145.0,2,7;9,1.6703;1.8397,0.2862,0.1462816253513928,False
WT-01,w1118_sv_feb_40xx0.75-1,463,6,6,2.0753500000000003,0.3417026704607385,0.16464821377634542,1.7458,2.5352,0.7894000000000001,5,2.5352,181.0,1,6,2.4645,0.07069999999999999,0.027887346165982953,False
WT-01,w1118_sv_feb_40xx0.75-1,464,11,10,1.48547,0.2549564452999767,0.17163352023263795,0.9414,1.7541,0.8127,11,1.7541,112.0,2,10;12,1.6627;1.6407,0.11339999999999995,0.06464853771164697,False
WT-01,w1118_sv_feb_40xx0.75-1,465,6,5,1.4758200000000001,0.08475816774801116,0.05743123670096025,1.3242,1.5138,0.1896,8,1.5137,86.0,2,7;9,1.3242;1.5137,0.1895,0.1251899319548127,False
WT-01,w1118_sv_feb_40xx0.75-1,466,11,10,1.69131,0.2515029332720485,0.14870303686021397,1.1782,1.901,0.7228000000000001,10,1.9004,122.0,2,9;11,1.8744;1.8982,0.026000000000000023,0.013681330246263956,False
WT-01,w1118_sv_feb_40xx0.75-1,470,7,7,1.3611142857142855,0.2581376340157283,0.18965169694054226,0.8032,1.6055,0.8022999999999999,8,1.4443,106.0,2,7;9,1.4954;1.3707,0.07359999999999989,0.05095894204805088,False
WT-01,w1118_sv_feb_40xx0.75-1,471,13,12,2.0348916666666668,0.6250348302416047,0.3071587743368507,1.3384,2.9468,1.6084,11,2.9468,230.0,2,10;12,2.7885;2.8518,0.1583000000000001,0.05371928871996746,False
WT-01,w1118_sv_feb_40xx0.75-1,475,7,6,1.6218333333333332,0.04095981770792767,0.025255257039108626,1.5581,1.6642,0.10609999999999986,9,1.6642,197.0,2,8;10,1.6346;1.5581,0.10609999999999986,0.06375435644754228,False
WT-01,w1118_sv_feb_40xx0.75-1,478,7,7,1.6701,0.25476173836220645,0.1525428048393548,1.2144,1.8921,0.6777,7,1.8921,133.0,2,6;8,1.2144;1.8921,0.6777,0.35817345806247025,True
WT-01,w1118_sv_feb_40xx0.75-1,482,5,4,1.682725,0.09725788314236188,0.05779784762356408,1.5435,1.7628,0.21929999999999983,12,1.6919,115.0,1,11,1.7628,0.07089999999999996,0.041905549973402664,False
WT-01,w1118_sv_feb_40xx0.75-1,484,7,7,1.7754714285714286,0.1024401567466866,0.057697440295680524,1.6472,1.8802,0.2330000000000001,9,1.8802,124.0,2,8;10,1.8731;1.7233,0.15690000000000004,0.0834485693011382,False
WT-01,w1118_sv_feb_40xx0.75-1,487,8,5,1.53434,0.21208440065219322,0.13822516564268233,1.1661,1.7017,0.5356000000000001,9,1.7017,89.0,2,8;10,1.6433;1.1661,0.5356000000000001,0.31474407944996186,True
WT-01,w1118_sv_feb_40xx0.75-1,489,9,8,1.5418375000000002,0.32436521716599465,0.21037574787615076,0.7637,1.7657,1.002,10,1.6716,131.0,2,9;11,1.5807;1.6262,0.09089999999999998,0.054379038047379744,False
WT-01,w1118_sv_feb_40xx0.75-1,490,4,3,1.7861,0.23211292510327813,0.12995516774160357,1.5181,1.923,0.40490000000000004,6,1.9172,161.0,1,7,1.923,0.005800000000000027,0.003025245149175896,False
WT-01,w1118_sv_feb_40xx0.75-1,492,8,7,1.8211285714285717,0.12078637774028596,0.06632501385969466,1.5758,1.8964,0.3206,10,1.8526,94.0,2,9;11,1.8964;1.8922,0.04380000000000006,0.023642448450825897,False
WT-01,w1118_sv_feb_40xx0.75-1,495,16,14,1.4502785714285713,0.1981079200007737,0.13659990839251732,1.0212,1.673,0.6517999999999999,15,1.6055,79.0,2,14;16,1.6093;1.6055,0.0038000000000000256,0.00236686390532546,False
WT-01,w1118_sv_feb_40xx0.75-1,496,6,6,1.8387,0.06966784050047771,0.03788972670934775,1.7518,1.9128,0.16100000000000003,8,1.7596,139.0,2,7;9,1.7518;1.8371,0.0774999999999999,0.04404410093202995,False
WT-01,w1118_sv_feb_40xx0.75-1,502,8,8,1.490125,0.3646510611921641,0.24471172632642504,0.5924,1.682,1.0896,9,1.5488,152.0,2,8;10,1.6073;1.6413,0.09250000000000003,0.05972365702479341,False
WT-01,w1118_sv_feb_40xx0.75-1,505,9,8,1.786875,0.11635989429352367,0.06511921331571804,1.6172,1.9232,0.30600000000000005,10,1.7425,138.0,2,9;11,1.7738;1.9136,0.17110000000000003,0.09819225251076043,False
WT-01,w1118_sv_feb_40xx0.75-1,506,3,3,1.8562,0.09636513892482075,0.051915277946784154,1.7722,1.9614,0.18920000000000003,7,1.7722,300.0,2,6;8,1.835;1.9614,0.18920000000000003,0.10675995937253134,False
WT-01,w1118_sv_feb_40xx0.75-1,507,6,6,1.8547166666666668,0.09166808423146339,0.049424306083479086,1.6676,1.8922,0.22460000000000013,6,1.8921,129.0,0,,,,,False
WT-01,w1118_sv_feb_40xx0.75-1,510,3,3,1.5931,0.41241024478060667,0.2588727919029607,1.191,2.0151,0.8240999999999998,8,2.0151,129.0,0,,,,,False
WT-01,w1118_sv_feb_40xx0.75-1,511,12,11,1.5277090909090907,0.21936819484394474,0.14359291055432927,1.0704,1.7017,0.6313,11,1.6367,114.0,2,10;12,1.7017;1.6219,0.06499999999999995,0.039714058776806956,False
WT-01,w1118_sv_feb_40xx0.75-1,512,17,14,1.8717142857142854,0.10904598082490678,0.0582599500667339,1.6111,1.9766,0.36549999999999994,12,1.9334,185.0,2,11;13,1.9012;1.8931,0.0403,0.02084410882383366,False
WT-01,w1118_sv_feb_40xx0.75-1,514,9,8,1.93055,0.04103458471651857,0.02125538562405458,1.8922,1.9904,0.09819999999999984,15,1.9448,203.0,1,14,1.9901,0.045299999999999896,0.02329288358700118,False
WT-01,w1118_sv_feb_40xx0.75-1,516,9,9,1.783622222222222,0.12508168109057552,0.07012790014173279,1.5587,1.9281,0.36939999999999995,6,1.6978,156.0,1,7,1.7134,0.015600000000000058,0.009188361408882116,False
WT-01,w1118_sv_feb_40xx0.75-1,517,9,8,1.817875,0.2693113850969861,0.14814626148496796,1.3826,2.3399,0.9573,12,2.3399,203.0,2,11;13,1.9432;1.7588,0.5811000000000002,0.2483439463224925,True
WT-01,w1118_sv_feb_40xx0.75-1,518,7,7,1.805142857142857,0.15727771464454054,0.0871275722152409,1.5163,1.9115,0.3952,12,1.9115,145.0,1,11,1.8841,0.02739999999999987,0.014334292440491692,False
WT-01,w1118_sv_feb_40xx0.75-1,524,7,6,1.5528333333333333,0.10157162333381636,0.06541051196768254,1.4011,1.7131,0.31200000000000006,13,1.5137,172.0,1,12,1.5715,0.05779999999999985,0.03818458082843354,False
WT-01,w1118_sv_feb_40xx0.75-1,527,8,8,1.5104375,0.11439587826615831,0.0757369161359926,1.3427,1.6063,0.26360000000000006,11,1.6055,108.0,2,10;12,1.4865;1.4802,0.12529999999999997,0.07804422298349423,False
WT-01,w1118_sv_feb_40xx0.75-1,529,8,8,1.379225,0.18598432921696847,0.1348469823393344,1.1353,1.5142,0.3789,11,1.5137,132.0,2,10;12,1.5137;1.167,0.3467,0.22904142168197134,False
WT-01,w1118_sv_feb_40xx0.75-1,532,9,8,1.7342125,0.0849814002759259,0.04900287610424092,1.5745,1.8733,0.29879999999999995,7,1.7092,170.0,1,8,1.7928,0.0835999999999999,0.04891177158904744,False
WT-01,w1118_sv_feb_40xx0.75-1,534,7,7,1.6016714285714286,0.1999885972939934,0.12486243665616756,1.2003,1.8418,0.6415000000000002,8,1.7355,132.0,2,7;9,1.5918;1.6518,0.14369999999999994,0.082800345721694,False
WT-01,w1118_sv_feb_40xx0.75-1,536,8,8,1.7388625,0.07994160256980443,0.04597350427063924,1.6403,1.8739,0.2335999999999998,11,1.7055,119.0,2,10;12,1.689;1.6543,0.05119999999999991,0.030020521841102266,False
WT-01,w1118_sv_feb_40xx0.75-1,537,13,12,1.8364916666666664,0.10633481819519922,0.05790106218570693,1.6723,1.9753,0.30300000000000016,13,1.9753,134.0,2,12;14,1.9326;1.9492,0.04269999999999996,0.021616969574241866,False
WT-01,w1118_sv_feb_40xx0.75-1,538,6,6,1.7101666666666668,0.29305155632868884,0.17135847753358668,1.1557,1.9246,0.7689000000000001,7,1.9246,124.0,1,8,1.8931,0.031500000000000083,0.016367037306453332,False
WT-01,w1118_sv_feb_40xx0.75-1,539,7,7,1.5319285714285713,0.2634242757371064,0.17195597800715673,1.1418,1.8302,0.6884000000000001,11,1.8302,136.0,2,10;12,1.6327;1.6809,0.1975,0.10791170363894656,False
WT-01,w1118_sv_feb_40xx0.75-1,541,9,8,1.7264375,0.15740206876022944,0.0911715997597535,1.3531,1.8333,0.48019999999999996,11,1.7403,118.0,2,10;12,1.7684;1.7745,0.03420000000000001,0.019651784175142222,False
WT-01,w1118_sv_feb_40xx0.75-1,550,12,12,1.8905416666666668,0.6317183513075965,0.3341467487576822,1.0709,3.2172,2.1463,11,3.2172,206.0,2,10;12,1.85;3.1042,1.3672,0.4249658087778192,True
WT-01,w1118_sv_feb_40xx0.75-1,552,12,11,1.731490909090909,0.31769961742043523,0.1834832719897087,1.1747,2.1576,0.9828999999999999,14,1.954,131.0,2,13;15,1.9217;1.8924,0.06159999999999988,0.03152507676560894,False
WT-01,w1118_sv_feb_40xx0.75-1,556,5,4,1.9353749999999998,0.08349552383211929,0.04314178070509297,1.8374,2.0139,0.1765000000000001,9,2.0139,262.0,0,,,,,False
WT-01,w1118_sv_feb_40xx0.75-1,557,15,14,1.861357142857143,0.23786968544299048,0.12779368341846833,1.5476,2.2266,0.6789999999999998,20,1.9818,339.0,1,21,1.5476,0.4341999999999999,0.2190937531536986,False
WT-01,w1118_sv_feb_40xx0.75-1,558,10,8,1.921975,0.3325002373790774,0.17299925200852115,1.1785,2.3074,1.1288999999999998,9,2.1854,246.0,2,8;10,2.3074;1.9575,0.2279,0.10428296879289832,False
WT-01,w1118_sv_feb_40xx0.75-1,560,9,9,1.5101222222222224,0.36148743331469274,0.2393762756386337,0.7606,1.8923,1.1317,11,1.8921,136.0,2,10;12,1.719;1.5558,0.3362999999999998,0.17773902013635634,False
WT-01,w1118_sv_feb_40xx0.75-1,561,8,8,1.6256625,0.029761045368544646,0.018307025823960783,1.6055,1.6893,0.0838000000000001,10,1.6407,128.0,2,9;11,1.6893;1.6396,0.04859999999999998,0.029621503017004922,False
WT-01,w1118_sv_feb_40xx0.75-1,564,6,6,1.6171999999999997,0.29062325440335984,0.17970767647994057,1.0776,1.8884,0.8108000000000002,11,1.8274,114.0,2,10;12,1.8884;1.7145,0.1129,0.06178176644412827,False
WT-01,w1118_sv_feb_40xx0.75-1,569,6,6,1.8293499999999998,0.15370548135964435,0.08402191016461823,1.5156,1.8921,0.37649999999999983,8,1.8921,144.0,2,7;9,1.8921;1.8921,0.0,0.0,False
WT-01,w1118_sv_feb_40xx0.75-1,570,8,4,0.50075,0.17349992315079948,0.3464801261124303,0.3825,0.7501,0.3676,9,0.7501,27.0,1,10,0.4879,0.2622,0.3495533928809492,False
WT-01,w1118_sv_feb_40xx0.75-1,573,8,7,1.3723285714285716,0.18320849429257474,0.1335019164556617,1.1353,1.5154,0.3801000000000001,9,1.5139,97.0,2,8;10,1.5146;1.5137,0.0006999999999999229,0.000462381927472041,False
WT-01,w1118_sv_feb_40xx0.75-1,574,6,5,1.5618400000000001,0.10764431243683985,0.06892147238951483,1.5137,1.7544,0.24069999999999991,10,1.5137,102.0,2,9;11,1.5137;1.5137,0.0,0.0,False
WT-01,w1118_sv_feb_40xx0.75-1,575,11,9,1.5666444444444445,0.08705013083147999,0.055564701448482946,1.5137,1.7857,0.272,10,1.5146,118.0,2,9;11,1.5509;1.5981,0.08350000000000013,0.05513006734451349,False
WT-01,w1118_sv_feb_40xx0.75-1,576,6,6,1.5759833333333333,0.10770837324306164,0.06834359917706087,1.4052,1.7089,0.3037000000000001,8,1.4052,189.0,1,9,1.4969,0.09169999999999989,0.06525761457443773,False
WT-01,w1118_sv_feb_40xx0.75-1,577,4,3,1.0314666666666668,0.1751453777104418,0.16980226639455964,0.8365,1.1755,0.33899999999999997,10,1.1755,33.0,2,9;11,1.0824;0.8365,0.33899999999999997,0.288387920034028,False
WT-01,w1118_sv_feb_40xx0.75-1,578,8,8,1.4497875,0.14438865643513293,0.09959297927119176,1.1725,1.5873,0.41479999999999984,10,1.5873,103.0,2,9;11,1.5496;1.5548,0.037699999999999845,0.023751023751023653,False
WT-01,w1118_sv_feb_40xx0.75-1,579,8,6,1.1484166666666666,0.17207899833119283,0.14984021333533953,0.9961,1.3712,0.3751,10,1.3649,79.0,2,9;11,1.0397;1.3712,0.32519999999999993,0.23825921312916692,False
WT-01,w1118_sv_feb_40xx0.75-1,580,6,6,2.265333333333333,0.641042440612684,0.2829792998584538,1.5821,3.1247,1.5425999999999997,10,2.8002,231.0,2,9;11,2.5082;3.1247,0.3245,0.11588457967288052,False
WT-01,w1118_sv_feb_40xx0.75-1,581,16,14,1.4007214285714285,0.1867341515407622,0.13331283989223264,1.1222,1.6677,0.5454999999999999,19,1.5793,71.0,2,18;20,1.4193;1.5895,0.15999999999999992,0.10131070727537513,False
WT-01,w1118_sv_feb_40xx0.75-1,583,9,8,1.618475,0.14881748889159502,0.09194920458554813,1.3093,1.8455,0.5362,12,1.8455,110.0,2,11;13,1.7008;1.6278,0.2177,0.11796261175833109,False
WT-01,w1118_sv_feb_40xx0.75-1,585,8,7,1.6142857142857143,0.11754588364508882,0.0728160341164267,1.3529,1.6897,0.3368,9,1.68,125.0,2,8;10,1.6897;1.671,0.009700000000000042,0.005773809523809549,False
WT-01,w1118_sv_feb_40xx0.75-1,588,13,9,1.5602555555555555,0.09532990232753713,0.06109890266892419,1.3379,1.6056,0.2676999999999998,14,1.4658,96.0,2,13;15,1.6056;1.6055,0.13979999999999992,0.09537453950061395,False
WT-01,w1118_sv_feb_40xx0.75-1,590,10,9,1.675822222222222,0.27472688154682723,0.16393557616304072,1.0822,1.9331,0.8509,12,1.8292,147.0,2,11;13,1.707;1.9331,0.12219999999999986,0.06680516072600036,False
WT-01,w1118_sv_feb_40xx0.75-1,593,16,15,1.82882,0.18326282921375128,0.10020823766896211,1.2717,1.9168,0.6451,16,1.9168,146.0,1,17,1.8991,0.01770000000000005,0.009234140233722897,False
WT-01,w1118_sv_feb_40xx0.75-1,594,17,14,1.8102999999999998,0.10973564037827808,0.060617378544041374,1.5066,1.948,0.4414,15,1.8613,150.0,2,14;16,1.8811;1.8442,0.01980000000000004,0.01063772632031378,False
WT-01,w1118_sv_feb_40xx0.75-1,595,9,8,1.6427999999999998,0.27564290563802185,0.16778847433529454,1.0969,1.8762,0.7793000000000001,11,1.8762,152.0,2,10;12,1.7933;1.7056,0.17060000000000008,0.09092847244430236,False
WT-01,w1118_sv_feb_40xx0.75-1,597,11,9,1.3647222222222222,0.30886782277285607,0.22632284998621655,0.6553,1.6163,0.9610000000000001,13,1.57,99.0,2,12;14,1.6163;1.5001,0.06990000000000007,0.04452229299363062,False
WT-01,w1118_sv_feb_40xx0.75-1,598,9,8,1.6949999999999998,0.16973233550000338,0.10013707109144743,1.3504,1.8881,0.5376999999999998,13,1.6997,312.0,2,12;14,1.6275;1.8519,0.1522000000000001,0.0895452138612697,False
WT-01,w1118_sv_feb_40xx0.75-1,599,3,3,1.4913,0.27726072567170423,0.18591881289593257,1.1712,1.6564,0.4852000000000001,10,1.6564,95.0,1,9,1.6463,0.010099999999999998,0.006097560975609755,False
WT-01,w1118_sv_feb_40xx0.75-1,600,7,7,1.6071142857142857,0.12872175973226682,0.08009496329942468,1.3571,1.7944,0.4373,8,1.7944,137.0,1,9,1.6199,0.1745000000000001,0.09724699063753907,False
WT-01,w1118_sv_feb_40xx0.75-1,601,9,9,1.6343,0.09909672043009296,0.06063557512702255,1.3795,1.6918,0.3123,14,1.6908,124.0,2,13;15,1.6561;1.6859,0.034700000000000175,0.020522829429855793,False
WT-01,w1118_sv_feb_40xx0.75-1,602,7,7,1.8477,0.10775046790308306,0.058315997133237575,1.6232,1.9163,0.2930999999999999,11,1.9163,152.0,2,10;12,1.8927;1.9001,0.023599999999999843,0.01231539946772418,False
WT-01,w1118_sv_feb_40xx0.75-1,604,8,7,1.7551857142857141,0.1747587520800358,0.09956710031174973,1.5137,1.8965,0.38280000000000003,10,1.8965,138.0,2,9;11,1.848;1.5139,0.38260000000000005,0.20174004745583973,False
WT-01,w1118_sv_feb_40xx0.75-1,609,6,5,1.75076,0.15600831067606621,0.08910890737512063,1.5739,1.875,0.3010999999999999,12,1.875,136.0,2,11;13,1.8733;1.8446,0.030399999999999983,0.016213333333333323,False
WT-01,w1118_sv_feb_40xx0.75-1,613,8,8,1.5947125,0.12815422001300955,0.08036195866841801,1.3432,1.7807,0.4375,13,1.7807,124.0,2,12;14,1.6194;1.669,0.1613,0.09058235525355197,False
WT-01,w1118_sv_feb_40xx0.75-1,614,5,5,2.3478000000000003,0.5867462185647216,0.24991320323908406,1.7751,3.0228,1.2477000000000003,12,3.0228,241.0,1,13,2.9094,0.11339999999999995,0.037514886859865,False
WT-01,w1118_sv_feb_40xx0.75-1,615,3,3,2.6719666666666666,0.903957766343834,0.3383117677405534,1.6622,3.4058,1.7436000000000003,9,2.9479,188.0,1,8,3.4058,0.4579,0.1553309135316666,False
WT-01,w1118_sv_feb_40xx0.75-1,617,6,6,1.564,0.11091531905016545,0.07091772317785515,1.3379,1.6206,0.28269999999999995,10,1.608,196.0,1,11,1.6055,0.0025000000000001688,0.0015547263681593088,False
WT-01,w1118_sv_feb_40xx0.75-1,618,8,7,1.5849285714285717,0.24654836384426834,0.15555802847445835,1.1515,1.8118,0.6603000000000001,10,1.8118,133.0,2,9;11,1.6289;1.7253,0.18290000000000006,0.10094933215586713,False
WT-01,w1118_sv_feb_40xx0.75-1,620,3,3,1.7650333333333332,0.021361257765715284,0.012102467053907547,1.748,1.789,0.040999999999999925,8,1.789,91.0,1,9,1.748,0.040999999999999925,0.02291783119060924,False
WT-01,w1118_sv_feb_40xx0.75-1,623,8,7,1.8710571428571428,0.13645216325563644,0.07292784390714609,1.5628,1.9474,0.38460000000000005,9,1.917,158.0,2,8;10,1.9208;1.9219,0.004899999999999904,0.002556077203964478,False
WT-01,w1118_sv_feb_40xx0.75-1,624,8,6,1.6683166666666667,0.27287628271190345,0.1635638414241322,1.2195,1.9001,0.6805999999999999,12,1.8682,81.0,2,11;13,1.4561;1.7289,0.41210000000000013,0.22058666095707105,False
WT-01,w1118_sv_feb_40xx0.75-1,625,8,7,1.4725285714285714,0.46950127338941866,0.3188401790628298,0.8127,2.1075,1.2948,8,2.1075,118.0,1,9,1.8921,0.21540000000000004,0.1022064056939502,False
WT-01,w1118_sv_feb_40xx0.75-1,627,8,7,1.691257142857143,0.15796467808915235,0.09340074556746177,1.4298,1.8782,0.44840000000000013,13,1.8782,117.0,2,12;14,1.7913;1.7672,0.11099999999999999,0.059099137472047696,False
WT-01,w1118_sv_feb_40xx0.75-1,628,5,5,1.6073600000000003,0.10948800390910411,0.0681166657805993,1.417,1.6882,0.2711999999999999,12,1.6182,163.0,1,11,1.6665,0.04830000000000001,0.02984797923618836,False
WT-01,w1118_sv_feb_40xx0.75-1,630,14,14,1.6879071428571426,0.17480343450368963,0.10356223400287148,1.3046,1.9191,0.6145,16,1.9191,147.0,2,15;17,1.9001;1.8757,0.043400000000000105,0.02261476733885681,False
WT-01,w1118_sv_feb_40xx0.75-1,633,11,10,1.5314,0.20016374408080115,0.13070637591798429,1.2127,1.8459,0.6332000000000002,16,1.8459,120.0,2,15;17,1.815;1.6153,0.23060000000000014,0.12492551059103967,False
WT-01,w1118_sv_feb_40xx0.75-1,635,10,6,1.8815166666666665,0.02858184155485207,0.01519085217857158,1.8233,1.8969,0.07360000000000011,13,1.8922,149.0,2,12;14,1.8921;1.8233,0.06890000000000018,0.03641264136983415,False
WT-01,w1118_sv_feb_40xx0.75-1,637,26,25,1.406408,0.16784784012114465,0.11934505500618926,1.0585,1.5613,0.5027999999999999,32,1.5137,124.0,2,31;33,1.5137;1.5137,0.0,0.0,False
WT-01,w1118_sv_feb_40xx0.75-1,640,7,7,1.6664285714285716,0.11957899361629416,0.07175764726224253,1.5411,1.8665,0.32540000000000013,14,1.8665,120.0,2,13;15,1.5471;1.7567,0.31940000000000013,0.17112242164478977,False
WT-01,w1118_sv_feb_40xx0.75-1,644,4,3,1.5849666666666666,0.035564776582080876,0.022438816746144532,1.5439,1.6055,0.06159999999999988,9,1.6055,98.0,1,10,1.6055,0.0,0.0,False
WT-01,w1118_sv_feb_40xx0.75-1,646,3,3,1.7540000000000002,0.020846102753272654,0.011884893245879505,1.734,1.7756,0.04160000000000008,11,1.734,140.0,1,10,1.7524,0.018399999999999972,0.010611303344867342,False
WT-01,w1118_sv_feb_40xx0.75-1,647,3,3,1.9490333333333334,0.1473399244377889,0.07559641075291455,1.8155,2.1071,0.2916000000000001,11,1.8155,82.0,1,10,1.9245,0.10900000000000021,0.06003855687138541,False
WT-01,w1118_sv_feb_40xx0.75-1,648,15,15,1.79976,0.2725566305506855,0.1514405423782535,1.3933,2.2037,0.8104,18,2.0684,232.0,2,17;19,2.0891;2.0853,0.020700000000000163,0.010007735447689113,False
WT-01,w1118_sv_feb_40xx0.75-1,649,6,5,1.6911999999999998,0.22245763641646465,0.1315383375215614,1.3379,1.8731,0.5351999999999999,14,1.8697,144.0,1,13,1.6238,0.2459,0.13151842541584213,False
WT-01,w1118_sv_feb_40xx0.75-1,650,6,6,1.3786333333333332,0.12250868812727798,0.08886241552789816,1.157,1.4664,0.3093999999999999,13,1.4184,72.0,2,12;14,1.4592;1.157,0.2614000000000001,0.18429216018048508,False
WT-01,w1118_sv_feb_40xx0.75-1,651,8,8,1.58725,0.12034628607243585,0.07582062439592745,1.2919,1.667,0.3751,13,1.6263,108.0,2,12;14,1.6239;1.6253,0.0024000000000001798,0.001475742482936838,False
WT-01,w1118_sv_feb_40xx0.75-1,653,9,9,1.6996,0.289483656706212,0.1703245803166698,1.0586,1.9203,0.8616999999999999,15,1.9148,140.0,2,14;16,1.8399;1.7445,0.17030000000000012,0.08893879256319204,False
WT-01,w1118_sv_feb_40xx0.75-1,655,11,11,1.9474000000000002,0.916417901396519,0.4705853452790998,0.8744,4.4695,3.5951,14,4.4695,272.0,2,13;15,2.1201;1.9001,2.5694,0.5748741469963082,True
WT-01,w1118_sv_feb_40xx0.75-1,656,12,10,1.5236100000000001,0.13659461881380575,0.08965195739973204,1.3436,1.6965,0.3529,15,1.6592,66.0,2,14;16,1.6397;1.5384,0.12080000000000002,0.07280617164898748,False
WT-01,w1118_sv_feb_40xx0.75-1,658,8,8,1.6320125,0.007389845832530738,0.004528057127338631,1.6235,1.645,0.021500000000000075,11,1.645,136.0,2,10;12,1.6269;1.6365,0.018100000000000005,0.011003039513677815,False
WT-01,w1118_sv_feb_40xx0.75-1,661,8,7,1.6841428571428572,0.27355851815862514,0.162431896438237,1.1194,1.9497,0.8303,16,1.8819,109.0,1,15,1.7656,0.11629999999999985,0.06179924544343475,False
WT-01,w1118_sv_feb_40xx0.75-1,662,6,6,1.92975,0.04498220759366982,0.023309862725052373,1.8947,2.0165,0.12180000000000013,9,1.9326,244.0,1,10,1.9261,0.006500000000000172,0.003363344716961695,False
WT-01,w1118_sv_feb_40xx0.75-1,665,9,5,1.15312,0.15989755157600133,0.13866514463022178,0.9894,1.3669,0.37750000000000006,14,1.3669,49.0,2,13;15,0.9894;1.2738,0.37750000000000006,0.276172360816446,False
WT-01,w1118_sv_feb_40xx0.75-1,668,5,4,1.93525,0.23369145612680545,0.12075517691606018,1.6974,2.2573,0.5598999999999998,13,2.2573,155.0,1,12,1.894,0.36329999999999996,0.1609444912063084,False
WT-01,w1118_sv_feb_40xx0.75-1,672,9,9,1.5180222222222222,0.2517976309349324,0.16587216395707804,1.0703,1.6844,0.6140999999999999,15,1.6192,140.0,2,14;16,1.6209;1.6583,0.039100000000000135,0.024147727272727355,False
WT-01,w1118_sv_feb_40xx0.75-1,673,9,9,1.708588888888889,0.3876610357143353,0.22688959189383165,0.6883,1.8963,1.2080000000000002,12,1.8922,136.0,2,11;13,1.8483;1.7734,0.11880000000000002,0.06278406088151359,False
WT-01,w1118_sv_feb_40xx0.75-1,674,3,3,1.9946000000000002,0.07187635216119426,0.03603547185460456,1.9497,2.0775,0.12780000000000014,12,1.9566,191.0,1,11,2.0775,0.12090000000000023,0.0617908616988655,False
WT-01,w1118_sv_feb_40xx0.75-1,676,8,7,1.7098857142857142,0.11370663171177882,0.06649955067861275,1.6055,1.8731,0.26760000000000006,10,1.8731,135.0,2,9;11,1.8157;1.6236,0.24950000000000006,0.13320164433292406,False
WT-01,w1118_sv_feb_40xx0.75-1,677,7,7,1.7651714285714284,0.13791416067353532,0.07813074608008508,1.5374,1.9435,0.4060999999999999,12,1.8278,202.0,2,11;13,1.9435;1.8784,0.11569999999999991,0.06330014224751061,False
WT-01,w1118_sv_feb_40xx0.75-1,678,8,8,1.50545,0.19896721194350445,0.13216460987977313,1.0703,1.6063,0.536,14,1.6055,113.0,2,13;15,1.6055;1.6063,0.0008000000000001339,0.0004982871379633348,False
WT-01,w1118_sv_feb_40xx0.75-1,680,8,8,1.6562000000000001,0.1261630237883849,0.07617620081414375,1.3511,1.7622,0.4111,13,1.7622,125.0,2,12;14,1.67;1.6918,0.09220000000000006,0.052320962433322016,False
WT-01,w1118_sv_feb_40xx0.75-1,681,11,10,2.91869,0.8790850552326169,0.3011916494155313,1.5337,3.7842,2.2504999999999997,14,3.7842,223.0,2,13;15,3.6159;3.5689,0.2152999999999996,0.056894455895565674,False
WT-01,w1118_sv_feb_40xx0.75-1,682,8,8,1.6056375,0.12343223632538508,0.07687428596142347,1.3144,1.7163,0.4018999999999999,14,1.6218,97.0,2,13;15,1.6788;1.6579,0.05700000000000016,0.03514613392526832,False
WT-01,w1118_sv_feb_40xx0.75-1,683,6,6,1.5062833333333334,0.20233597225077568,0.13432796325444019,1.2389,1.658,0.41910000000000003,14,1.576,96.0,1,13,1.658,0.08199999999999985,0.052030456852791784,False
WT-01,w1118_sv_feb_40xx0.75-1,694,6,6,1.2009666666666667,0.15583732116109633,0.12975990548815924,1.0171,1.3484,0.33130000000000015,12,1.3379,76.0,2,11;13,1.3484;1.3379,0.010499999999999954,0.00784812018835485,False
WT-01,w1118_sv_feb_40xx0.75-1,697,14,12,1.6075583333333334,0.24548176180479864,0.1527047303445486,1.2665,2.0206,0.7541,21,1.973,255.0,2,20;22,1.8079;2.0206,0.16510000000000002,0.08367967562088191,False
WT-01,w1118_sv_feb_40xx0.75-1,699,8,8,1.7292625,0.1796817658091263,0.10390658781366409,1.5104,2.0044,0.494,14,2.0016,213.0,2,13;15,1.6191;1.6339,0.38249999999999984,0.19109712230215822,False
WT-01,w1118_sv_feb_40xx0.75-1,701,8,8,1.6194375,0.10271220455372239,0.06342461784028243,1.3666,1.6688,0.3022,13,1.6688,117.0,2,12;14,1.6619;1.6676,0.006900000000000128,0.004134707574304966,False
WT-01,w1118_sv_feb_40xx0.75-1,702,11,10,1.7217600000000002,0.1247090676557064,0.07243115629106635,1.4683,1.9054,0.43710000000000004,14,1.9054,137.0,2,13;15,1.7032;1.7668,0.20219999999999994,0.10611944998425524,False
WT-01,w1118_sv_feb_40xx0.75-1,706,12,12,1.8564583333333335,0.2424576606275201,0.13060226360813562,1.3392,2.0968,0.7576,13,2.0968,240.0,1,14,2.0153,0.08150000000000013,0.0388687523845861,False
WT-01,w1118_sv_feb_40xx0.75-1,707,9,9,1.5777111111111113,0.09703606860910592,0.061504332400098116,1.3526,1.6617,0.30909999999999993,13,1.6282,123.0,2,12;14,1.617;1.6064,0.02180000000000004,0.01338901854808994,False
WT-01,w1118_sv_feb_40xx0.75-1,708,7,7,1.5825714285714285,0.11195102670789754,0.07073995188258556,1.3397,1.6958,0.3561000000000001,16,1.6958,199.0,1,15,1.6128,0.08299999999999996,0.048944450996579764,False
WT-01,w1118_sv_feb_40xx0.75-1,709,8,8,1.7564375,0.28053422983148213,0.1597177410704805,1.0945,1.8995,0.8049999999999999,18,1.8995,257.0,1,17,1.8922,0.007299999999999862,0.0038431166096340418,False
WT-01,w1118_sv_feb_40xx0.75-1,712,3,3,1.3436333333333332,0.009387402906732656,0.006986580843037031,1.3338,1.3525,0.01869999999999994,12,1.3525,57.0,1,11,1.3446,0.007900000000000018,0.005841035120147888,False
WT-01,w1118_sv_feb_40xx0.75-1,716,10,9,1.6814888888888886,0.10991656431635365,0.06536859389477467,1.4473,1.8127,0.36539999999999995,14,1.7539,117.0,2,13;15,1.7326;1.6941,0.059800000000000075,0.0340954444381094,False
WT-01,w1118_sv_feb_40xx0.75-1,718,3,3,1.6027333333333331,0.028052510285771843,0.0175029181101692,1.5734,1.6293,0.05590000000000006,12,1.6293,143.0,1,13,1.5734,0.05590000000000006,0.034309212545264874,False
WT-01,w1118_sv_feb_40xx0.75-1,719,12,12,1.8331166666666665,0.394303350764665,0.2150999758687836,0.9069,2.3,1.3930999999999998,15,2.1625,212.0,2,14;16,1.9443;2.25,0.21820000000000017,0.10090173410404632,False
WT-01,w1118_sv_feb_40xx0.75-1,720,9,9,1.7351666666666667,0.22291071643148966,0.12846645841791737,1.3722,1.942,0.5697999999999999,13,1.8995,181.0,1,14,1.942,0.04249999999999998,0.022374309028691752,False
WT-01,w1118_sv_feb_40xx0.75-1,724,10,10,2.03653,0.5078109841926095,0.24935109435785846,1.3925,3.1149,1.7224,13,1.928,216.0,2,12;14,1.8044;3.1149,1.1869,0.6156120331950208,True
WT-01,w1118_sv_feb_40xx0.75-1,726,8,7,1.6564285714285716,0.12891353322137686,0.07782619513149099,1.5196,1.926,0.4063999999999999,17,1.926,118.0,1,16,1.6897,0.23629999999999995,0.12268951194184836,False
WT-01,w1118_sv_feb_40xx0.75-1,727,12,10,1.8773900000000001,0.08443247729530515,0.04497332855469836,1.7354,1.9479,0.2124999999999999,16,1.9159,127.0,2,15;17,1.9256;1.9479,0.03200000000000003,0.016702333107155923,False
WT-01,w1118_sv_feb_40xx0.75-1,733,9,8,1.6978499999999999,0.017148094438075145,0.010099887762803043,1.6697,1.7194,0.04970000000000008,14,1.6922,127.0,2,13;15,1.6697;1.7032,0.022499999999999964,0.013296300673679214,False
WT-01,w1118_sv_feb_40xx0.75-1,736,10,9,1.5747111111111112,0.08704549736265002,0.05527712146593733,1.343,1.6061,0.2631000000000001,16,1.6058,122.0,2,15;17,1.6055;1.6061,0.000300000000000189,0.00018682276746804648,False
WT-01,w1118_sv_feb_40xx0.75-1,740,7,6,0.9991500000000001,0.1731749260141317,0.17332224992656928,0.7304,1.1375,0.4070999999999999,14,1.1197,59.0,2,13;15,1.1375;1.0769,0.04279999999999995,0.03822452442618554,False
WT-01,w1118_sv_feb_40xx0.75-1,741,5,5,1.70628,0.05427961864272818,0.031811671380270634,1.6292,1.7737,0.14450000000000007,13,1.7737,170.0,2,12;14,1.682;1.7314,0.09170000000000011,0.051699836499971875,False
WT-01,w1118_sv_feb_40xx0.75-1,743,12,7,1.319442857142857,0.18875056606663773,0.14305323269198736,1.0806,1.5685,0.4879,20,1.4988,64.0,2,19;21,1.3935;1.5685,0.10529999999999995,0.07025620496397114,False
WT-01,w1118_sv_feb_40xx0.75-1,746,8,8,1.6368375,0.21326867653937637,0.13029312716709898,1.1739,1.7785,0.6046,14,1.7694,128.0,2,13;15,1.7648;1.5905,0.17890000000000006,0.10110772013111792,False
WT-01,w1118_sv_feb_40xx0.75-1,747,7,7,1.4500857142857144,0.20981573208072699,0.14469195166444238,1.0832,1.6055,0.5223,12,1.6055,102.0,2,11;13,1.3075;1.3379,0.2979999999999998,0.18561195889131102,False
WT-01,w1118_sv_feb_40xx0.75-1,749,6,5,1.3857199999999998,0.08246127576020154,0.059507891753169145,1.2569,1.4842,0.22730000000000006,13,1.4019,66.0,2,12;14,1.2569;1.4093,0.14500000000000002,0.10343105785006065,False
WT-01,w1118_sv_feb_40xx0.75-1,750,7,7,1.5421571428571428,0.08470017428441057,0.054923179960433346,1.3875,1.6778,0.2903,16,1.6778,117.0,2,15;17,1.5577;1.5613,0.12009999999999987,0.07158183335320055,False
WT-01,w1118_sv_feb_40xx0.75-1,753,6,5,1.67372,0.07716914538855536,0.04610636509604674,1.6306,1.8107,0.18009999999999993,14,1.8107,136.0,2,13;15,1.6365;1.6352,0.1755,0.0969238416082178,False
WT-01,w1118_sv_feb_40xx0.75-1,757,9,9,1.3522666666666667,0.260562818721321,0.192685973221249,0.8717,1.6183,0.7466,16,1.6183,80.0,2,15;17,1.3793;1.5421,0.2390000000000001,0.14768584316875738,False
WT-01,w1118_sv_feb_40xx0.75-1,761,9,8,1.6014,0.1588158052587966,0.09917310182265306,1.2145,1.6921,0.4776,16,1.6581,132.0,2,15;17,1.6654;1.6921,0.03400000000000003,0.020505397744406267,False
WT-01,w1118_sv_feb_40xx0.75-1,763,11,10,1.8387200000000004,0.12849420912157006,0.06988242316479401,1.5818,2.0167,0.43490000000000006,19,2.0167,157.0,2,18;20,1.9474;1.7722,0.24450000000000016,0.12123766549313242,False
WT-01,w1118_sv_feb_40xx0.75-1,764,3,3,1.6941666666666666,0.010960991439342127,0.006469842462966332,1.6826,1.7044,0.02179999999999982,12,1.6826,131.0,2,11;13,1.6955;1.7044,0.02179999999999982,0.012956139308213372,False
WT-01,w1118_sv_feb_40xx0.75-1,768,9,8,1.709875,0.16345111763809647,0.09559243666238554,1.3565,1.8871,0.5306,14,1.8334,126.0,2,13;15,1.7861;1.7859,0.047499999999999876,0.02590814879458922,False
WT-01,w1118_sv_feb_40xx0.75-1,769,3,3,1.6116,0.005902541825349499,0.0036625352602069365,1.6056,1.6174,0.011800000000000033,12,1.6118,133.0,2,11;13,1.6174;1.6056,0.006199999999999983,0.0038466310956694278,False
WT-01,w1118_sv_feb_40xx0.75-1,770,4,3,1.4239,0.19058433828622956,0.1338467155602427,1.2437,1.6234,0.3796999999999999,14,1.6234,73.0,1,13,1.2437,0.3796999999999999,0.23389183195761978,False
WT-01,w1118_sv_feb_40xx0.75-1,773,8,7,1.6979,0.048116352036842266,0.028338743175005753,1.6335,1.7549,0.12139999999999995,16,1.7331,129.0,2,15;17,1.6335;1.721,0.09960000000000013,0.057469274710057194,False
WT-01,w1118_sv_feb_40xx0.75-1,774,11,11,1.6331090909090908,0.1870857955834459,0.11455805164816162,1.1913,1.8172,0.6258999999999999,18,1.8172,115.0,2,17;19,1.6914;1.7233,0.1257999999999999,0.06922738278670477,False
WT-01,w1118_sv_feb_40xx0.75-1,775,5,5,1.74814,0.07395622353798224,0.04230566404177139,1.6983,1.8774,0.17910000000000004,14,1.8774,161.0,2,13;15,1.7363;1.7258,0.15159999999999996,0.08074997336742301,False
WT-01,w1118_sv_feb_40xx0.75-1,776,8,8,1.7768374999999998,0.20042285967067586,0.11279751787694478,1.3843,1.8927,0.5084,17,1.8921,139.0,2,16;18,1.8921;1.8921,0.0,0.0,False
WT-01,w1118_sv_feb_40xx0.75-1,779,9,8,1.6776625,0.12348026953439048,0.07360256877315341,1.5657,1.8741,0.3084,18,1.6428,148.0,2,17;19,1.6382;1.6122,0.03059999999999996,0.018626734842951034,False
WT-01,w1118_sv_feb_40xx0.75-1,782,7,5,1.8986400000000003,0.013442953544515432,0.007080306716657939,1.8845,1.9207,0.03620000000000001,17,1.9207,259.0,1,18,1.8845,0.03620000000000001,0.01884729525693758,False
WT-01,w1118_sv_feb_40xx0.75-1,784,5,5,1.70546,0.18549122081651195,0.1087631611509575,1.4297,1.8921,0.4623999999999999,15,1.8592,138.0,1,14,1.6505,0.20869999999999989,0.11225258175559374,False
WT-01,w1118_sv_feb_40xx0.75-1,786,9,9,1.8477222222222223,0.10866066189953218,0.05880789904060793,1.6129,1.948,0.33509999999999995,16,1.9121,124.0,2,15;17,1.9223;1.948,0.03590000000000004,0.018775168662726868,False
WT-01,w1118_sv_feb_40xx0.75-1,789,9,8,1.64715,0.16918390669834496,0.10271311459086602,1.2689,1.839,0.5701,17,1.839,119.0,2,16;18,1.7142;1.6671,0.17189999999999994,0.09347471451876016,False
WT-01,w1118_sv_feb_40xx0.75-1,790,7,7,1.7178714285714285,0.06441898566638346,0.037499305591195436,1.632,1.8253,0.19330000000000003,17,1.8253,244.0,1,16,1.7814,0.04389999999999983,0.024050840957650706,False
WT-01,w1118_sv_feb_40xx0.75-1,792,16,13,1.5902307692307693,0.24095487262353846,0.1515219534710008,0.8472,1.8748,1.0276,16,1.8231,248.0,2,15;17,1.632;1.6055,0.21760000000000002,0.11935713893916956,False
WT-01,w1118_sv_feb_40xx0.75-1,795,5,5,1.37966,0.33079619556458023,0.2397664609864606,0.8104,1.6071,0.7967,14,1.6071,57.0,2,13;15,1.6061;1.482,0.1251,0.0778420757886877,False
WT-01,w1118_sv_feb_40xx0.75-1,801,8,8,1.5165375,0.15916412856365775,0.10495231971755248,1.2264,1.6595,0.43310000000000004,17,1.6595,119.0,2,16;18,1.6367;1.4497,0.2098,0.12642362157276288,False
WT-01,w1118_sv_feb_40xx0.75-1,802,10,10,1.4222899999999998,0.08738005683983809,0.0614361746478131,1.2259,1.5359,0.31000000000000005,19,1.5359,99.0,2,18;20,1.4739;1.4557,0.08020000000000005,0.05221694120710987,False
WT-01,w1118_sv_feb_40xx0.75-1,813,6,6,1.7129,0.12517959897683004,0.07308050614561856,1.5583,1.8819,0.3235999999999999,17,1.8819,84.0,1,16,1.7855,0.09639999999999982,0.05122482597374984,False
WT-01,w1118_sv_feb_40xx0.75-1,814,9,8,1.7522375000000001,0.4544018483912985,0.2593266314590907,0.8099,2.2706,1.4607,14,2.0331,159.0,1,15,1.8973,0.13580000000000014,0.06679455019428465,False
WT-01,w1118_sv_feb_40xx0.75-1,817,11,8,1.34055,0.14860584491485235,0.110854384330948,1.1355,1.532,0.3965000000000001,14,1.532,81.0,2,13;15,1.5164;1.2753,0.25669999999999993,0.16755874673629237,False
WT-01,w1118_sv_feb_40xx0.75-1,819,8,7,1.753585714285714,0.14829835275070133,0.08456863644735353,1.5629,1.9207,0.3578000000000001,14,1.7045,108.0,2,13;15,1.606;1.6921,0.09849999999999981,0.057788207685538176,False
WT-01,w1118_sv_feb_40xx0.75-1,820,9,9,1.5033,0.11916403610150167,0.0792683004732932,1.3379,1.6237,0.28579999999999983,17,1.4923,113.0,2,16;18,1.3725;1.6151,0.12280000000000002,0.08228908396435035,False
WT-01,w1118_sv_feb_40xx0.75-1,822,4,3,1.4185999999999999,0.5869099164267033,0.41372474018518496,0.7606,1.8881,1.1275,12,1.8881,45.0,1,13,1.6071,0.2809999999999999,0.1488268629839521,False
WT-01,w1118_sv_feb_40xx0.75-1,823,15,12,1.6294583333333332,0.077580614475681,0.047611290751434374,1.5382,1.7707,0.23249999999999993,21,1.7272,94.0,2,20;22,1.6648;1.7707,0.06240000000000001,0.03612783696155628,False
WT-01,w1118_sv_feb_40xx0.75-1,824,6,6,1.5301333333333336,0.23146979644581422,0.15127426571484895,1.0806,1.6987,0.6181000000000001,12,1.6069,135.0,1,13,1.6987,0.0918000000000001,0.05712863277117437,False
WT-01,w1118_sv_feb_40xx0.75-1,827,11,10,1.7363300000000002,0.23100588761135743,0.13304261725095887,1.1444,1.9372,0.7928,18,1.9278,145.0,2,17;19,1.7513;1.8587,0.17649999999999988,0.09155514057474835,False
WT-01,w1118_sv_feb_40xx0.75-1,828,10,9,1.808011111111111,0.16685871601780677,0.09228854568004505,1.5137,1.8921,0.37839999999999985,15,1.8921,125.0,1,16,1.8921,0.0,0.0,False
WT-01,w1118_sv_feb_40xx0.75-1,831,7,7,1.9348428571428573,0.07815883096069737,0.040395441248449966,1.8461,2.079,0.2329000000000001,18,2.079,263.0,1,17,1.9896,0.08940000000000015,0.04300144300144307,False
WT-01,w1118_sv_feb_40xx0.75-1,832,3,3,1.7522666666666666,0.1652184715258355,0.0942884291921904,1.5697,1.8915,0.32179999999999986,13,1.8915,122.0,2,12;14,1.5697;1.7956,0.32179999999999986,0.17012952683055768,False
WT-01,w1118_sv_feb_40xx0.75-1,833,3,3,1.5739666666666665,0.13486223835208033,0.08568303332477203,1.4186,1.6608,0.24219999999999997,14,1.6608,110.0,1,13,1.6425,0.018299999999999983,0.01101878612716762,False
WT-01,w1118_sv_feb_40xx0.75-1,834,4,4,1.69385,0.30772876043684966,0.18167415086155778,1.2374,1.9105,0.6731,13,1.9105,135.0,2,12;14,1.819;1.8085,0.10200000000000009,0.053389165140015744,False
WT-01,w1118_sv_feb_40xx0.75-1,835,8,8,1.5528499999999998,0.16634763083889795,0.1071240820677451,1.1806,1.6924,0.5117999999999998,18,1.6443,128.0,2,17;19,1.5843;1.5585,0.0858000000000001,0.052180259076810856,False
WT-01,w1118_sv_feb_40xx0.75-1,837,8,8,1.74715,0.2853678077749585,0.16333331870472398,1.1464,2.0012,0.8547999999999998,15,1.9071,131.0,1,16,1.7286,0.1785000000000001,0.0935976089350323,False
WT-01,w1118_sv_feb_40xx0.75-1,838,5,4,1.750325,0.17807538431799042,0.1017384681804753,1.5273,1.9181,0.3907999999999998,16,1.9181,124.0,1,15,1.8666,0.05149999999999988,0.026849486470986852,False
WT-01,w1118_sv_feb_40xx0.75-1,840,9,9,1.515811111111111,0.3824154561613731,0.25228437326934305,0.7805,1.8693,1.0888,16,1.8693,123.0,2,15;17,1.7746;1.7706,0.09870000000000001,0.052800513561226135,False
WT-01,w1118_sv_feb_40xx0.75-1,841,6,6,1.921783333333333,0.027605754231077792,0.014364654824639162,1.8921,1.9592,0.06710000000000016,17,1.8921,262.0,1,18,1.8921,0.0,0.0,False
WT-01,w1118_sv_feb_40xx0.75-1,842,7,5,1.55106,0.13550613639241585,0.08736356839349596,1.3497,1.698,0.34830000000000005,15,1.6439,92.0,1,14,1.698,0.05410000000000004,0.03290954437617862,False
WT-01,w1118_sv_feb_40xx0.75-1,844,9,8,1.4967125000000001,0.11487143667720755,0.07674916637444235,1.3642,1.6459,0.28169999999999984,15,1.6459,125.0,2,14;16,1.5044;1.5793,0.14149999999999996,0.085971201166535,False
WT-01,w1118_sv_feb_40xx0.75-1,845,11,10,1.5383399999999998,0.2852425213743561,0.18542228725402454,0.7576,1.7503,0.9926999999999999,18,1.7503,116.0,2,17;19,1.6891;1.5129,0.23740000000000006,0.1356338913329144,False
WT-01,w1118_sv_feb_40xx0.75-1,846,8,7,1.5933142857142857,0.09322514733288487,0.05851020615878798,1.3904,1.66,0.26959999999999984,17,1.6168,120.0,2,16;18,1.6371;1.6488,0.03200000000000003,0.019792182088075226,False
WT-01,w1118_sv_feb_40xx0.75-1,849,11,10,1.50595,0.479484832919666,0.31839359402348416,0.4472,1.8921,1.4448999999999999,18,1.8464,115.0,2,17;19,1.7674;1.5598,0.28659999999999997,0.15522097053726167,False
WT-01,w1118_sv_feb_40xx0.75-1,853,9,9,1.6454555555555557,0.11239975657348096,0.06830920239321286,1.357,1.7249,0.3679000000000001,19,1.7249,189.0,2,18;20,1.6919;1.7183,0.03300000000000014,0.019131543857615015,False
WT-01,w1118_sv_feb_40xx0.75-1,854,8,8,1.2537125,0.2741020583520984,0.21863230872476616,0.738,1.5568,0.8188,13,1.5568,102.0,1,14,1.1356,0.4212,0.2705549845837616,False
WT-01,w1118_sv_feb_40xx0.75-1,855,9,7,1.6353142857142855,0.2308764924410988,0.1411817254077584,1.1353,1.7926,0.6573,17,1.7542,123.0,1,18,1.7542,0.0,0.0,False
WT-01,w1118_sv_feb_40xx0.75-1,858,3,3,1.8472,0.03357558636866969,0.01817647594665964,1.815,1.882,0.06699999999999995,14,1.882,195.0,2,13;15,1.8446;1.815,0.06699999999999995,0.035600425079702416,False
WT-01,w1118_sv_feb_40xx0.75-1,860,12,10,1.6966,0.1730568692655683,0.10200216271694464,1.3913,1.9293,0.538,20,1.6448,132.0,2,19;21,1.7441;1.5137,0.1311,0.07970573929961089,False
WT-01,w1118_sv_feb_40xx0.75-1,864,10,9,1.7033333333333334,0.21358261282229882,0.12539096643187797,1.3499,1.9094,0.5594999999999999,16,1.8754,149.0,2,15;17,1.8888;1.6876,0.18779999999999997,0.10013863709075396,False
WT-01,w1118_sv_feb_40xx0.75-1,866,19,19,1.9900631578947368,0.27491660798327416,0.13814466485280047,1.3638,2.3168,0.9530000000000003,20,2.2705,273.0,2,19;21,2.2895;2.304,0.03349999999999964,0.01475445937018262,False
WT-01,w1118_sv_feb_40xx0.75-1,867,15,14,1.590385714285714,0.12993084466593913,0.0816976935210303,1.3437,1.8731,0.5294000000000001,22,1.6238,118.0,2,21;23,1.8731;1.6237,0.24930000000000008,0.15352875969947044,False
WT-01,w1118_sv_feb_40xx0.75-1,868,8,8,1.6303,0.07074150125633467,0.043391707818398254,1.4765,1.6926,0.21610000000000018,14,1.6925,117.0,2,13;15,1.6419;1.6518,0.05059999999999998,0.029896602658788764,False
WT-01,w1118_sv_feb_40xx0.75-1,870,9,9,1.4878888888888888,0.2830603179732389,0.19024291402876187,0.8035,1.7272,0.9237000000000001,18,1.6206,128.0,2,17;19,1.7272;1.6363,0.10660000000000003,0.0657781068739973,False
WT-01,w1118_sv_feb_40xx0.75-1,871,12,10,1.84735,0.11267040674265608,0.0609902870288013,1.5489,1.9015,0.3526,18,1.8922,121.0,2,17;19,1.8981;1.7644,0.12780000000000014,0.06754042913011317,False
WT-01,w1118_sv_feb_40xx0.75-1,872,8,8,1.4324374999999998,0.34828758206606875,0.24314330088821942,0.5962,1.6205,1.0243000000000002,14,1.533,125.0,2,13;15,1.3741;1.6125,0.15889999999999982,0.10365296803652957,False
WT-01,w1118_sv_feb_40xx0.75-1,875,17,16,1.97188125,0.43700749531138866,0.2216195804445063,1.4138,2.9855,1.5717,23,2.9855,177.0,2,22;24,2.8818;1.897,1.0885,0.3645955451348183,True
WT-01,w1118_sv_feb_40xx0.75-1,876,10,10,1.3756799999999998,0.36812581725998705,0.2675955289456757,0.7584,1.9668,1.2084000000000001,22,1.7334,79.0,2,21;23,1.7044;1.9668,0.23340000000000005,0.13464866735894776,False
WT-01,w1118_sv_feb_40xx0.75-1,877,11,10,1.7044900000000003,0.12645625901648538,0.07419008560712316,1.4083,1.8784,0.47009999999999996,17,1.7465,92.0,2,16;18,1.7095;1.8784,0.13190000000000013,0.07552247351846558,False
WT-01,w1118_sv_feb_40xx0.75-1,878,5,3,1.3380333333333334,0.3593590173257565,0.268572544773989,0.9571,1.671,0.7139000000000001,18,1.671,68.0,1,17,1.386,0.28500000000000014,0.1705565529622981,False
WT-01,w1118_sv_feb_40xx0.75-1,881,9,9,1.9228555555555558,0.1579771273880424,0.08215756349020158,1.5404,2.0741,0.5337000000000001,15,1.9515,229.0,2,14;16,1.8511;1.9373,0.10040000000000004,0.051447604406866534,False
WT-01,w1118_sv_feb_40xx0.75-1,883,9,9,1.5733333333333333,0.3262995326383413,0.2073937707447085,1.0033,1.821,0.8176999999999999,18,1.7757,141.0,2,17;19,1.6864;1.821,0.08930000000000016,0.05029002646843507,False
WT-01,w1118_sv_feb_40xx0.75-1,884,9,9,1.7899555555555555,0.2486324501704831,0.13890425904642872,1.1547,1.9457,0.7909999999999999,14,1.9202,225.0,2,13;15,1.8979;1.8931,0.027099999999999902,0.01411311321737314,False
WT-01,w1118_sv_feb_40xx0.75-1,885,3,3,2.331733333333333,0.4612279949583864,0.19780477825868586,1.912,2.8255,0.9135,15,2.8255,195.0,1,14,2.2577,0.5678000000000001,0.20095558308264028,True
WT-01,w1118_sv_feb_40xx0.75-1,887,7,6,1.7744833333333334,0.11627466476695028,0.06552592666425923,1.6622,1.9843,0.32210000000000005,17,1.8224,144.0,2,16;18,1.7465;1.9843,0.16189999999999993,0.08883889376646177,False
WT-01,w1118_sv_feb_40xx0.75-1,890,8,8,1.7821875,0.11628472983525023,0.0652483141281432,1.572,1.9,0.32799999999999985,16,1.8813,128.0,2,15;17,1.8539;1.7252,0.1560999999999999,0.08297453888268745,False
WT-01,w1118_sv_feb_40xx0.75-1,891,7,6,1.7407000000000001,0.10232675114553377,0.05878482860086963,1.5639,1.8319,0.268,16,1.7778,210.0,2,15;17,1.8229;1.6787,0.09909999999999997,0.05574305321183483,False
WT-01,w1118_sv_feb_40xx0.75-1,893,4,3,1.2035333333333333,0.2840692227844004,0.2360293769326985,0.9585,1.5149,0.5563999999999999,14,1.5149,53.0,1,15,1.1372,0.3776999999999999,0.24932338768235524,False
WT-01,w1118_sv_feb_40xx0.75-1,894,3,3,1.2884666666666666,0.37825994148645103,0.2935737115070505,0.8518,1.5153,0.6635000000000001,15,1.5153,75.0,1,14,1.4983,0.017000000000000126,0.011218900547746404,False
WT-01,w1118_sv_feb_40xx0.75-1,895,8,7,1.8747857142857145,0.16434480448710503,0.08766058074520784,1.5929,1.9992,0.4063000000000001,18,1.9521,210.0,2,17;19,1.9546;1.9793,0.027200000000000113,0.01393371241227402,False
WT-01,w1118_sv_feb_40xx0.75-1,898,10,9,1.6581777777777778,0.09147380468989166,0.05516525786063852,1.4318,1.7504,0.3186,18,1.7045,121.0,2,17;19,1.6868;1.6906,0.017699999999999827,0.01038427691405094,False
WT-01,w1118_sv_feb_40xx0.75-1,899,4,3,0.6323333333333333,0.2198366287344612,0.34765940232123543,0.3785,0.7614,0.38289999999999996,15,0.7571,27.0,2,14;16,0.3785;0.7614,0.3786,0.5000660414740457,False
WT-01,w1118_sv_feb_40xx0.75-1,902,8,8,1.45805,0.11717716744924572,0.08036567158139002,1.3387,1.6219,0.2831999999999999,18,1.6219,118.0,2,17;19,1.3387;1.6055,0.2831999999999999,0.17461002527899372,False
WT-01,w1118_sv_feb_40xx0.75-1,903,9,9,1.6802666666666668,0.014523257210419402,0.008643423986521624,1.6509,1.692,0.041099999999999914,17,1.6802,112.0,2,16;18,1.6875;1.692,0.011800000000000033,0.007022973455541027,False
WT-01,w1118_sv_feb_40xx0.75-1,905,10,10,1.63869,0.22079434096008893,0.1347383220499844,1.2199,1.8321,0.6122000000000001,20,1.7618,133.0,2,19;21,1.5607;1.8321,0.20110000000000006,0.1141446248155296,False
WT-01,w1118_sv_feb_40xx0.75-1,907,7,7,1.6283571428571428,0.1259733418511347,0.07736223125480922,1.346,1.692,0.34599999999999986,15,1.692,125.0,2,14;16,1.6438;1.6837,0.04820000000000002,0.02848699763593382,False
WT-01,w1118_sv_feb_40xx0.75-1,908,4,4,1.597875,0.5477159444760882,0.34277771695288317,0.7768,1.8943,1.1175000000000002,14,1.8728,133.0,1,15,1.8943,0.021500000000000075,0.011480136693720671,False
WT-01,w1118_sv_feb_40xx0.75-1,912,11,10,1.71817,0.10192399183269418,0.05932124983714893,1.4583,1.8493,0.391,20,1.7672,133.0,2,19;21,1.7885;1.7303,0.036900000000000155,0.020880488909008687,False
WT-01,w1118_sv_feb_40xx0.75-1,913,8,8,1.88825,0.010970479869697047,0.005809866209292756,1.8611,1.8923,0.031200000000000117,19,1.8921,146.0,2,18;20,1.8921;1.8921,0.0,0.0,False
WT-01,w1118_sv_feb_40xx0.75-1,915,11,8,1.850925,0.1360645093853857,0.07351162763774097,1.5151,1.9156,0.4005000000000001,20,1.8921,246.0,2,19;21,1.8921;1.8921,0.0,0.0,False
WT-01,w1118_sv_feb_40xx0.75-1,917,3,3,1.8579333333333334,0.06417369658460803,0.03454036559507411,1.7839,1.8977,0.1137999999999999,14,1.8977,111.0,1,15,1.8922,0.005499999999999838,0.002898245244242946,False
WT-01,w1118_sv_feb_40xx0.75-1,921,17,16,1.9679874999999998,0.32381525571432446,0.1645413173174751,1.3269,2.6041,1.2772,20,2.6041,231.0,2,19;21,2.4373;2.4759,0.16679999999999984,0.06405283975269761,False
WT-01,w1118_sv_feb_40xx0.75-1,923,3,3,1.8166666666666667,0.15763477831155573,0.08677143760269122,1.6347,1.9115,0.27679999999999993,16,1.9115,145.0,1,15,1.9038,0.00770000000000004,0.004028250065393691,False
WT-01,w1118_sv_feb_40xx0.75-1,924,6,6,1.7867499999999998,0.056123604659715144,0.031411000229307484,1.6939,1.8656,0.17169999999999996,15,1.8656,228.0,2,14;16,1.8026;1.7902,0.07539999999999991,0.0404159519725557,False
WT-01,w1118_sv_feb_40xx0.75-1,925,8,8,2.0208875,0.4692434836673662,0.23219673715996864,1.4819,2.6772,1.1953,14,2.3554,283.0,1,15,2.184,0.17139999999999977,0.07276895644051956,False
WT-01,w1118_sv_feb_40xx0.75-1,929,10,9,1.6755000000000002,0.4444756911238229,0.2652794336758119,0.5375,1.8952,1.3577,15,1.77,113.0,2,14;16,1.5137;1.8923,0.2563,0.14480225988700562,False
WT-01,w1118_sv_feb_40xx0.75-1,930,7,7,1.7921571428571428,0.1086344153133628,0.06061656799814586,1.626,1.9073,0.2813000000000001,20,1.8984,305.0,1,19,1.9073,0.008899999999999908,0.004688158449220347,False
WT-01,w1118_sv_feb_40xx0.75-1,934,4,4,1.713975,0.16622120552645092,0.09697994750591515,1.5091,1.8939,0.3847999999999998,14,1.8939,232.0,1,15,1.7906,0.10329999999999995,0.05454353450551769,False
WT-01,w1118_sv_feb_40xx0.75-1,937,11,11,1.9211363636363636,0.11191702527075378,0.05825563837588035,1.6719,2.1323,0.4603999999999999,16,1.8769,206.0,2,15;17,1.8956;1.8921,0.01869999999999994,0.009963237252917012,False
WT-01,w1118_sv_feb_40xx0.75-1,938,5,4,1.61875,0.36764764381129933,0.22711823555910385,1.1353,1.9124,0.7771000000000001,18,1.9124,104.0,1,17,1.8974,0.015000000000000124,0.007843547375026209,False
WT-01,w1118_sv_feb_40xx0.75-1,940,8,6,1.4931999999999999,0.1450129097701305,0.0971155302505562,1.301,1.6185,0.3175000000000001,17,1.6146,89.0,2,16;18,1.4749;1.6107,0.13969999999999994,0.08652297782732561,False
WT-01,w1118_sv_feb_40xx0.75-1,942,11,3,1.1481666666666666,0.020040043246793003,0.01745394969963101,1.1257,1.1642,0.03849999999999998,16,1.1642,48.0,2,15;17,1.1257;1.1546,0.03849999999999998,0.03306991925785946,False
WT-01,w1118_sv_feb_40xx0.75-1,947,8,8,1.734475,0.06461067470406331,0.03725085383419381,1.5985,1.8046,0.20609999999999995,18,1.7955,145.0,2,17;19,1.7224;1.7318,0.07310000000000016,0.04071289334447238,False
WT-01,w1118_sv_feb_40xx0.75-1,949,17,15,1.578906666666667,0.41388694361532846,0.2621351548848117,0.8247,2.6109,1.7862,24,1.8204,138.0,2,23;25,1.7808;1.6002,0.22019999999999995,0.12096242584047459,False
WT-01,w1118_sv_feb_40xx0.75-1,951,7,7,1.8282142857142856,0.21257084645337607,0.11627239110557785,1.3494,1.9617,0.6123000000000001,18,1.9617,222.0,2,17;19,1.8922;1.8964,0.0694999999999999,0.03542845491155625,False
WT-01,w1118_sv_feb_40xx0.75-1,954,4,3,0.8261,0.3970026322330873,0.48057454573669933,0.3784,1.1353,0.7568999999999999,17,1.1353,52.0,1,18,0.9646,0.17069999999999996,0.1503567339029331,False
WT-01,w1118_sv_feb_40xx0.75-1,958,7,6,1.5372833333333336,0.02063098801964332,0.013420420017765096,1.5075,1.5576,0.05010000000000003,17,1.5576,97.0,2,16;18,1.5461;1.552,0.011500000000000066,0.007383153569594289,False
WT-01,w1118_sv_feb_40xx0.75-1,959,9,7,1.4342285714285714,0.2748213584269225,0.19161615094111892,1.1375,1.8921,0.7545999999999999,22,1.8921,93.0,2,21;23,1.5539;1.5194,0.3726999999999998,0.19697690396913473,False
WT-01,w1118_sv_feb_40xx0.75-1,963,4,4,1.591925,0.15135193810013364,0.09507479190296882,1.3796,1.7168,0.33720000000000017,17,1.6816,139.0,1,16,1.7168,0.03520000000000012,0.020932445290199882,False
WT-01,w1118_sv_feb_40xx0.75-1,965,7,7,1.6208285714285715,0.11446710902097185,0.07062258837162676,1.3655,1.7065,0.34099999999999997,21,1.7065,227.0,2,20;22,1.6469;1.653,0.059599999999999875,0.03492528567242888,False
WT-01,w1118_sv_feb_40xx0.75-1,967,8,8,1.4362749999999997,0.2722498051947355,0.189552700697802,0.7654,1.5894,0.824,21,1.5894,91.0,2,20;22,1.5449;1.5201,0.06929999999999992,0.043601359003397455,False
WT-01,w1118_sv_feb_40xx0.75-1,968,6,6,1.6330666666666669,0.1169772057567912,0.07163039216002073,1.413,1.7562,0.34319999999999995,15,1.7562,126.0,1,16,1.6797,0.07650000000000001,0.043559959002391534,False
WT-01,w1118_sv_feb_40xx0.75-1,972,5,4,1.63545,0.03159583305859603,0.01931935128472043,1.5992,1.6644,0.06520000000000015,16,1.6644,104.0,1,17,1.5992,0.06520000000000015,0.03917327565489074,False
WT-01,w1118_sv_feb_40xx0.75-1,973,15,14,1.871157142857143,0.11224828738995542,0.0599887015467654,1.5304,1.9531,0.4227000000000001,26,1.934,197.0,2,25;27,1.8928;1.8934,0.0411999999999999,0.021302998965873787,False
WT-01,w1118_sv_feb_40xx0.75-1,974,12,12,1.8836833333333332,0.12861521777155394,0.06827857713427803,1.6791,2.1212,0.44209999999999994,21,1.8942,267.0,2,20;22,1.8956;1.6791,0.21510000000000007,0.11355717453278431,False
WT-01,w1118_sv_feb_40xx0.75-1,975,3,3,1.5386333333333333,0.2728369904051379,0.1773242425562542,1.2236,1.6985,0.4748999999999999,17,1.6985,64.0,1,16,1.6938,0.0046999999999999265,0.002767147483073257,False
WT-01,w1118_sv_feb_40xx0.75-1,976,10,9,1.7987555555555557,0.10747109042797406,0.05974746824049754,1.6295,1.8935,0.264,20,1.8732,293.0,1,21,1.792,0.08119999999999994,0.04334828101644242,False
WT-01,w1118_sv_feb_40xx0.75-1,977,5,5,1.9357200000000003,0.34062812127010306,0.1759697276827759,1.5137,2.4639,0.9502000000000002,15,2.4639,239.0,1,16,1.9442,0.5197000000000003,0.21092576809123756,True
WT-01,w1118_sv_feb_40xx0.75-1,978,10,8,1.8639,0.20902481055743463,0.11214379020196075,1.6056,2.1407,0.5350999999999999,24,1.8921,175.0,1,23,1.9312,0.039100000000000135,0.020664869721473567,False
WT-01,w1118_sv_feb_40xx0.75-1,986,14,14,1.65065,0.09088322812183858,0.055059054385750206,1.4105,1.8531,0.4425999999999999,22,1.6438,194.0,2,21;23,1.6439;1.8531,0.20930000000000004,0.1273269254167174,False
WT-01,w1118_sv_feb_40xx0.75-1,987,9,8,1.4663,0.2776065921407487,0.18932455305240994,0.8659,1.6743,0.8083999999999999,19,1.6195,120.0,2,18;20,1.6094;1.6057,0.013800000000000034,0.008521148502624289,False
WT-01,w1118_sv_feb_40xx0.75-1,990,7,7,2.580042857142857,0.6062071534196399,0.234960109961489,1.6403,3.2329,1.5925999999999998,19,2.9359,281.0,2,18;20,2.6543;3.2329,0.2969999999999997,0.10116148370176085,False
WT-01,w1118_sv_feb_40xx0.75-1,992,8,7,1.774042857142857,0.09777257381534041,0.055112858982902885,1.6306,1.8783,0.24770000000000003,18,1.8783,137.0,2,17;19,1.6306;1.8108,0.24770000000000003,0.13187456742799342,False
WT-01,w1118_sv_feb_40xx0.75-1,996,9,9,1.7771555555555556,0.1359448059977937,0.07649572687816632,1.5336,1.8955,0.3618999999999999,20,1.8941,133.0,2,19;21,1.74;1.7521,0.1540999999999999,0.08135790085000787,False
WT-01,w1118_sv_feb_40xx0.75-1,998,7,7,1.521957142857143,0.23866266191106683,0.15681299767944165,0.9809,1.6225,0.6416000000000001,18,1.6089,131.0,2,17;19,1.6064;1.6055,0.0034000000000000696,0.0021132450742743923,False
WT-01,w1118_sv_feb_40xx0.75-1,999,8,8,1.5757375,0.09652148446996504,0.06125479940025864,1.3379,1.6316,0.29369999999999985,15,1.6316,187.0,1,16,1.6055,0.026100000000000012,0.015996567786222122,False
WT-01,w1118_sv_feb_40xx0.75-1,1000,12,12,2.2746833333333334,0.6452488270333226,0.28366534258980636,1.5208,3.441,1.9202,21,3.441,286.0,2,20;22,3.4253;2.9253,0.5156999999999998,0.1498692240627724,False
WT-01,w1118_sv_feb_40xx0.75-1,1001,3,3,1.7211666666666667,0.1396221448529327,0.08112064192094473,1.56,1.8054,0.24539999999999984,15,1.8054,116.0,1,16,1.56,0.24539999999999984,0.13592555666334322,False
WT-01,w1118_sv_feb_40xx0.75-1,1002,9,9,1.7325333333333333,0.3793963824287206,0.2189835976770359,0.78,1.9145,1.1345,18,1.898,131.0,2,17;19,1.9067;1.8928,0.008700000000000152,0.004583772391991651,False
WT-01,w1118_sv_feb_40xx0.75-1,1004,6,6,1.7429333333333334,0.14922956364831558,0.08561977718500358,1.5621,1.9913,0.4292,15,1.8295,154.0,1,16,1.7097,0.1197999999999999,0.06548237223285046,False
WT-01,w1118_sv_feb_40xx0.75-1,1006,6,6,1.8586833333333335,0.05492323430631768,0.029549538278701416,1.7848,1.899,0.11420000000000008,20,1.899,161.0,1,19,1.892,0.007000000000000117,0.003686150605581947,False
WT-01,w1118_sv_feb_40xx0.75-1,1007,9,9,1.5511777777777778,0.2511097408394275,0.16188327633159375,1.0837,1.8921,0.8083999999999998,18,1.7494,135.0,2,17;19,1.6495;1.7505,0.0999000000000001,0.05710529324339779,False
WT-01,w1118_sv_feb_40xx0.75-1,1010,17,17,1.7412999999999998,0.0764930715816799,0.04392871508739442,1.65,1.8809,0.2309000000000001,28,1.6914,209.0,2,27;29,1.65;1.6512,0.0414000000000001,0.02447676481021645,False
WT-01,w1118_sv_feb_40xx0.75-1,1011,27,21,1.4651857142857143,0.21284321291907404,0.14526705443810325,0.7655,1.6539,0.8884,40,1.6539,79.0,2,39;41,1.6292;1.6366,0.024699999999999944,0.014934397484733021,False
WT-01,w1118_sv_feb_40xx0.75-1,1012,11,10,1.50034,0.309202009480318,0.2060879597160097,0.6386,1.758,1.1194000000000002,22,1.559,115.0,2,21;23,1.5594;1.758,0.19900000000000007,0.12764592687620274,False
WT-01,w1118_sv_feb_40xx0.75-1,1014,7,7,1.693514285714286,0.16873406520885093,0.09963545429301338,1.3954,1.9379,0.5425,19,1.6801,142.0,2,18;20,1.7152;1.7706,0.09050000000000002,0.053865841318969127,False
WT-01,w1118_sv_feb_40xx0.75-1,1017,14,11,1.8197818181818184,0.14530063192004236,0.07984508388220694,1.4973,1.9171,0.41979999999999995,24,1.9016,131.0,1,25,1.8976,0.0040000000000000036,0.0021034917963819962,False
WT-01,w1118_sv_feb_40xx0.75-1,1022,4,3,1.0721,0.00311769145362402,0.002908022995638485,1.0703,1.0757,0.005400000000000071,18,1.0703,36.0,1,17,1.0703,0.0,0.0,False
WT-01,w1118_sv_feb_40xx0.75-1,1025,8,7,1.8308428571428572,0.10269016274117754,0.05608900968236665,1.6922,1.9392,0.2470000000000001,21,1.88,237.0,2,20;22,1.8938;1.7935,0.0864999999999998,0.04601063829787223,False
WT-01,w1118_sv_feb_40xx0.75-1,1028,9,9,1.5818,0.18754972673933706,0.11856728204535154,1.0831,1.661,0.5779000000000001,22,1.6421,137.0,2,21;23,1.661;1.625,0.01890000000000014,0.011509652274526607,False
WT-01,w1118_sv_feb_40xx0.75-1,1029,14,11,1.504781818181818,0.1863737203480245,0.12385431435715656,1.0402,1.6938,0.6536,21,1.6793,93.0,2,20;22,1.6938;1.6109,0.06840000000000002,0.0407312570713988,False
WT-01,w1118_sv_feb_40xx0.75-1,1031,4,4,1.8385500000000001,0.04450247184146069,0.024205200751385974,1.7845,1.893,0.10850000000000004,16,1.8331,205.0,1,17,1.7845,0.04859999999999998,0.026512465222846532,False
WT-01,w1118_sv_feb_40xx0.75-1,1034,9,8,1.6105625,0.23348998716677954,0.14497418583058996,1.1353,1.8922,0.7569000000000001,21,1.781,119.0,2,20;22,1.8038;1.5645,0.21649999999999991,0.12156092083099378,False
WT-01,w1118_sv_feb_40xx0.75-1,1035,5,5,1.5003199999999999,0.18592732988993307,0.12392511590189632,1.2635,1.6886,0.42510000000000003,20,1.6529,86.0,1,19,1.6886,0.035700000000000065,0.021598402807187406,False
WT-01,w1118_sv_feb_40xx0.75-1,1036,10,10,1.783,0.37000063063009325,0.20751577713409605,0.7562,2.0872,1.3310000000000002,25,2.0872,261.0,1,24,1.9491,0.1381000000000001,0.06616519739363745,False
WT-01,w1118_sv_feb_40xx0.75-1,1037,7,5,1.28962,0.40318460660099614,0.3126383016710319,0.6275,1.5923,0.9648000000000001,17,1.5923,83.0,1,18,1.5918,0.0004999999999999449,0.0003140111787979306,False
WT-01,w1118_sv_feb_40xx0.75-1,1038,4,4,1.8216,0.4524938526285929,0.2484046182633909,1.2768,2.3414,1.0646000000000002,19,1.9873,153.0,1,18,2.3414,0.3541000000000001,0.17818145222160725,False
WT-01,w1118_sv_feb_40xx0.75-1,1041,9,9,1.8933222222222221,0.25028066134730514,0.13219126591856445,1.4966,2.3028,0.8062,22,2.3028,313.0,2,21;23,2.1634;1.9093,0.39349999999999996,0.17087892999826296,False
WT-01,w1118_sv_feb_40xx0.75-1,1042,12,10,1.7534399999999999,0.09667743848029445,0.05513586919443748,1.625,1.9184,0.2934000000000001,23,1.846,132.0,2,22;24,1.759;1.7573,0.0887,0.048049837486457206,False
WT-01,w1118_sv_feb_40xx0.75-1,1044,4,3,1.6206666666666667,0.010904280505073811,0.006728268514031558,1.6083,1.6289,0.02059999999999995,19,1.6289,94.0,1,18,1.6248,0.0040999999999999925,0.0025170360365891044,False
WT-01,w1118_sv_feb_40xx0.75-1,1045,8,8,1.2364625,0.20095026348043726,0.16252030569502696,0.8086,1.3644,0.5558000000000001,20,1.363,86.0,2,19;21,1.3642;1.2032,0.15979999999999994,0.11724137931034478,False
WT-01,w1118_sv_feb_40xx0.75-1,1046,6,6,1.0463833333333334,0.18830530971448117,0.1799582463862649,0.8788,1.3685,0.4897,18,1.3685,61.0,2,17;19,0.9973;0.9385,0.43000000000000005,0.3142126415783705,False
WT-01,w1118_sv_feb_40xx0.75-1,1050,7,7,1.879557142857143,0.08166237112123831,0.04344766608005443,1.6994,1.9454,0.246,17,1.8924,161.0,2,16;18,1.9194;1.8939,0.026999999999999913,0.014267596702599826,False
WT-01,w1118_sv_feb_40xx0.75-1,1052,8,8,1.7279,0.20133859895353257,0.11652213609209594,1.2773,1.8821,0.6048,21,1.8821,144.0,2,20;22,1.8145;1.8387,0.0676000000000001,0.035917326390733806,False
WT-01,w1118_sv_feb_40xx0.75-1,1056,5,5,1.86448,0.06648016245467515,0.03565614136631938,1.7769,1.9375,0.16060000000000008,20,1.8921,237.0,1,21,1.8142,0.07789999999999986,0.041171185455314126,False
WT-01,w1118_sv_feb_40xx0.75-1,1058,5,5,2.2664400000000002,0.3062455436410463,0.13512184026095828,2.0162,2.7843,0.7681,16,2.0162,132.0,1,17,2.1156,0.09940000000000015,0.04930066461660557,False
WT-01,w1118_sv_feb_40xx0.75-1,1062,7,7,2.1302,0.3097351287794137,0.1454019006569401,1.7138,2.5166,0.8028,20,2.004,175.0,2,19;21,1.9898;1.8873,0.11670000000000003,0.05823353293413175,False
WT-01,w1118_sv_feb_40xx0.75-1,1064,7,7,1.5082,0.25099031853838505,0.16641713203712044,0.978,1.7647,0.7867,17,1.7647,105.0,2,16;18,1.5669;1.6568,0.19779999999999998,0.11208704029013429,False
WT-01,w1118_sv_feb_40xx0.75-1,1066,8,8,1.5640375,0.16257364869498375,0.10394485342901545,1.2047,1.6922,0.4874999999999998,21,1.6922,123.0,2,20;22,1.5789;1.5984,0.11329999999999996,0.06695426072568252,False
WT-01,w1118_sv_feb_40xx0.75-1,1067,14,14,1.433457142857143,0.272116682309646,0.1898324506355785,0.8003,1.7613,0.9610000000000001,25,1.6481,144.0,2,24;26,1.7613;1.6198,0.11320000000000019,0.06868515259996372,False
WT-01,w1118_sv_feb_40xx0.75-1,1070,6,5,2.26956,0.5179353560049748,0.22820958952615256,1.8922,3.1494,1.2571999999999999,21,3.1494,265.0,1,20,2.2705,0.8788999999999998,0.27906902902140085,True
WT-01,w1118_sv_feb_40xx0.75-1,1071,12,11,1.7837636363636364,0.22456853418378664,0.12589590324959754,1.1385,1.8947,0.7562,22,1.8922,134.0,2,21;23,1.8933;1.8923,0.0010999999999998789,0.0005813338970509876,False
WT-01,w1118_sv_feb_40xx0.75-1,1072,15,5,1.1926,0.20939343351690856,0.17557725433247404,1.0031,1.4487,0.4456,32,1.4487,60.0,1,31,1.3883,0.06040000000000001,0.04169255194312142,False
WT-01,w1118_sv_feb_40xx0.75-1,1073,4,4,1.53875,0.14616051678434455,0.09498652593621092,1.347,1.6871,0.34010000000000007,21,1.6871,107.0,1,20,1.5137,0.1734,0.10277991820283326,False
WT-01,w1118_sv_feb_40xx0.75-1,1074,8,8,1.7935875000000001,0.30176863151143746,0.16824862545676608,1.5333,2.4243,0.891,19,1.617,225.0,2,18;20,1.5572;1.5553,0.06170000000000009,0.03815708101422392,False
WT-01,w1118_sv_feb_40xx0.75-1,1078,9,9,1.5976444444444444,0.24326469694096137,0.1522646029201778,1.1549,1.9575,0.8026,19,1.9046,197.0,2,18;20,1.7535;1.539,0.36560000000000015,0.19195631628688445,False
WT-01,w1118_sv_feb_40xx0.75-1,1081,5,3,1.4095333333333333,0.3504036291668985,0.24859548964212635,1.1541,1.809,0.6549,17,1.809,66.0,1,18,1.2655,0.5434999999999999,0.30044223327805414,True
WT-01,w1118_sv_feb_40xx0.75-1,1082,7,7,1.6858285714285712,0.10258370101670984,0.060850612426019336,1.4663,1.7663,0.30000000000000004,21,1.762,139.0,2,20;22,1.6791;1.7663,0.08289999999999997,0.0470488081725312,False
WT-01,w1118_sv_feb_40xx0.75-1,1083,7,7,1.6312571428571427,0.04988984055372585,0.030583676382464092,1.5333,1.6893,0.15599999999999992,19,1.6592,111.0,2,18;20,1.5333;1.6893,0.1258999999999999,0.07587994214079068,False
WT-01,w1118_sv_feb_40xx0.75-1,1088,4,4,1.565075,0.07530822774881023,0.048117967349047316,1.4586,1.6189,0.1603000000000001,17,1.6178,197.0,1,18,1.6189,0.001100000000000101,0.0006799357151688101,False
WT-01,w1118_sv_feb_40xx0.75-1,1091,14,13,1.8811769230769229,0.13995697049358988,0.0743986218290787,1.4239,1.9788,0.5549,23,1.9464,172.0,2,22;24,1.9033;1.9788,0.043099999999999916,0.022143444307439333,False
WT-01,w1118_sv_feb_40xx0.75-1,1094,8,8,1.779175,0.128601141407954,0.07228133343148033,1.5652,1.9211,0.3559000000000001,19,1.9069,135.0,2,18;20,1.9051;1.7775,0.12939999999999996,0.06785882846504795,False
WT-01,w1118_sv_feb_40xx0.75-1,1095,12,10,1.6418,0.19228431495516676,0.11711798937456863,1.1766,1.8191,0.6424999999999998,26,1.8191,136.0,2,25;27,1.729;1.6826,0.13649999999999984,0.07503710626133794,False
WT-01,w1118_sv_feb_40xx0.75-1,1097,4,4,1.46755,0.35988076266081975,0.24522555460517173,0.9645,1.793,0.8284999999999999,17,1.793,107.0,1,18,1.6394,0.15359999999999996,0.08566648075850528,False
WT-01,w1118_sv_feb_40xx0.75-1,1098,4,4,1.578675,0.12697656936091262,0.08043236851214633,1.3884,1.6499,0.26149999999999984,17,1.6366,119.0,1,18,1.6499,0.013299999999999867,0.008126603934987087,False
WT-01,w1118_sv_feb_40xx0.75-1,1100,4,4,1.7366000000000001,0.5266329714959619,0.3032551949187849,1.0813,2.3489,1.2676,21,1.8738,196.0,1,20,1.6424,0.23139999999999983,0.1234923684491407,False
WT-01,w1118_sv_feb_40xx0.75-1,1101,5,4,1.7983250000000002,0.26226414642493545,0.14583801394349488,1.4427,1.998,0.5552999999999999,17,1.998,186.0,1,18,1.9943,0.0037000000000000366,0.0018518518518518701,False
WT-01,w1118_sv_feb_40xx0.75-1,1103,4,4,1.90145,0.020741986404392426,0.010908510034127863,1.8708,1.9149,0.04410000000000003,19,1.9149,158.0,2,18;20,1.9134;1.8708,0.04410000000000003,0.023029923233589236,False
WT-01,w1118_sv_feb_40xx0.75-1,1105,15,14,1.8757000000000001,0.26900931067672956,0.14341808960746896,1.564,2.528,0.964,22,2.287,220.0,2,21;23,2.528;1.8925,0.39449999999999985,0.17249672059466545,False
WT-01,w1118_sv_feb_40xx0.75-1,1106,9,9,1.6636222222222221,0.07779411574434436,0.046761887828373115,1.5642,1.7774,0.21320000000000006,19,1.6765,199.0,2,18;20,1.7774;1.6055,0.10089999999999999,0.060184909036683554,False
WT-01,w1118_sv_feb_40xx0.75-1,1107,3,3,1.5997333333333332,0.31352616052465754,0.1959865147470355,1.3306,1.944,0.6134,18,1.944,93.0,2,17;19,1.3306;1.5246,0.6134,0.31553497942386827,True
WT-01,w1118_sv_feb_40xx0.75-1,1110,8,8,1.6072250000000001,0.15730493362529077,0.09787362293723079,1.3525,1.7079,0.35539999999999994,22,1.6923,129.0,2,21;23,1.692;1.6919,0.00039999999999995595,0.0002363647107486592,False
WT-01,w1118_sv_feb_40xx0.75-1,1111,6,6,1.5453500000000002,0.10694471001410026,0.06920419970498609,1.3707,1.6941,0.3233999999999999,22,1.6941,187.0,1,21,1.581,0.11309999999999998,0.06676111209491764,False
WT-01,w1118_sv_feb_40xx0.75-1,1112,8,8,1.863175,0.08286696308800376,0.0444762102797664,1.6581,1.8945,0.23640000000000017,18,1.8921,144.0,2,17;19,1.8922;1.8921,0.00010000000000021103,5.285132921104119e-05,False
WT-01,w1118_sv_feb_40xx0.75-1,1116,3,3,1.6139333333333334,0.06966852469611602,0.04316691604121361,1.5335,1.6554,0.1218999999999999,20,1.6554,256.0,1,21,1.6529,0.0024999999999999467,0.0015102090129273569,False
WT-01,w1118_sv_feb_40xx0.75-1,1118,8,8,1.5002125,0.1171528968911994,0.078090868387778,1.3107,1.6213,0.3106,21,1.6213,109.0,2,20;22,1.5761;1.5205,0.1008,0.06217233084561771,False
WT-01,w1118_sv_feb_40xx0.75-1,1119,10,8,1.6549875,0.09352506825903494,0.05651104208281629,1.6084,1.8846,0.2762,23,1.6282,121.0,2,22;24,1.6212;1.6084,0.01980000000000004,0.012160668222577102,False
WT-01,w1118_sv_feb_40xx0.75-1,1122,9,8,1.7421875,0.2701079225447276,0.15503952504809476,1.1485,1.9149,0.7664,26,1.9149,158.0,1,25,1.8361,0.07879999999999998,0.04115097394119796,False
WT-01,w1118_sv_feb_40xx0.75-1,1124,11,11,1.4416090909090906,0.2318046697309847,0.16079578797939376,1.0535,1.6055,0.5519999999999998,23,1.6055,109.0,2,22;24,1.6055;1.6055,0.0,0.0,False
WT-01,w1118_sv_feb_40xx0.75-1,1126,5,4,1.8196249999999998,0.13373591826182432,0.07349641726280104,1.6923,1.9452,0.2529000000000001,19,1.9452,92.0,2,18;20,1.9246;1.7164,0.22880000000000011,0.11762286654328609,False
WT-01,w1118_sv_feb_40xx0.75-1,1127,4,4,1.992025,0.2980761018599108,0.14963471937345707,1.6362,2.3625,0.7262999999999997,21,1.9488,213.0,1,20,2.0206,0.07179999999999986,0.03684318555008203,False
WT-01,w1118_sv_feb_40xx0.75-1,1129,17,15,1.6235133333333338,0.1442783661966719,0.08886798970750996,1.2343,1.8441,0.6098000000000001,30,1.6717,101.0,2,29;31,1.635;1.6333,0.03839999999999999,0.022970628701322,False
WT-01,w1118_sv_feb_40xx0.75-1,1131,10,10,1.7730400000000004,0.1637579596029864,0.09235999165443891,1.5055,1.9065,0.401,22,1.8971,122.0,2,21;23,1.8921;1.8923,0.0050000000000001155,0.0026356017078699675,False
WT-01,w1118_sv_feb_40xx0.75-1,1132,7,7,1.6198,0.03252747556553794,0.02008116777721814,1.6055,1.6931,0.08760000000000012,21,1.6157,122.0,2,20;22,1.6055;1.6931,0.07740000000000014,0.04790493284644435,False
WT-01,w1118_sv_feb_40xx0.75-1,1135,8,8,1.847925,0.1325781252157168,0.07174432145012205,1.5199,1.9004,0.38050000000000006,23,1.8924,150.0,2,22;24,1.8925;1.8962,0.0038000000000000256,0.0020080321285140695,False
WT-01,w1118_sv_feb_40xx0.75-1,1136,7,7,1.8285,0.08828136836275248,0.04828075929054005,1.6892,1.9017,0.2124999999999999,24,1.6892,180.0,1,23,1.7516,0.06240000000000001,0.03694056358039309,False
WT-01,w1118_sv_feb_40xx0.75-1,1137,12,12,1.6449499999999997,0.27662795658363304,0.1681680030296563,0.8542,1.8754,1.0211999999999999,25,1.8066,119.0,2,24;26,1.6075;1.6076,0.19910000000000005,0.1102070187091775,False
WT-01,w1118_sv_feb_40xx0.75-1,1138,43,27,1.5466407407407405,0.1988977593161086,0.12859984486174175,0.8999,1.847,0.9470999999999999,56,1.8404,146.0,2,55;57,1.5749;1.847,0.26550000000000007,0.14426211693110197,False
WT-01,w1118_sv_feb_40xx0.75-1,1139,11,10,1.48749,0.17681440646433008,0.11886762698527727,1.1587,1.638,0.47929999999999984,22,1.638,83.0,2,21;23,1.6241;1.5962,0.04179999999999984,0.02551892551892542,False
WT-01,w1118_sv_feb_40xx0.75-1,1140,22,19,1.5423631578947368,0.1946428730051422,0.12619782313188926,1.0703,1.9075,0.8371999999999999,24,1.612,251.0,2,23;25,1.6631;1.6055,0.05109999999999992,0.03169975186104213,False
WT-01,w1118_sv_feb_40xx0.75-1,1144,4,4,1.8921,0.0,0.0,1.8921,1.8921,0.0,18,1.8921,130.0,1,19,1.8921,0.0,0.0,False
WT-01,w1118_sv_feb_40xx0.75-1,1145,9,9,1.6367777777777777,0.3456982563514668,0.211206592027914,1.1353,1.9487,0.8134000000000001,24,1.9487,138.0,2,23;25,1.8977;1.915,0.051000000000000156,0.02617129368296821,False
WT-01,w1118_sv_feb_40xx0.75-1,1146,8,8,1.5455,0.06791364264374905,0.04394282927450602,1.461,1.6315,0.17049999999999987,22,1.5937,117.0,2,21;23,1.471;1.5235,0.12269999999999981,0.07699065068708026,False
WT-01,w1118_sv_feb_40xx0.75-1,1153,4,4,1.5214500000000002,0.21040921240921626,0.13829518709731917,1.318,1.7148,0.39680000000000004,22,1.7148,134.0,1,21,1.6908,0.02400000000000002,0.013995801259622125,False
WT-01,w1118_sv_feb_40xx0.75-1,1156,9,9,3.2514777777777777,1.0525464143896193,0.3237132425087592,1.6076,4.5493,2.9417,21,3.8759,309.0,2,20;22,4.33;4.5493,0.6733999999999996,0.17374029257720774,False
WT-01,w1118_sv_feb_40xx0.75-1,1157,10,8,1.6408500000000001,0.1515660723437613,0.09237046186047554,1.4161,1.8712,0.45510000000000006,24,1.8712,132.0,2,23;25,1.778;1.7042,0.16700000000000004,0.08924754168448057,False
WT-01,w1118_sv_feb_40xx0.75-1,1160,11,6,1.4976666666666665,0.3610066407514779,0.24104605436332827,1.0727,1.9136,0.8409,26,1.8993,68.0,2,25;27,1.5635;1.9136,0.3358000000000001,0.17680197967672306,False
WT-01,w1118_sv_feb_40xx0.75-1,1161,7,5,1.637,0.011631422956801075,0.007105328623580376,1.6287,1.6575,0.028799999999999937,20,1.6575,137.0,2,19;21,1.6287;1.6323,0.028799999999999937,0.017375565610859692,False
WT-01,w1118_sv_feb_40xx0.75-1,1164,5,4,1.615275,0.2894195383291644,0.17917663452301583,1.2443,1.9353,0.6910000000000001,19,1.9353,74.0,1,20,1.7113,0.22399999999999998,0.11574432904459256,False
WT-01,w1118_sv_feb_40xx0.75-1,1165,8,8,1.7324125000000001,0.24636368840453277,0.14220844539307628,1.1537,1.9006,0.7469000000000001,23,1.8921,155.0,2,22;24,1.6849;1.8921,0.20719999999999983,0.10950795412504616,False
WT-01,w1118_sv_feb_40xx0.75-1,1166,10,10,1.51854,0.2957272286715881,0.19474444444768535,0.8884,1.9514,1.0630000000000002,21,1.6429,158.0,2,20;22,1.8104;1.6055,0.16749999999999998,0.1019538620731633,False
WT-01,w1118_sv_feb_40xx0.75-1,1168,39,35,1.8096685714285716,0.2274032305779998,0.12566015355976773,1.3627,2.5453,1.1826,51,2.5453,210.0,2,50;52,2.2722;2.3236,0.2730999999999999,0.10729580010214901,False
WT-01,w1118_sv_feb_40xx0.75-1,1170,13,10,1.52854,0.37135556247049506,0.24294788652602814,0.7577,1.8931,1.1354,23,1.8435,90.0,2,22;24,1.7558;1.7278,0.11569999999999991,0.06276105234608079,False
WT-01,w1118_sv_feb_40xx0.75-1,1171,4,4,1.61905,0.5121183749876586,0.31630794292187303,0.8754,1.9839,1.1085,19,1.9287,131.0,0,,,,,False
WT-01,w1118_sv_feb_40xx0.75-1,1173,8,7,1.6936,0.11155405266805264,0.06586800464575616,1.6067,1.895,0.2883,19,1.895,197.0,0,,,,,False
WT-01,w1118_sv_feb_40xx0.75-1,1175,10,8,1.7993000000000001,0.1267437459713778,0.07044058576745278,1.5752,1.9285,0.35330000000000017,23,1.8959,138.0,2,22;24,1.7877;1.7249,0.17099999999999982,0.09019463051848717,False
WT-01,w1118_sv_feb_40xx0.75-1,1176,8,8,1.5038,0.12361183484717679,0.08219965078280143,1.3182,1.6131,0.29489999999999994,22,1.6055,108.0,2,21;23,1.4176;1.6056,0.18789999999999996,0.11703519152911863,False
WT-01,w1118_sv_feb_40xx0.75-1,1178,8,7,0.8248857142857143,0.2413040504465368,0.2925302817924141,0.3811,1.0744,0.6933,22,1.0699,48.0,2,21;23,0.9607;0.7698,0.30010000000000003,0.28049350406580054,False
WT-01,w1118_sv_feb_40xx0.75-1,1179,3,3,1.7451333333333334,0.18192158567177602,0.10424509245049625,1.5417,1.8922,0.35050000000000003,19,1.8015,74.0,1,20,1.8922,0.0907,0.05034693311129614,False
WT-01,w1118_sv_feb_40xx0.75-1,1180,8,8,1.413525,0.30037667661977835,0.21250184936225278,0.7595,1.5817,0.8222000000000002,25,1.5817,117.0,2,24;26,1.5616;0.7595,0.8222000000000002,0.5198204463551875,True
WT-01,w1118_sv_feb_40xx0.75-1,1181,3,3,1.8765333333333334,0.0390985080704282,0.02083549882962992,1.8316,1.9028,0.07120000000000015,21,1.9028,194.0,1,20,1.8952,0.007600000000000051,0.003994113937355503,False
WT-01,w1118_sv_feb_40xx0.75-1,1184,3,3,1.6438,0.2151031612970855,0.13085725836299156,1.5142,1.8921,0.3778999999999999,19,1.5251,77.0,1,20,1.8921,0.367,0.24063995803553867,False
WT-01,w1118_sv_feb_40xx0.75-1,1185,8,7,1.5813428571428572,0.1404732579193499,0.08883162641475141,1.2667,1.6708,0.4041000000000001,23,1.6406,124.0,2,22;24,1.6489;1.6113,0.029300000000000104,0.01785931976106309,False
WT-01,w1118_sv_feb_40xx0.75-1,1192,9,7,1.2772571428571429,0.12755366004343494,0.0998652939674352,1.0819,1.3652,0.2832999999999999,25,1.3475,57.0,2,24;26,1.3652;1.1002,0.24729999999999985,0.18352504638218914,False
WT-01,w1118_sv_feb_40xx0.75-1,1195,9,8,1.6008,0.03703480988012687,0.023135188580788897,1.5097,1.619,0.10929999999999995,26,1.6123,121.0,2,25;27,1.6102;1.6123,0.0020999999999999908,0.001302487130186684,False
WT-01,w1118_sv_feb_40xx0.75-1,1196,11,11,1.5135272727272728,0.21141014682795659,0.1396804343320553,1.0759,1.8092,0.7332999999999998,21,1.8092,169.0,2,20;22,1.6891;1.6059,0.20329999999999981,0.11237010833517568,False
WT-01,w1118_sv_feb_40xx0.75-1,1198,15,14,1.6918357142857143,0.2382700265443611,0.1408352031656677,1.1353,1.9447,0.8094000000000001,27,1.9447,139.0,2,26;28,1.7301;1.8955,0.21460000000000012,0.11035121098369935,False
WT-01,w1118_sv_feb_40xx0.75-1,1201,10,9,1.8253333333333335,0.16107475748856495,0.08824402345976896,1.5433,1.949,0.40570000000000017,26,1.9488,166.0,1,25,1.9138,0.03500000000000014,0.0179597701149426,False
WT-01,w1118_sv_feb_40xx0.75-1,1202,9,9,1.8176666666666665,0.4203091927379176,0.2312355727514676,1.3352,2.5761,1.2409,22,2.5761,281.0,1,21,2.1295,0.44659999999999966,0.17336283529366084,False
WT-01,w1118_sv_feb_40xx0.75-1,1204,22,20,1.694425,0.1700563401222944,0.10036227045888392,1.2624,1.916,0.6536,26,1.8921,101.0,2,25;27,1.8921;1.8921,0.0,0.0,False
WT-01,w1118_sv_feb_40xx0.75-1,1206,7,7,1.6375285714285712,0.10182543418821764,0.06218238628922711,1.413,1.6918,0.27879999999999994,21,1.6918,139.0,2,20;22,1.413;1.6236,0.27879999999999994,0.1647948930133585,False
WT-01,w1118_sv_feb_40xx0.75-1,1207,7,5,2.40086,0.8239172792216461,0.3431758949799847,1.1937,3.346,2.1523000000000003,26,3.346,162.0,1,25,2.0331,1.3129,0.3923789599521817,True
WT-01,w1118_sv_feb_40xx0.75-1,1208,5,3,1.8712,0.09247567247660336,0.04942051756979658,1.7707,1.9527,0.18200000000000016,24,1.9527,210.0,1,23,1.8902,0.0625,0.0320069647155221,False
WT-01,w1118_sv_feb_40xx0.75-1,1210,4,4,1.461775,0.235807949752901,0.16131617366072137,1.1136,1.6366,0.5230000000000001,23,1.5476,128.0,0,,,,,False
WT-01,w1118_sv_feb_40xx0.75-1,1213,9,9,1.7689333333333335,0.15394438930990628,0.0870266767034218,1.5137,1.8995,0.3857999999999999,26,1.8921,147.0,2,25;27,1.8339;1.8921,0.05819999999999981,0.03075947360076096,False
WT-01,w1118_sv_feb_40xx0.75-1,1215,8,7,1.8176999999999999,0.13167797841704587,0.07244208528197496,1.5584,1.9279,0.36949999999999994,24,1.9279,141.0,2,23;25,1.832;1.9187,0.09589999999999987,0.049743243944187915,False
WT-01,w1118_sv_feb_40xx0.75-1,1217,14,11,1.5290818181818182,0.2245785066215457,0.1468714780014746,1.1392,1.7954,0.6562000000000001,25,1.6792,95.0,2,24;26,1.6921;1.6252,0.05400000000000005,0.03215817055740832,False
WT-01,w1118_sv_feb_40xx0.75-1,1219,6,6,1.5843,0.18741045861957653,0.11829227963111565,1.2077,1.6894,0.4817,24,1.6661,111.0,2,23;25,1.669;1.6778,0.011700000000000044,0.007022387611788035,False
WT-01,w1118_sv_feb_40xx0.75-1,1222,14,14,1.501192857142857,0.17759552776890664,0.11830293950832876,0.9931,1.6398,0.6466999999999999,25,1.6204,101.0,2,24;26,1.6137;1.6133,0.007100000000000106,0.004381634164403916,False
WT-01,w1118_sv_feb_40xx0.75-1,1227,7,7,1.667642857142857,0.09170823040387115,0.054992728215796295,1.5375,1.7847,0.24719999999999986,23,1.7275,132.0,2,22;24,1.643;1.6636,0.08450000000000002,0.048914616497829244,False
WT-01,w1118_sv_feb_40xx0.75-1,1228,5,5,1.44878,0.1956188820129591,0.13502317951169887,1.1679,1.6089,0.44100000000000006,24,1.6089,118.0,1,23,1.5739,0.03499999999999992,0.02175399341164766,False
WT-01,w1118_sv_feb_40xx0.75-1,1235,8,7,1.6194285714285714,0.09649386360948412,0.059585131022087935,1.4624,1.7249,0.2625000000000002,25,1.6571,83.0,2,24;26,1.6592;1.7096,0.05249999999999999,0.03168185384104761,False
WT-01,w1118_sv_feb_40xx0.75-1,1236,5,5,1.87636,0.05465435023856749,0.029127859386560942,1.809,1.9331,0.1241000000000001,21,1.8989,291.0,1,22,1.809,0.08990000000000009,0.04734319869398077,False
WT-01,w1118_sv_feb_40xx0.75-1,1238,11,8,1.1281125,0.3151397034309886,0.2793513088729968,0.7646,1.5501,0.7855000000000001,27,1.5475,60.0,2,26;28,1.5501;1.2331,0.3144,0.20316639741518577,False
WT-01,w1118_sv_feb_40xx0.75-1,1241,8,8,1.7049875,0.22580091381252512,0.13243552449066348,1.2294,1.894,0.6645999999999999,26,1.894,134.0,2,25;27,1.6825;1.7457,0.2114999999999998,0.11166842661034837,False
WT-01,w1118_sv_feb_40xx0.75-1,1242,13,13,2.5608307692307695,0.9553215535310745,0.3730514194883862,1.4524,3.6826,2.2302,28,3.5409,300.0,2,27;29,3.4932;3.5547,0.0477000000000003,0.01347115140218597,False
WT-01,w1118_sv_feb_40xx0.75-1,1245,4,3,1.5971666666666666,0.22270137703510803,0.13943527728379926,1.3692,1.8142,0.44500000000000006,21,1.8142,70.0,1,22,1.6081,0.20609999999999995,0.11360379230514825,False
WT-01,w1118_sv_feb_40xx0.75-1,1246,6,6,1.9452666666666667,0.10343681485170877,0.053173591376525296,1.8921,2.1545,0.2624000000000002,21,2.1545,122.0,1,22,1.8921,0.2624000000000002,0.12179159897888149,False
WT-01,w1118_sv_feb_40xx0.75-1,1248,13,10,1.5969300000000002,0.2773517904515251,0.17367811391327426,1.1537,1.8945,0.7408000000000001,26,1.8938,95.0,1,27,1.8945,0.000700000000000145,0.00036962720456233233,False
WT-01,w1118_sv_feb_40xx0.75-1,1249,8,8,1.5956875,0.1015571962351406,0.06364479024567192,1.3469,1.6532,0.3063,26,1.6532,119.0,2,25;27,1.6124;1.6258,0.04079999999999995,0.024679409629808823,False
WT-01,w1118_sv_feb_40xx0.75-1,1250,9,9,1.8175444444444446,0.21804352266870436,0.11996599221283533,1.3294,1.9491,0.6197000000000001,21,1.946,174.0,1,22,1.8945,0.05149999999999988,0.02646454265159295,False
WT-01,w1118_sv_feb_40xx0.75-1,1251,5,5,1.78188,0.2995022487394711,0.1680821653194778,1.2469,1.9392,0.6923000000000001,21,1.9216,141.0,1,22,1.8974,0.0242,0.012593671940049959,False
WT-01,w1118_sv_feb_40xx0.75-1,1253,4,4,1.9587749999999997,0.031195552567633716,0.015926052031312286,1.9381,2.005,0.06689999999999996,23,1.9381,291.0,2,22;24,1.9422;1.9498,0.011700000000000044,0.006036840204323845,False
WT-01,w1118_sv_feb_40xx0.75-1,1254,13,11,1.596718181818182,0.11461612293374626,0.07178231214429646,1.3549,1.7185,0.3635999999999999,25,1.6562,96.0,2,24;26,1.6469;1.6388,0.01739999999999986,0.010505977538944488,False
WT-01,w1118_sv_feb_40xx0.75-1,1255,3,3,1.6994,0.4171190237809827,0.24545076131633675,1.2196,1.9758,0.7562,21,1.9758,100.0,1,22,1.9028,0.07299999999999995,0.03694705941896951,False
WT-01,w1118_sv_feb_40xx0.75-1,1256,11,10,2.1181600000000005,0.60768163667792,0.28689128143195974,1.5896,3.1549,1.5653000000000001,26,3.1549,190.0,2,25;27,1.734;3.0692,1.4209,0.4503787758724524,True
WT-01,w1118_sv_feb_40xx0.75-1,1257,6,4,1.5748,0.3501169614095647,0.2223247151445039,1.234,1.8921,0.6580999999999999,21,1.861,95.0,1,22,1.8921,0.031099999999999905,0.016711445459430364,False
WT-01,w1118_sv_feb_40xx0.75-1,1258,9,9,1.6877555555555557,0.2358528890596377,0.13974351219481093,1.1353,1.9013,0.766,23,1.6937,99.0,2,22;24,1.7211;1.8552,0.16149999999999998,0.09535336836511778,False
WT-01,w1118_sv_feb_40xx0.75-1,1259,10,10,1.69028,0.13973600347321607,0.08267032886457633,1.3524,1.837,0.4845999999999999,30,1.6791,135.0,1,29,1.6104,0.06869999999999998,0.04091477577273538,False
WT-01,w1118_sv_feb_40xx0.75-1,1261,10,10,1.6368300000000002,0.13775680705100887,0.08416072961212151,1.2498,1.6954,0.4456,29,1.6815,172.0,2,28;30,1.6871;1.6214,0.06010000000000004,0.03574189711567056,False
WT-01,w1118_sv_feb_40xx0.75-1,1262,33,32,1.7024875,0.1762432002806386,0.10352099517948803,1.3248,1.9312,0.6064,30,1.9105,134.0,2,29;31,1.8921;1.697,0.21350000000000002,0.11175085056267993,False
WT-01,w1118_sv_feb_40xx0.75-1,1265,6,6,1.91955,0.020386735883902565,0.010620580804825383,1.888,1.9461,0.05810000000000004,21,1.888,221.0,1,22,1.9097,0.021700000000000053,0.011493644067796639,False
WT-01,w1118_sv_feb_40xx0.75-1,1269,10,9,1.6052999999999997,0.13796389020319771,0.08594274603077165,1.3784,1.7064,0.32799999999999985,24,1.7064,113.0,2,23;25,1.695;1.6953,0.011399999999999855,0.006680731364275583,False
WT-01,w1118_sv_feb_40xx0.75-1,1270,6,6,1.5818166666666666,0.059288630163520054,0.037481353821146604,1.4608,1.6071,0.14629999999999987,21,1.6061,113.0,1,22,1.6056,0.000500000000000167,0.00031131311873492745,False
WT-01,w1118_sv_feb_40xx0.75-1,1271,4,4,1.5544499999999999,0.3170514626996696,0.203963757405944,1.0962,1.7694,0.6732,24,1.7694,121.0,1,23,1.7649,0.0045000000000001705,0.0025432349949136264,False
WT-01,w1118_sv_feb_40xx0.75-1,1274,13,10,1.4359100000000002,0.15045377621641065,0.10477939161675218,1.1696,1.6839,0.5143,27,1.5557,92.0,2,26;28,1.3869;1.6839,0.16880000000000006,0.10850421032332715,False
WT-01,w1118_sv_feb_40xx0.75-1,1275,11,11,1.6132999999999997,0.08310561954525099,0.05151281196631191,1.4319,1.7641,0.33220000000000005,26,1.7641,130.0,2,25;27,1.6308;1.6281,0.1359999999999999,0.07709313530978963,False
WT-01,w1118_sv_feb_40xx0.75-1,1280,10,9,1.4856555555555557,0.12968072438792816,0.08728855346247098,1.1418,1.55,0.4082000000000001,27,1.55,107.0,2,26;28,1.5403;1.5353,0.014699999999999935,0.009483870967741894,False
WT-01,w1118_sv_feb_40xx0.75-1,1281,10,10,1.88126,0.31109997749919555,0.16536787977164005,1.4681,2.6195,1.1514,24,2.0359,222.0,2,23;25,2.6195;1.7285,0.5836000000000001,0.28665455081290836,True
WT-01,w1118_sv_feb_40xx0.75-1,1284,7,6,1.2104833333333334,0.20854490563585254,0.17228234366645764,0.8852,1.4584,0.5731999999999999,26,1.4584,66.0,2,25;27,1.1592;1.2502,0.2991999999999999,0.20515633571036748,False
WT-01,w1118_sv_feb_40xx0.75-1,1285,3,3,1.6605,0.027671826828021245,0.016664755692876388,1.6406,1.6921,0.05149999999999988,22,1.6921,129.0,1,23,1.6488,0.043299999999999894,0.025589504166420363,False
WT-01,w1118_sv_feb_40xx0.75-1,1289,7,6,0.9233166666666667,0.29876562999559814,0.3235787252429807,0.3784,1.14,0.7615999999999998,25,1.14,82.0,2,24;26,1.1353;1.1379,0.0046999999999999265,0.0041228070175437954,False
WT-01,w1118_sv_feb_40xx0.75-1,1292,6,6,1.7151499999999997,0.13435134163825835,0.07833212351004773,1.4848,1.8651,0.3803000000000001,23,1.8651,154.0,2,22;24,1.7656;1.7079,0.1572,0.08428502493163906,False
WT-01,w1118_sv_feb_40xx0.75-1,1294,8,8,1.5631374999999998,0.18563058505306404,0.11875512234404463,1.1284,1.6871,0.5587,24,1.6871,120.0,2,23;25,1.6621;1.6602,0.026900000000000146,0.01594452018256188,False
WT-01,w1118_sv_feb_40xx0.75-1,1297,17,17,2.3678235294117647,0.7334602226172628,0.3097613540479832,0.7794,3.7253,2.9459,33,2.6688,364.0,1,32,3.5871,0.9182999999999999,0.34408723021582727,True
WT-01,w1118_sv_feb_40xx0.75-1,1298,3,3,1.6559666666666668,0.4526594120675426,0.2733505578217411,1.1333,1.9212,0.7879,24,1.9212,70.0,1,23,1.9134,0.007800000000000029,0.004059962523422876,False
WT-01,w1118_sv_feb_40xx0.75-1,1299,10,10,2.22328,0.5992560791885589,0.26953693605329015,1.7485,3.2634,1.5149,25,3.2634,198.0,2,24;26,1.7862;3.2001,1.4771999999999998,0.45265673837102405,True
WT-01,w1118_sv_feb_40xx0.75-1,1303,13,12,1.5012583333333336,0.23607914488898663,0.15725417781016143,1.0212,1.6674,0.6461999999999999,30,1.6591,109.0,1,29,1.6246,0.034499999999999975,0.020794406605991186,False
WT-01,w1118_sv_feb_40xx0.75-1,1305,7,6,1.8551833333333334,0.07557913512780275,0.040739442711575355,1.7446,1.9524,0.20779999999999998,26,1.8269,139.0,2,25;27,1.8148;1.9524,0.12549999999999994,0.06869560457605778,False
WT-01,w1118_sv_feb_40xx0.75-1,1311,8,6,1.7992499999999998,0.06634701952612493,0.03687481980054186,1.7145,1.8851,0.17060000000000008,29,1.8041,243.0,1,28,1.8851,0.08099999999999996,0.04489773294163293,False
WT-01,w1118_sv_feb_40xx0.75-1,1312,10,10,1.7947300000000002,0.27149232872321744,0.1512719622022351,1.1077,1.947,0.8393000000000002,25,1.947,153.0,2,24;26,1.9174;1.9104,0.036599999999999966,0.018798151001540815,False
WT-01,w1118_sv_feb_40xx0.75-1,1313,14,8,1.5908875,0.11665017834166763,0.07332396435427875,1.3895,1.6994,0.30990000000000006,28,1.6626,85.0,2,27;29,1.48;1.6489,0.1826000000000001,0.1098279802718634,False
WT-01,w1118_sv_feb_40xx0.75-1,1314,8,7,1.7222142857142855,0.22725695023160772,0.13195625661492716,1.3068,1.8941,0.5872999999999999,28,1.8921,178.0,1,27,1.8921,0.0,0.0,False
WT-01,w1118_sv_feb_40xx0.75-1,1315,7,7,1.5869,0.05332075893433377,0.033600579075136285,1.4662,1.6142,0.14800000000000013,23,1.6055,126.0,2,22;24,1.6059;1.6142,0.008700000000000152,0.005418872625350453,False
WT-01,w1118_sv_feb_40xx0.75-1,1318,6,4,1.2296749999999999,0.1334167499479232,0.1084975704539193,1.0661,1.3392,0.2730999999999999,26,1.3379,49.0,2,25;27,1.3392;1.0661,0.27180000000000004,0.20315419687570074,False
WT-01,w1118_sv_feb_40xx0.75-1,1321,10,9,1.735688888888889,0.13774546675339666,0.07936068936961116,1.457,1.9025,0.4455,26,1.9025,124.0,2,25;27,1.8146;1.7352,0.1673,0.08793692509855454,False
WT-01,w1118_sv_feb_40xx0.75-1,1322,4,4,1.6776749999999998,0.11353549738591302,0.06767430961653063,1.5142,1.7667,0.25249999999999995,24,1.7667,130.0,2,23;25,1.6899;1.7399,0.07679999999999998,0.043470877907963994,False
WT-01,w1118_sv_feb_40xx0.75-1,1324,5,5,1.5677600000000003,0.12415344538110892,0.07919161439321637,1.3463,1.6347,0.2884,26,1.6347,128.0,1,25,1.6289,0.005800000000000027,0.0035480516302685674,False
WT-01,w1118_sv_feb_40xx0.75-1,1326,5,5,1.5846000000000002,0.06863377448457865,0.043312996645575315,1.4879,1.6372,0.1493,25,1.6252,79.0,2,24;26,1.4879;1.6367,0.13729999999999998,0.08448190991877921,False
WT-01,w1118_sv_feb_40xx0.75-1,1328,11,11,1.9520545454545455,0.3976007453806805,0.20368321484997093,1.1353,2.6735,1.5382000000000002,26,2.6735,232.0,2,25;27,2.3064;2.362,0.3671000000000002,0.13731064148120448,False
WT-01,w1118_sv_feb_40xx0.75-1,1329,10,9,1.6691888888888888,0.18482308733248426,0.11072628661907369,1.1912,1.8087,0.6174999999999999,26,1.8087,151.0,2,25;27,1.762;1.7015,0.10719999999999996,0.059269088295460806,False
WT-01,w1118_sv_feb_40xx0.75-1,1330,13,13,1.5405846153846154,0.21161912266362667,0.13736286897217573,1.0959,1.826,0.7301,30,1.7361,130.0,2,29;31,1.6189;1.7549,0.11719999999999997,0.06750763204884509,False
WT-01,w1118_sv_feb_40xx0.75-1,1331,8,8,1.5292875000000001,0.1555507215164421,0.10171450529507504,1.1821,1.609,0.42690000000000006,28,1.6068,132.0,2,27;29,1.6055;1.609,0.0021999999999999797,0.0013691809808314536,False
WT-01,w1118_sv_feb_40xx0.75-1,1332,13,12,1.7503666666666666,0.4541592979107528,0.25946523466173915,1.0928,2.6961,1.6033,35,2.6961,254.0,1,34,2.3831,0.3129999999999997,0.1160936167056117,False
WT-01,w1118_sv_feb_40xx0.75-1,1333,9,9,1.5768,0.11201228727242378,0.07103772658068479,1.356,1.7988,0.44279999999999986,25,1.5868,122.0,2,24;26,1.5617;1.5616,0.02519999999999989,0.015881018401814904,False
WT-01,w1118_sv_feb_40xx0.75-1,1335,13,11,1.4535818181818183,0.23002436748388994,0.1582465910117196,1.0364,1.6346,0.5982000000000001,27,1.6102,94.0,2,26;28,1.6055;1.6062,0.0047000000000001485,0.002918892063097844,False
WT-01,w1118_sv_feb_40xx0.75-1,1339,7,6,1.74605,0.07872305253227924,0.04508636782009635,1.6918,1.8921,0.20029999999999992,28,1.7734,145.0,2,27;29,1.735;1.8921,0.1186999999999998,0.06693357392579215,False
WT-01,w1118_sv_feb_40xx0.75-1,1342,15,15,2.6405999999999996,0.9796866131574934,0.3710090938262113,1.0496,3.986,2.9364,32,3.986,357.0,2,31;33,3.6107;3.2136,0.7724000000000002,0.1937782237832414,False
WT-01,w1118_sv_feb_40xx0.75-1,1343,6,6,1.642666666666667,0.023512011114889046,0.01431331845468083,1.6256,1.6898,0.06420000000000003,23,1.6365,113.0,1,24,1.6366,9.999999999998899e-05,6.110601894285914e-05,False
WT-01,w1118_sv_feb_40xx0.75-1,1344,7,6,1.3140999999999998,0.1898507624425038,0.14447208160908898,1.008,1.4934,0.48540000000000005,24,1.4739,100.0,1,25,1.4934,0.019500000000000073,0.013230205577040554,False
WT-01,w1118_sv_feb_40xx0.75-1,1345,10,9,1.3826444444444446,0.2318374813911197,0.16767686177213367,0.7932,1.5548,0.7615999999999999,27,1.5548,98.0,2,26;28,1.4728;1.4313,0.12349999999999994,0.07943143812709026,False
WT-01,w1118_sv_feb_40xx0.75-1,1350,6,6,1.7108666666666668,0.05663153420724773,0.03310107988577781,1.6359,1.7872,0.1513,23,1.6899,215.0,1,24,1.6679,0.02200000000000002,0.013018521806024037,False
WT-01,w1118_sv_feb_40xx0.75-1,1351,8,8,1.5670000000000002,0.11839301379002778,0.075553933497146,1.3462,1.637,0.29079999999999995,28,1.6194,115.0,2,27;29,1.6369;1.6368,0.01750000000000007,0.010806471532666465,False
WT-01,w1118_sv_feb_40xx0.75-1,1358,11,8,1.2747625,0.2211870245322464,0.1735123401670871,0.9173,1.597,0.6797,28,1.597,82.0,2,27;29,1.2104;1.3872,0.38660000000000005,0.24207889793362558,False
WT-01,w1118_sv_feb_40xx0.75-1,1359,4,3,1.5178333333333331,0.21971163677268749,0.14475346663403152,1.3474,1.7658,0.4184000000000001,26,1.7658,80.0,0,,,,,False
WT-01,w1118_sv_feb_40xx0.75-1,1360,3,3,1.3554666666666666,0.7895329906554465,0.582480565602582,0.4988,2.0539,1.5551,23,2.0539,109.0,0,,,,,False
WT-01,w1118_sv_feb_40xx0.75-1,1362,10,8,1.5177125,0.3058695680818401,0.2015332733187874,0.8069,1.6916,0.8847,25,1.6916,90.0,2,24;26,1.6353;1.6588,0.05630000000000002,0.033282099787183744,False
WT-01,w1118_sv_feb_40xx0.75-1,1364,6,6,1.822383333333333,0.2086561709287954,0.11449631211625551,1.4001,1.9612,0.5611000000000002,28,1.9612,118.0,1,27,1.8942,0.06699999999999995,0.03416275749541094,False
WT-01,w1118_sv_feb_40xx0.75-1,1365,25,20,1.46946,0.17390654295974756,0.11834724521916049,1.0985,1.7523,0.6537999999999999,30,1.7523,70.0,1,29,1.6247,0.12759999999999994,0.07281858129315753,False
WT-01,w1118_sv_feb_40xx0.75-1,1367,9,9,1.606388888888889,0.24902670762613216,0.15502267810030704,1.11,1.8482,0.7382,28,1.7153,115.0,2,27;29,1.8482;1.7603,0.13290000000000002,0.07747915816475252,False
WT-01,w1118_sv_feb_40xx0.75-1,1368,22,19,1.682821052631579,0.2831878284793158,0.16828160548411814,1.0712,2.1975,1.1262999999999999,40,1.9528,153.0,2,39;41,1.9893;2.1975,0.2446999999999997,0.1253072511265873,False
WT-01,w1118_sv_feb_40xx0.75-1,1369,15,13,1.6951615384615384,0.36279924094569055,0.21402045333977598,0.8099,1.9471,1.1372,29,1.821,130.0,2,28;30,1.8964;1.915,0.09400000000000008,0.05161998901702366,False
WT-01,w1118_sv_feb_40xx0.75-1,1370,9,9,1.6105888888888888,0.3500217080569591,0.21732529664875042,0.7568,1.8921,1.1353,29,1.8921,120.0,2,28;30,1.7184;1.5987,0.2933999999999999,0.15506579990486755,False
WT-01,w1118_sv_feb_40xx0.75-1,1372,7,7,1.7835285714285714,0.14327631479401048,0.0803330639549267,1.5205,1.8929,0.37240000000000006,28,1.8921,219.0,2,27;29,1.6856;1.7366,0.2064999999999999,0.1091379948205697,False
WT-01,w1118_sv_feb_40xx0.75-1,1373,4,4,1.609275,0.006711370947876455,0.0041704313730570935,1.6055,1.6193,0.013800000000000034,25,1.6055,127.0,2,24;26,1.6193;1.6055,0.013800000000000034,0.008595453129866107,False
WT-01,w1118_sv_feb_40xx0.75-1,1374,4,3,1.5865,0.4175797768091745,0.2632081795204378,1.1063,1.8644,0.7581,23,1.8644,135.0,1,24,1.7888,0.07560000000000011,0.040549238360866824,False
WT-01,w1118_sv_feb_40xx0.75-1,1376,12,11,2.1555272727272725,0.7021143768516767,0.3257274383558734,1.2194,3.3969,2.1775,28,3.1097,273.0,2,27;29,2.9309;2.029,1.0807000000000002,0.34752548477345085,True
WT-01,w1118_sv_feb_40xx0.75-1,1378,16,13,1.6248923076923076,0.22185366972225357,0.13653438364622017,1.0431,1.8881,0.845,31,1.8881,100.0,2,30;32,1.796;1.8169,0.09209999999999985,0.048779196017160034,False
WT-01,w1118_sv_feb_40xx0.75-1,1386,9,7,1.163142857142857,0.18124957799622465,0.155827443622399,0.8843,1.3503,0.4660000000000001,28,1.3503,55.0,2,27;29,1.3384;1.3392,0.011900000000000022,0.00881285640228099,False
WT-01,w1118_sv_feb_40xx0.75-1,1388,9,8,1.7568124999999999,0.08275090741841704,0.04710286807409273,1.6407,1.9033,0.26259999999999994,26,1.8207,139.0,2,25;27,1.9033;1.7086,0.11210000000000009,0.06156972592958757,False
WT-01,w1118_sv_feb_40xx0.75-1,1389,7,6,1.6413166666666665,0.0749084886155546,0.045639266411450934,1.6055,1.7936,0.18810000000000016,28,1.6238,122.0,2,27;29,1.6055;1.7936,0.16980000000000017,0.10456952826702808,False
WT-01,w1118_sv_feb_40xx0.75-1,1391,6,5,1.6538800000000002,0.04372718833860696,0.02643915419414163,1.6232,1.7309,0.10770000000000013,28,1.7309,144.0,1,27,1.6334,0.09750000000000014,0.05632907735859965,False
WT-01,w1118_sv_feb_40xx0.75-1,1394,10,9,1.4227555555555556,0.11382085827201352,0.08000029086343571,1.2164,1.5885,0.3721000000000001,28,1.4119,79.0,2,27;29,1.3798;1.4833,0.07140000000000013,0.05057015369360446,False
WT-01,w1118_sv_feb_40xx0.75-1,1396,5,4,1.56125,0.13071315924573165,0.08372340063777847,1.3748,1.6634,0.28859999999999997,27,1.6388,107.0,1,26,1.6634,0.024599999999999955,0.015010983646570634,False
WT-01,w1118_sv_feb_40xx0.75-1,1397,7,7,1.706457142857143,0.2743173214675713,0.16075254079236842,1.1353,1.8923,0.7570000000000001,29,1.7127,176.0,2,28;30,1.8168;1.6055,0.10719999999999996,0.06259123022128801,False
WT-01,w1118_sv_feb_40xx0.75-1,1404,9,9,1.6401000000000001,0.20578392794385084,0.12547035421245706,1.2206,1.8352,0.6146,27,1.6987,136.0,2,26;28,1.6939;1.6929,0.005800000000000027,0.003414375699064006,False
WT-01,w1118_sv_feb_40xx0.75-1,1407,8,8,1.8950999999999998,0.6235403389402439,0.32902767080378026,1.5138,3.4231,1.9092999999999998,24,3.4231,273.0,1,25,1.7259,1.6971999999999998,0.4958078934299319,True
WT-01,w1118_sv_feb_40xx0.75-1,1410,5,5,1.8876399999999998,0.24070645608292274,0.127517141024201,1.5734,2.2481,0.6747000000000001,28,2.2481,205.0,1,27,1.8325,0.41559999999999997,0.18486722120902094,False
WT-01,w1118_sv_feb_40xx0.75-1,1411,5,5,1.2467400000000002,0.1492719096146358,0.11972978296568312,1.0825,1.3627,0.2802,28,1.3627,69.0,1,27,1.3546,0.008099999999999996,0.005944081602700518,False
WT-01,w1118_sv_feb_40xx0.75-1,1413,11,10,2.1016500000000002,0.471714775520594,0.22444973022177525,1.5197,2.9465,1.4267999999999998,28,2.6738,229.0,1,29,2.9465,0.27269999999999994,0.10198967761238685,False
WT-01,w1118_sv_feb_40xx0.75-1,1415,8,8,1.6224125,0.05493017483262598,0.03385709542587103,1.5023,1.6854,0.18310000000000004,29,1.6854,119.0,2,28;30,1.6561;1.6562,0.029300000000000104,0.017384597128278216,False
WT-01,w1118_sv_feb_40xx0.75-1,1417,8,8,1.562725,0.1527346976202292,0.09773613247387046,1.1952,1.6617,0.4664999999999999,29,1.6617,114.0,2,28;30,1.6365;1.6347,0.026999999999999913,0.016248420292471512,False
WT-01,w1118_sv_feb_40xx0.75-1,1420,3,3,1.6937,0.0035791060336346435,0.0021131877154364075,1.6912,1.6978,0.006599999999999939,24,1.6921,147.0,1,25,1.6978,0.005700000000000038,0.003368595236688162,False
WT-01,w1118_sv_feb_40xx0.75-1,1421,8,7,1.6235,0.12677395894530816,0.07808682411167735,1.3793,1.7519,0.37260000000000004,24,1.713,141.0,1,25,1.6517,0.06130000000000013,0.03578517221249278,False
WT-01,w1118_sv_feb_40xx0.75-1,1422,6,5,2.02996,0.0710876079214937,0.035019216103516174,1.95,2.1213,0.17130000000000023,26,1.9899,176.0,2,25;27,2.1213;2.0027,0.13140000000000018,0.06603346901854373,False
WT-01,w1118_sv_feb_40xx0.75-1,1426,10,10,1.6092,0.03899299082313811,0.024231289350694823,1.5278,1.6607,0.13290000000000002,30,1.6217,118.0,2,29;31,1.6607;1.6244,0.039000000000000146,0.02404883763951418,False
WT-01,w1118_sv_feb_40xx0.75-1,1427,13,12,1.5141333333333333,0.23890982069442526,0.1577865141958603,0.8064,1.6404,0.8340000000000001,32,1.6404,104.0,2,31;33,1.6261;1.6264,0.01429999999999998,0.008717386003413789,False
WT-01,w1118_sv_feb_40xx0.75-1,1428,6,6,1.4798833333333332,0.26628044927607175,0.17993340642352781,0.9855,1.6554,0.6698999999999999,29,1.6554,116.0,1,28,1.6456,0.009800000000000031,0.005920019330675384,False
WT-01,w1118_sv_feb_40xx0.75-1,1429,8,7,1.5507714285714282,0.17137374083452525,0.11050870404053992,1.2532,1.7017,0.4484999999999999,26,1.7017,97.0,2,25;27,1.6317;1.6507,0.07000000000000006,0.041135335252982345,False
WT-01,w1118_sv_feb_40xx0.75-1,1431,6,5,1.78222,0.17524472031990013,0.09832945445562284,1.635,2.0718,0.4368000000000001,28,2.0718,210.0,1,27,1.807,0.26480000000000015,0.1278115648228594,False
WT-01,w1118_sv_feb_40xx0.75-1,1432,8,8,1.2718375,0.3598357559359547,0.2829258894598993,0.4331,1.5593,1.1261999999999999,27,1.402,114.0,2,26;28,1.5593;1.3881,0.1573,0.11219686162624821,False
WT-01,w1118_sv_feb_40xx0.75-1,1433,8,7,1.6238857142857144,0.1368951353965439,0.08430096662113866,1.3527,1.7662,0.4135,26,1.7043,109.0,2,25;27,1.6424;1.6136,0.0907,0.053218330106201965,False
WT-01,w1118_sv_feb_40xx0.75-1,1434,6,6,1.69575,0.030651247935442986,0.018075334179827797,1.6427,1.7326,0.08989999999999987,29,1.7326,136.0,1,28,1.6867,0.04589999999999983,0.02649197737504319,False
WT-01,w1118_sv_feb_40xx0.75-1,1435,4,4,1.6141999999999999,0.043481107008293454,0.026936629295188613,1.5847,1.6772,0.09250000000000003,24,1.6091,124.0,1,25,1.6772,0.06810000000000005,0.04232179479211985,False
WT-01,w1118_sv_feb_40xx0.75-1,1437,11,10,1.53437,0.20429321547444718,0.1331446883570763,1.1957,1.6912,0.49550000000000005,28,1.6906,93.0,2,27;29,1.6146;1.6911,0.07600000000000007,0.04495445403998584,False
WT-01,w1118_sv_feb_40xx0.75-1,1438,12,10,1.9172700000000003,0.22858305103883408,0.11922319289345479,1.4297,2.2432,0.8134999999999999,29,2.1556,238.0,2,28;30,2.2432;2.0515,0.1041000000000003,0.04829281870476911,False
WT-01,w1118_sv_feb_40xx0.75-1,1440,11,5,1.1239000000000001,0.1238536030965591,0.11019984259859338,1.0212,1.3387,0.3174999999999999,33,1.3387,50.0,1,32,1.088,0.2506999999999999,0.1872712332860237,False
WT-01,w1118_sv_feb_40xx0.75-1,1441,8,7,1.5412714285714284,0.015942157349379735,0.010343510593819404,1.5188,1.5616,0.04280000000000017,27,1.5188,122.0,2,26;28,1.521;1.5513,0.03249999999999997,0.021398472478272305,False
WT-01,w1118_sv_feb_40xx0.75-1,1442,18,16,1.58351875,0.24343975084539224,0.15373341859412287,0.7457,1.8333,1.0876,30,1.6957,130.0,2,29;31,1.6702;1.5506,0.1451,0.08556938137642273,False
WT-01,w1118_sv_feb_40xx0.75-1,1444,10,8,1.2875375,0.10046521697298312,0.07802896379560449,1.0825,1.3465,0.264,30,1.338,83.0,2,29;31,1.3465;1.3379,0.008499999999999952,0.00635276532137515,False
WT-01,w1118_sv_feb_40xx0.75-1,1446,5,3,2.1530333333333336,0.4535685651953113,0.2106649061921837,1.6516,2.5347,0.8831,26,2.5347,166.0,1,25,2.2728,0.2618999999999998,0.10332583737720433,False
WT-01,w1118_sv_feb_40xx0.75-1,1447,7,7,1.615285714285714,0.018822542209757247,0.011652763373865813,1.5737,1.6266,0.05289999999999995,25,1.6237,118.0,1,26,1.6219,0.0018000000000000238,0.0011085791710291457,False
WT-01,w1118_sv_feb_40xx0.75-1,1452,14,14,1.8204642857142856,0.19286542780332158,0.10594298900384526,1.3918,2.1678,0.7760000000000002,25,1.8731,219.0,1,26,1.8871,0.014000000000000012,0.007474240563771295,False
WT-01,w1118_sv_feb_40xx0.75-1,1453,6,6,1.53175,0.007107109116933561,0.004639862325401378,1.5215,1.5383,0.016799999999999926,25,1.5215,120.0,1,26,1.5383,0.016799999999999926,0.011041735129806064,False
WT-01,w1118_sv_feb_40xx0.75-1,1454,8,8,1.496925,0.30763751280641033,0.20551297680672734,0.7995,1.8921,1.0926,28,1.8921,110.0,2,27;29,1.5164;1.5919,0.3756999999999999,0.19856244384546268,False
WT-01,w1118_sv_feb_40xx0.75-1,1455,4,3,1.4712666666666667,0.0793697885428287,0.053946568858690036,1.3797,1.5204,0.14070000000000005,25,1.5137,57.0,1,26,1.5204,0.006699999999999928,0.004426240338243991,False
WT-01,w1118_sv_feb_40xx0.75-1,1459,5,5,1.81082,0.16760556971652224,0.09255782999774811,1.5137,1.9073,0.39359999999999995,25,1.9073,145.0,1,26,1.8927,0.014599999999999946,0.007654799979027917,False
WT-01,w1118_sv_feb_40xx0.75-1,1462,9,8,1.8436875,0.21101670507670378,0.11445361813035224,1.5155,2.0998,0.5843,29,2.0998,145.0,2,28;30,1.9355;1.9475,0.1643000000000001,0.078245547194971,False
WT-01,w1118_sv_feb_40xx0.75-1,1464,9,9,1.6163444444444446,0.10023072272401203,0.06201074471998599,1.3529,1.6756,0.3227,29,1.6365,130.0,2,28;30,1.625;1.6365,0.011500000000000066,0.0070271921784296155,False
WT-01,w1118_sv_feb_40xx0.75-1,1465,12,12,1.7582666666666669,0.2528373042575846,0.1437991796414563,1.2071,1.906,0.6988999999999999,32,1.8928,144.0,2,31;33,1.906;1.901,0.013199999999999878,0.006973795435333833,False
WT-01,w1118_sv_feb_40xx0.75-1,1466,9,8,1.9492625000000001,0.1349954913268271,0.06925464955429404,1.8266,2.2705,0.4439000000000002,30,2.2705,166.0,2,29;31,1.9063;1.9186,0.3642000000000001,0.16040519709315132,False
WT-01,w1118_sv_feb_40xx0.75-1,1467,7,7,1.570485714285714,0.10232317151345255,0.06515383781124748,1.3386,1.6164,0.27780000000000005,26,1.6073,130.0,2,25;27,1.6088;1.6164,0.009100000000000108,0.005661668636844465,False
WT-01,w1118_sv_feb_40xx0.75-1,1468,7,7,1.5970999999999997,0.0853770851380314,0.053457570056997944,1.4124,1.6748,0.26239999999999997,29,1.6068,132.0,2,28;30,1.6147;1.6748,0.06800000000000006,0.04232013940751809,False
WT-01,w1118_sv_feb_40xx0.75-1,1469,5,4,1.56425,0.15838856229749246,0.10125527396355599,1.3502,1.7223,0.3720999999999999,29,1.7223,71.0,1,28,1.6303,0.09199999999999986,0.05341694246066299,False
WT-01,w1118_sv_feb_40xx0.75-1,1470,16,16,1.91826875,0.1922263170284791,0.10020823048307444,1.6055,2.5106,0.9051000000000002,31,2.0578,185.0,2,30;32,1.9094;2.0179,0.14839999999999987,0.07211585188064917,False
WT-01,w1118_sv_feb_40xx0.75-1,1471,3,3,1.5290666666666668,0.32264026923701467,0.2110047104357874,1.1573,1.7359,0.5786,25,1.7359,117.0,1,26,1.694,0.04190000000000005,0.02413733509994818,False
WT-01,w1118_sv_feb_40xx0.75-1,1472,13,11,1.5499636363636364,0.10520490742096844,0.06787572621238344,1.3379,1.628,0.2900999999999998,32,1.6217,72.0,2,31;33,1.628;1.6243,0.006299999999999972,0.003884812234075336,False
WT-01,w1118_sv_feb_40xx0.75-1,1475,13,12,1.6350833333333332,0.029999146452504087,0.018347166680090163,1.5918,1.7034,0.11159999999999992,36,1.6255,174.0,2,35;37,1.5927;1.5918,0.03369999999999984,0.020732082436173388,False
WT-01,w1118_sv_feb_40xx0.75-1,1476,7,6,1.4042666666666668,0.19663551730719112,0.14002719139801872,1.0703,1.5766,0.5063,30,1.5766,74.0,2,29;31,1.5526;1.0703,0.5063,0.321134086007865,True
WT-01,w1118_sv_feb_40xx0.75-1,1477,9,9,1.8684,0.17034776194596749,0.09117306890706887,1.478,2.028,0.55,29,1.974,165.0,2,28;30,2.028;1.9937,0.05400000000000005,0.027355623100303976,False
WT-01,w1118_sv_feb_40xx0.75-1,1478,11,10,1.68049,0.23644150063434763,0.14069795157028464,1.1422,1.8978,0.7555999999999998,30,1.8948,125.0,2,29;31,1.8301;1.8978,0.06469999999999998,0.03414608401942156,False
WT-01,w1118_sv_feb_40xx0.75-1,1483,8,7,1.5875142857142854,0.10995714966251521,0.06926372294850949,1.3394,1.645,0.3056000000000001,28,1.6426,112.0,2,27;29,1.645;1.6156,0.027000000000000135,0.01643735541215155,False
WT-01,w1118_sv_feb_40xx0.75-1,1484,9,9,1.5112555555555556,0.20192154485784267,0.13361178002989302,1.0823,1.6682,0.5858999999999999,29,1.6364,124.0,2,28;30,1.6268;1.6448,0.009600000000000053,0.005866536299193383,False
WT-01,w1118_sv_feb_40xx0.75-1,1485,11,9,1.6650222222222222,0.055558095219728716,0.0333677800081119,1.5852,1.7353,0.15010000000000012,30,1.6383,117.0,2,29;31,1.7353;1.7155,0.09699999999999998,0.059207715314655414,False
WT-01,w1118_sv_feb_40xx0.75-1,1486,9,9,1.5192444444444444,0.15906182061631816,0.1046979774702969,1.212,1.7057,0.4937,27,1.5645,117.0,2,26;28,1.7057;1.5918,0.1412,0.09025247682965803,False
WT-01,w1118_sv_feb_40xx0.75-1,1490,9,8,1.6808625,0.2376185414693054,0.1413670311933935,1.1536,1.9493,0.7957000000000001,29,1.795,127.0,2,28;30,1.7279;1.8216,0.06709999999999994,0.03738161559888576,False
WT-01,w1118_sv_feb_40xx0.75-1,1493,9,8,1.5788250000000001,0.04629439182326206,0.02932205394724688,1.5537,1.6818,0.12809999999999988,31,1.6137,123.0,2,30;32,1.5537;1.5546,0.05999999999999983,0.03718163227365671,False
WT-01,w1118_sv_feb_40xx0.75-1,1495,10,8,1.112775,0.173968032777782,0.1563371146707843,0.7894,1.3967,0.6073000000000001,30,1.3967,58.0,2,29;31,1.1782;1.1399,0.25680000000000014,0.18386196033507562,False
WT-01,w1118_sv_feb_40xx0.75-1,1496,9,6,1.176116666666667,0.27671402867702005,0.23527770375134552,0.786,1.5075,0.7215,27,1.4596,67.0,1,28,1.5075,0.047900000000000054,0.03281721019457389,False
WT-01,w1118_sv_feb_40xx0.75-1,1497,10,9,1.4716777777777779,0.17139023293188102,0.1164590751588836,1.1625,1.5664,0.4038999999999999,30,1.5576,108.0,2,29;31,1.5603;1.5602,0.0026999999999999247,0.0017334360554699052,False
WT-01,w1118_sv_feb_40xx0.75-1,1499,13,10,1.43191,0.25161150145942585,0.17571739945906226,1.1353,1.7146,0.5792999999999999,32,1.7146,92.0,2,31;33,1.477;1.6947,0.2375999999999998,0.138574594657646,False
WT-01,w1118_sv_feb_40xx0.75-1,1504,6,6,1.9147166666666668,0.20451749476919245,0.10681345095576844,1.554,2.1751,0.6211,26,2.1751,195.0,1,27,1.9504,0.22470000000000012,0.10330559514505086,False
WT-01,w1118_sv_feb_40xx0.75-1,1505,9,7,2.6653,0.8389871592183836,0.31478151023088724,1.3528,3.7895,2.4367,29,3.7895,301.0,2,28;30,2.6149;3.4992,1.1745999999999999,0.30996173637683067,True
WT-01,w1118_sv_feb_40xx0.75-1,1512,21,20,1.7674500000000002,0.30116459304716275,0.17039497187878735,1.1518,2.5053,1.3535000000000001,35,1.8769,243.0,2,34;36,1.8595;1.7838,0.09309999999999996,0.049603068890191254,False
WT-01,w1118_sv_feb_40xx0.75-1,1516,10,7,1.2235142857142856,0.1358466835390965,0.11102991205353148,1.0703,1.3385,0.2682,30,1.3379,66.0,2,29;31,1.3379;1.3385,0.0005999999999999339,0.00044846401076308685,False
WT-01,w1118_sv_feb_40xx0.75-1,1519,3,3,2.0775,0.8742681682413012,0.42082703645790664,1.0712,2.6504,1.5792,28,2.6504,111.0,1,27,2.5109,0.13949999999999996,0.05263356474494415,False
WT-01,w1118_sv_feb_40xx0.75-1,1521,7,7,1.6945285714285716,0.1333963107221699,0.07872178313860485,1.5137,1.8921,0.37839999999999985,31,1.7343,121.0,1,32,1.7697,0.0354000000000001,0.020411693478636972,False
WT-01,w1118_sv_feb_40xx0.75-1,1523,13,10,1.4565700000000001,0.19695715862423824,0.1352198374429229,1.1518,1.6506,0.49880000000000013,33,1.6385,78.0,2,32;34,1.6105;1.6437,0.028000000000000025,0.017088800732377188,False
WT-01,w1118_sv_feb_40xx0.75-1,1525,3,3,1.7242,0.03319457787048955,0.019252162087048805,1.687,1.7508,0.06379999999999986,26,1.7508,226.0,1,27,1.7348,0.016000000000000014,0.00913867946081792,False
WT-01,w1118_sv_feb_40xx0.75-1,1531,11,8,1.2176,0.26093588703522014,0.21430345518661312,0.8027,1.5232,0.7205000000000001,27,1.3528,48.0,1,28,1.0851,0.26770000000000005,0.19788586635127148,False
WT-01,w1118_sv_feb_40xx0.75-1,1533,8,8,1.8169625,0.13500643304778373,0.07430336787236046,1.5137,1.9044,0.39070000000000005,26,1.8966,147.0,1,27,1.8923,0.0042999999999999705,0.002267215016345023,False
WT-01,w1118_sv_feb_40xx0.75-1,1534,5,5,1.51986,0.013496406929253434,0.008880032982809887,1.5137,1.544,0.030299999999999994,27,1.5137,218.0,2,26;28,1.5137;1.544,0.030299999999999994,0.020017176455043927,False
WT-01,w1118_sv_feb_40xx0.75-1,1535,10,8,1.3249250000000001,0.1466945003351231,0.11071909756033216,1.0819,1.4587,0.3768,35,1.4538,67.0,2,34;36,1.3662;1.3612,0.09260000000000002,0.06369514376117762,False
WT-01,w1118_sv_feb_40xx0.75-1,1537,20,20,1.623085,0.22523015193820134,0.1387667016442154,0.7393,1.847,1.1077,32,1.7824,243.0,2,31;33,1.8028;1.7179,0.0645,0.036187163375224415,False
WT-01,w1118_sv_feb_40xx0.75-1,1538,8,8,1.5454750000000002,0.1168102093140835,0.07558207626398582,1.3221,1.6899,0.3677999999999999,31,1.5874,91.0,2,30;32,1.4761;1.6624,0.11129999999999995,0.0701146528915207,False
WT-01,w1118_sv_feb_40xx0.75-1,1539,8,6,2.763433333333333,0.43061030487746876,0.15582438688978764,1.9516,3.0864,1.1347999999999998,31,3.0864,212.0,2,30;32,2.973;3.0833,0.11339999999999995,0.03674183514774493,False
WT-01,w1118_sv_feb_40xx0.75-1,1542,10,10,1.56373,0.2149082752659324,0.13743310882692816,1.1353,1.8921,0.7567999999999999,31,1.6803,118.0,2,30;32,1.717;1.6671,0.03670000000000018,0.021841337856335286,False
WT-01,w1118_sv_feb_40xx0.75-1,1544,9,8,1.5732374999999998,0.09055858305144639,0.05756192758655092,1.3509,1.6247,0.27380000000000004,29,1.6247,144.0,1,30,1.6055,0.019200000000000106,0.011817566319936053,False
WT-01,w1118_sv_feb_40xx0.75-1,1546,3,3,1.8953333333333333,0.001193035344544968,0.0006294593798161983,1.894,1.8963,0.0023000000000001908,28,1.8957,170.0,2,27;29,1.8963;1.894,0.0017000000000000348,0.0008967663659861976,False
WT-01,w1118_sv_feb_40xx0.75-1,1547,9,9,1.7777777777777777,0.24781698780439657,0.13939705563997307,1.21,1.9133,0.7033,34,1.895,147.0,2,33;35,1.8921;1.8921,0.0029000000000001247,0.001530343007915633,False
WT-01,w1118_sv_feb_40xx0.75-1,1551,7,7,1.764642857142857,0.060267787336820276,0.034152965906313865,1.6892,1.8706,0.1814,28,1.8706,273.0,2,27;29,1.774;1.8118,0.09660000000000002,0.05164118464663745,False
WT-01,w1118_sv_feb_40xx0.75-1,1552,9,9,1.5640555555555555,0.30143849335772926,0.19272876355767155,0.7654,1.7128,0.9474000000000001,31,1.6837,129.0,2,30;32,1.6516;1.6752,0.03210000000000002,0.019065154124844105,False
WT-01,w1118_sv_feb_40xx0.75-1,1555,8,8,1.533725,0.24312243094492833,0.15851761622515662,0.9902,1.7072,0.7170000000000001,29,1.6852,140.0,2,28;30,1.6418;1.598,0.08719999999999994,0.05174460004747208,False
WT-01,w1118_sv_feb_40xx0.75-1,1556,6,5,2.28562,0.2146500687165043,0.09391327898622881,1.9427,2.5022,0.5595000000000001,32,2.2368,224.0,2,31;33,2.4054;1.9427,0.29410000000000003,0.13148247496423462,False
WT-01,w1118_sv_feb_40xx0.75-1,1560,9,9,1.9171666666666667,0.05597177860314971,0.029195050997035406,1.8921,2.0647,0.1726000000000003,35,2.0647,152.0,1,34,1.8921,0.1726000000000003,0.08359567975977154,False
WT-01,w1118_sv_feb_40xx0.75-1,1561,10,9,1.5461111111111112,0.2808690194932704,0.18166160082209368,0.8027,1.6889,0.8862000000000001,32,1.6238,114.0,2,31;33,1.6205;1.6495,0.025700000000000056,0.015827072299544314,False
WT-01,w1118_sv_feb_40xx0.75-1,1562,6,5,1.38598,0.35540269695093757,0.25642700251875034,0.7939,1.7243,0.9303999999999999,31,1.7243,64.0,2,30;32,1.4142;1.5824,0.31010000000000004,0.17984109493707595,False
WT-01,w1118_sv_feb_40xx0.75-1,1565,13,12,1.7323583333333332,0.2189980550280312,0.1264161408261558,1.1846,1.9261,0.7414999999999998,33,1.9261,126.0,2,32;34,1.7615;1.915,0.16459999999999986,0.08545766055760337,False
WT-01,w1118_sv_feb_40xx0.75-1,1568,14,13,1.7138538461538462,0.2862663928796178,0.16703080809489326,1.1353,1.9174,0.7821,36,1.8919,114.0,2,35;37,1.8921;1.9174,0.025500000000000078,0.013478513663512912,False
WT-01,w1118_sv_feb_40xx0.75-1,1570,9,9,2.495077777777778,1.0034427110923894,0.40216891033597274,1.1736,3.7866,2.613,33,3.7844,277.0,1,32,3.7866,0.0021999999999997577,0.0005813338970509876,False
WT-01,w1118_sv_feb_40xx0.75-1,1573,12,10,1.8231499999999996,0.10093689172503341,0.0553640082960993,1.688,1.9312,0.24320000000000008,32,1.9312,249.0,2,31;33,1.8888;1.9293,0.04239999999999999,0.021955260977630484,False
WT-01,w1118_sv_feb_40xx0.75-1,1576,7,7,1.881157142857143,0.05390750897425631,0.028656568739589928,1.7663,1.9385,0.1721999999999999,28,1.9385,226.0,2,27;29,1.7663;1.8945,0.1721999999999999,0.08883157080216658,False
WT-01,w1118_sv_feb_40xx0.75-1,1577,5,5,1.82638,0.06163413826768408,0.03374661257114296,1.7573,1.9111,0.15379999999999994,27,1.7573,252.0,1,28,1.8667,0.10939999999999994,0.06225459511750978,False
WT-01,w1118_sv_feb_40xx0.75-1,1580,11,9,1.4540777777777778,0.18290554787770774,0.1257880085047697,1.091,1.6129,0.5219,32,1.6055,92.0,2,31;33,1.6129;1.5636,0.041899999999999826,0.02609778885082518,False
WT-01,w1118_sv_feb_40xx0.75-1,1582,12,10,1.38526,0.28777885491003913,0.20774356792951443,0.8179,1.6572,0.8393,33,1.6055,90.0,2,32;34,1.6055;1.6473,0.04180000000000006,0.02603550295857992,False
WT-01,w1118_sv_feb_40xx0.75-1,1583,7,3,0.8088000000000001,0.1979240258280939,0.24471318722563537,0.6876,1.0372,0.3495999999999999,30,1.0372,24.0,0,,,,,False
WT-01,w1118_sv_feb_40xx0.75-1,1587,13,12,2.095425,0.6526699418194049,0.3114737782642685,1.3502,3.7456,2.3954,33,3.7456,251.0,2,32;34,1.9163;3.0772,1.8293000000000001,0.4883863733447245,True
WT-01,w1118_sv_feb_40xx0.75-1,1589,8,8,1.4814625,0.08565021787146,0.057814637813282485,1.3414,1.5673,0.2259,31,1.5673,120.0,2,30;32,1.3414;1.5506,0.2259,0.14413322273974352,False
WT-01,w1118_sv_feb_40xx0.75-1,1594,7,7,2.5429999999999997,0.6850371206487037,0.26938148668844036,1.1677,3.1152,1.9475000000000002,30,3.1152,223.0,2,29;31,2.6524;3.0598,0.4628000000000001,0.14856189008731385,False
WT-01,w1118_sv_feb_40xx0.75-1,1595,9,9,1.7501444444444445,0.10445663108571797,0.05968457713150417,1.6599,1.9245,0.26460000000000017,34,1.7358,141.0,2,33;35,1.6849;1.9245,0.1887000000000001,0.10871068095402701,False
WT-01,w1118_sv_feb_40xx0.75-1,1597,9,9,1.6801666666666666,0.22467860935122416,0.13372400120100636,1.2781,2.0563,0.7781999999999998,35,2.0563,131.0,2,34;36,1.8731;1.8736,0.1831999999999998,0.08909205855176765,False
WT-01,w1118_sv_feb_40xx0.75-1,1598,9,9,1.8481555555555558,0.1397094047577964,0.07559396412159675,1.533,1.9482,0.4152,36,1.9164,153.0,1,35,1.9172,0.0007999999999999119,0.0004174493842621122,False
WT-01,w1118_sv_feb_40xx0.75-1,1603,4,4,1.902075,0.0176460335486477,0.009277254339943324,1.8826,1.9204,0.037800000000000056,30,1.9204,93.0,2,29;31,1.8922;1.9131,0.028200000000000003,0.014684440741512185,False
WT-01,w1118_sv_feb_40xx0.75-1,1604,6,5,1.6153600000000001,0.006821143599133507,0.004222677049780548,1.6055,1.6238,0.018299999999999983,34,1.6238,134.0,1,33,1.6155,0.008299999999999974,0.00511146692942479,False
WT-01,w1118_sv_feb_40xx0.75-1,1605,9,7,2.3822714285714284,0.46181637661984837,0.19385548224317362,1.8015,2.9827,1.1811999999999998,32,2.8234,173.0,2,31;33,2.5284;2.9827,0.29499999999999993,0.10448395551462773,False
WT-01,w1118_sv_feb_40xx0.75-1,1607,10,7,1.8700714285714286,0.058326229499420276,0.031189305717577016,1.7378,1.8922,0.1544000000000001,32,1.8921,140.0,2,31;33,1.8921;1.8921,0.0,0.0,False
WT-01,w1118_sv_feb_40xx0.75-1,1608,9,8,1.767725,0.19717799609200098,0.11154336567735422,1.3112,1.9399,0.6287,29,1.8306,135.0,2,28;30,1.3112;1.8042,0.5194000000000001,0.2837321096908118,True
WT-01,w1118_sv_feb_40xx0.75-1,1610,6,6,1.7513166666666669,0.09626225463112044,0.05496564754011007,1.6682,1.9269,0.25870000000000015,30,1.7215,162.0,2,29;31,1.6682;1.6806,0.053300000000000125,0.030961370897473205,False
WT-01,w1118_sv_feb_40xx0.75-1,1611,6,6,1.4031,0.23994571886157917,0.17101113168097723,1.0709,1.609,0.5381,33,1.6073,100.0,1,32,1.6055,0.0018000000000000238,0.00111989049959561,False
WT-01,w1118_sv_feb_40xx0.75-1,1615,11,10,1.4178700000000002,0.38906148914192645,0.27439856202749646,0.7571,1.719,0.9619000000000001,33,1.719,94.0,2,32;34,1.54;1.676,0.17900000000000005,0.10413030831879001,False
WT-01,w1118_sv_feb_40xx0.75-1,1617,10,9,1.4709444444444442,0.1847977753593851,0.12563205636850597,1.0827,1.6059,0.5232000000000001,33,1.4662,98.0,2,32;34,1.6059;1.6056,0.13970000000000016,0.09528031646432968,False
WT-01,w1118_sv_feb_40xx0.75-1,1619,15,14,1.4840571428571432,0.18771975722535775,0.12649092262307035,0.9203,1.6402,0.7199000000000001,32,1.6402,109.0,2,31;33,1.6329;1.5249,0.11530000000000018,0.07029630532861857,False
WT-01,w1118_sv_feb_40xx0.75-1,1621,9,8,1.718725,0.2480987001175137,0.14435043425650623,1.1999,1.9928,0.7928999999999999,31,1.9928,174.0,2,30;32,1.95;1.7058,0.2869999999999999,0.14401846647932554,False
WT-01,w1118_sv_feb_40xx0.75-1,1622,7,6,1.2952833333333333,0.17549020960346098,0.1354840327882916,1.1353,1.4779,0.3426,30,1.4128,98.0,2,29;31,1.4779;1.4717,0.06509999999999994,0.046078708946772316,False
WT-01,w1118_sv_feb_40xx0.75-1,1623,9,8,1.5736625,0.20095811885991144,0.12770090083477967,1.0814,1.6981,0.6167,30,1.6981,126.0,2,29;31,1.6741;1.6365,0.06159999999999988,0.03627583770095982,False
WT-01,w1118_sv_feb_40xx0.75-1,1624,12,8,1.2535500000000002,0.17060319039053337,0.13609603956007607,0.9972,1.5367,0.5395,36,1.4514,51.0,2,35;37,1.1576;1.2783,0.29380000000000006,0.202425244591429,False
WT-01,w1118_sv_feb_40xx0.75-1,1625,10,9,1.715888888888889,0.1231640820658,0.07177858826602343,1.4565,1.8922,0.4357000000000002,38,1.843,205.0,1,37,1.8922,0.04920000000000013,0.026695604991861167,False
WT-01,w1118_sv_feb_40xx0.75-1,1627,9,6,1.4710666666666665,0.17383677018015106,0.11817055890067371,1.2687,1.7242,0.4555,33,1.7242,87.0,2,32;34,1.3459;1.628,0.37829999999999986,0.21940610138035024,False
WT-01,w1118_sv_feb_40xx0.75-1,1629,10,9,1.992622222222222,0.15383647793824592,0.07720303237744867,1.6744,2.2321,0.5576999999999999,37,2.0645,259.0,2,36;38,1.9838;1.9482,0.11629999999999985,0.056333252603535895,False
WT-01,w1118_sv_feb_40xx0.75-1,1631,13,12,1.7267000000000001,0.2612225139956007,0.15128424972236096,1.0181,1.8939,0.8757999999999999,35,1.8921,120.0,2,34;36,1.8921;1.8921,0.0,0.0,False
WT-01,w1118_sv_feb_40xx0.75-1,1632,8,8,2.3722,1.1059873468663965,0.46622854180355644,1.1632,4.1145,2.9513,31,4.1126,298.0,2,30;32,4.1145;1.8955,2.2170999999999994,0.5390993532072168,True
WT-01,w1118_sv_feb_40xx0.75-1,1635,9,7,2.0023857142857144,0.13199347747232854,0.06591810785037132,1.8922,2.2707,0.37850000000000006,33,2.0515,246.0,2,32;34,1.9492;2.0126,0.10229999999999984,0.04986595174262727,False
WT-01,w1118_sv_feb_40xx0.75-1,1636,7,7,1.5409714285714284,0.23896251250133854,0.1550726431851309,0.9995,1.6436,0.6440999999999999,30,1.6279,163.0,2,29;31,1.6337;1.6123,0.015599999999999836,0.00958289821242081,False
WT-01,w1118_sv_feb_40xx0.75-1,1640,14,11,1.731818181818182,0.12458017352838945,0.07193605820536923,1.5098,1.8921,0.38229999999999986,35,1.7718,106.0,2,34;36,1.6952;1.8083,0.0766,0.043232870527147534,False
WT-01,w1118_sv_feb_40xx0.75-1,1644,13,13,1.6365307692307693,0.10336306065366055,0.06315986390053946,1.4036,1.8666,0.4630000000000001,34,1.6875,106.0,2,33;35,1.6204;1.6819,0.06709999999999994,0.039762962962962924,False
WT-01,w1118_sv_feb_40xx0.75-1,1649,8,8,1.767,0.12905518199591987,0.07303632257833609,1.5143,1.8978,0.38349999999999995,35,1.8978,143.0,2,34;36,1.8382;1.5143,0.38349999999999995,0.20207608810201283,False
WT-01,w1118_sv_feb_40xx0.75-1,1651,8,8,1.8921375,7.440238091437223e-05,3.9321867947954216e-05,1.8921,1.8923,0.00020000000000020002,34,1.8921,158.0,2,33;35,1.8922;1.8923,0.00020000000000020002,0.00010570265842196503,False
WT-01,w1118_sv_feb_40xx0.75-1,1652,10,10,1.63991,0.3652442940462361,0.22272215795149497,0.8075,1.9305,1.1230000000000002,33,1.8989,128.0,2,32;34,1.8297;1.7514,0.14749999999999996,0.07767654958133655,False
WT-01,w1118_sv_feb_40xx0.75-1,1654,11,9,1.6924000000000001,0.0742561108596458,0.043876217714279006,1.6095,1.7955,0.18600000000000017,35,1.7955,216.0,2,34;36,1.7034;1.7636,0.09210000000000007,0.05129490392648291,False
WT-01,w1118_sv_feb_40xx0.75-1,1659,9,7,1.6329285714285713,0.045720954870668636,0.02799935996629023,1.5756,1.7274,0.15180000000000016,29,1.7274,120.0,1,30,1.6245,0.10289999999999999,0.05956929489406043,False
WT-01,w1118_sv_feb_40xx0.75-1,1660,4,3,1.4635333333333334,0.2504914436329779,0.1711552705550343,1.1749,1.6241,0.44920000000000004,29,1.6241,78.0,1,30,1.5916,0.032500000000000195,0.020011083061387963,False
WT-01,w1118_sv_feb_40xx0.75-1,1661,10,9,1.593522222222222,0.10323397911755819,0.06478352022828701,1.3383,1.6861,0.3477999999999999,35,1.6573,124.0,2,34;36,1.6861;1.3383,0.31899999999999995,0.1924817474205032,False
WT-01,w1118_sv_feb_40xx0.75-1,1662,7,6,1.601133333333333,0.017327511842923842,0.010822029297741504,1.5662,1.6133,0.04709999999999992,33,1.6075,114.0,2,32;34,1.6057;1.6062,0.0018000000000000238,0.0011197511664074798,False
WT-01,w1118_sv_feb_40xx0.75-1,1663,7,7,1.344457142857143,0.009272694168517405,0.006896980106641217,1.3379,1.3633,0.025399999999999867,34,1.3633,89.0,2,33;35,1.3396;1.3497,0.023700000000000054,0.01738428812440406,False
WT-01,w1118_sv_feb_40xx0.75-1,1666,8,7,1.6105714285714288,0.34444908048595374,0.21386762137676743,1.0848,1.8922,0.8074000000000001,33,1.8922,80.0,2,32;34,1.5882;1.8612,0.30400000000000005,0.16065954973047247,False
WT-01,w1118_sv_feb_40xx0.75-1,1667,9,7,1.4094571428571427,0.07344541867134756,0.05210901164576361,1.3637,1.5321,0.1684000000000001,33,1.4998,123.0,2,32;34,1.3637;1.365,0.1361000000000001,0.09074543272436332,False
WT-01,w1118_sv_feb_40xx0.75-1,1669,6,6,1.7769000000000001,0.16428437539827087,0.09245561111951763,1.5399,1.9503,0.4103999999999999,36,1.9503,260.0,0,,,,,False
WT-01,w1118_sv_feb_40xx0.75-1,1670,7,7,1.5914428571428572,0.04075110866151808,0.025606391381641686,1.4992,1.6123,0.11309999999999998,34,1.6055,121.0,2,33;35,1.6055;1.6055,0.0,0.0,False
WT-01,w1118_sv_feb_40xx0.75-1,1671,22,18,1.40335,0.25727043964988877,0.18332592699603717,0.9809,1.6922,0.7112999999999999,48,1.6785,108.0,2,47;49,1.6846;1.6922,0.013699999999999823,0.008162049448912615,False
WT-01,w1118_sv_feb_40xx0.75-1,1672,4,4,1.831425,0.07221834369927528,0.03943286986869529,1.7551,1.8941,0.1389999999999998,33,1.8921,243.0,1,32,1.7551,0.1369999999999998,0.07240632101897351,False
WT-01,w1118_sv_feb_40xx0.75-1,1674,8,7,1.5752714285714284,0.03540290544977514,0.02247416210797468,1.5311,1.6305,0.09940000000000015,32,1.6048,130.0,2,31;33,1.5311;1.5918,0.0737000000000001,0.045924725822532465,False
WT-01,w1118_sv_feb_40xx0.75-1,1675,9,9,1.5857333333333334,0.1561963107758951,0.0985009947716483,1.3815,1.8448,0.46330000000000005,34,1.6861,118.0,2,33;35,1.7589;1.5467,0.13939999999999997,0.08267599786489531,False
WT-01,w1118_sv_feb_40xx0.75-1,1677,10,9,1.5738222222222225,0.14669785085148468,0.09321119550869518,1.3409,1.8145,0.4736,37,1.6235,102.0,2,36;38,1.6055;1.615,0.018000000000000016,0.01108715737603943,False
WT-01,w1118_sv_feb_40xx0.75-1,1678,3,3,1.6610333333333334,0.028401115001586277,0.01709846180184199,1.6362,1.692,0.05579999999999985,33,1.6549,235.0,1,32,1.692,0.03709999999999991,0.022418273007432418,False
WT-01,w1118_sv_feb_40xx0.75-1,1679,10,10,1.70026,0.16369258586346136,0.09627503197361659,1.4327,1.8942,0.4615,34,1.8301,100.0,2,33;35,1.5422;1.7776,0.28790000000000004,0.1573138079886345,False
WT-01,w1118_sv_feb_40xx0.75-1,1680,11,10,1.74176,0.2025220328205743,0.11627436203643114,1.4131,1.9066,0.49350000000000005,31,1.8925,142.0,2,30;32,1.5356;1.9066,0.3569,0.18858652575957727,False
WT-01,w1118_sv_feb_40xx0.75-1,1681,7,7,1.8448285714285715,0.11561738211713263,0.06267107085597798,1.5836,1.895,0.3114000000000001,33,1.895,149.0,2,32;34,1.8922;1.8921,0.0029000000000001247,0.001530343007915633,False
WT-01,w1118_sv_feb_40xx0.75-1,1682,8,8,1.9400875000000002,0.08729397684180243,0.044994865871669405,1.8921,2.1302,0.23809999999999998,33,2.1302,156.0,2,32;34,1.8925;1.902,0.2376999999999998,0.11158576659468586,False
WT-01,w1118_sv_feb_40xx0.75-1,1683,12,10,1.5013400000000001,0.23544011364062647,0.15681998324205473,1.1696,1.8945,0.7249000000000001,39,1.8945,85.0,2,38;40,1.7788;1.5311,0.36340000000000017,0.19181842174716293,False
WT-01,w1118_sv_feb_40xx0.75-1,1684,5,5,1.6730800000000001,0.11201677106576495,0.0669524296900118,1.6136,1.8731,0.25950000000000006,30,1.8731,135.0,1,31,1.6325,0.24059999999999993,0.12845016283166938,False
WT-01,w1118_sv_feb_40xx0.75-1,1685,8,8,1.8023500000000001,0.26966072864143303,0.14961618367211307,1.1353,1.9164,0.7811000000000001,36,1.9024,156.0,2,35;37,1.8923;1.9164,0.014000000000000012,0.007359125315391091,False
WT-01,w1118_sv_feb_40xx0.75-1,1687,11,9,1.6723,0.03226030843001969,0.019290981540405244,1.6246,1.7135,0.08889999999999998,34,1.7135,91.0,2,33;35,1.7046;1.632,0.08150000000000013,0.0475634665888533,False
WT-01,w1118_sv_feb_40xx0.75-1,1688,6,6,1.7254666666666667,0.3017478726796043,0.17487899274376262,1.1494,1.8963,0.7469000000000001,33,1.8963,183.0,1,32,1.8957,0.000600000000000156,0.0003164056320203322,False
WT-01,w1118_sv_feb_40xx0.75-1,1689,4,4,1.8455500000000002,0.08179993887528275,0.04432279747245143,1.7231,1.8923,0.16920000000000002,33,1.8923,303.0,1,32,1.7231,0.16920000000000002,0.08941499762194156,False
WT-01,w1118_sv_feb_40xx0.75-1,1690,7,7,1.7168857142857143,0.08820992817461892,0.05137786833488646,1.5303,1.7995,0.2692000000000001,32,1.709,122.0,2,31;33,1.7115;1.771,0.06199999999999983,0.03627852545348147,False
WT-01,w1118_sv_feb_40xx0.75-1,1691,6,6,1.6722166666666667,0.189088703170408,0.11307667656926913,1.3379,1.8299,0.492,30,1.8163,157.0,1,31,1.8299,0.013600000000000056,0.0074877498210648335,False
WT-01,w1118_sv_feb_40xx0.75-1,1692,4,3,1.8298666666666665,0.18614253499222932,0.10172464386780239,1.6153,1.9481,0.3328,30,1.9481,184.0,1,31,1.9262,0.02190000000000003,0.011241722704173313,False
WT-01,w1118_sv_feb_40xx0.75-1,1693,4,3,1.6552666666666667,0.16132480693722628,0.09746152096574144,1.4956,1.8182,0.3226,30,1.8182,128.0,1,31,1.652,0.16620000000000013,0.09140908590914097,False
WT-01,w1118_sv_feb_40xx0.75-1,1694,4,4,1.948025,0.06972495368708882,0.03579263802419826,1.9091,2.0525,0.1434000000000002,32,1.9091,211.0,2,31;33,1.9135;2.0525,0.1434000000000002,0.07511392802891424,False
WT-01,w1118_sv_feb_40xx0.75-1,1696,35,31,1.6981612903225807,0.39058652791020104,0.23000555373394815,0.8945,3.1448,2.2503,65,3.1448,175.0,2,64;66,1.6065;1.3981,1.7467000000000001,0.5554248282879675,True
WT-01,w1118_sv_feb_40xx0.75-1,1697,9,8,1.0723875,0.16296846704194037,0.15196789130975544,0.8669,1.3786,0.5117,33,1.3786,48.0,2,32;34,1.0656;1.1448,0.31299999999999994,0.22704192659219494,False
WT-01,w1118_sv_feb_40xx0.75-1,1698,8,8,1.25315,0.19486983934337884,0.15550400139119727,0.8972,1.4901,0.5929,31,1.4901,69.0,2,30;32,1.0727;1.3766,0.4174,0.2801154284947319,False
WT-01,w1118_sv_feb_40xx0.75-1,1699,7,7,1.7694857142857143,0.17136285506269464,0.09684331084405981,1.5333,2.0583,0.5249999999999999,30,2.0583,238.0,1,31,1.9274,0.13090000000000002,0.06359617159792062,False
WT-01,w1118_sv_feb_40xx0.75-1,1701,8,6,1.2967833333333332,0.0936211389947093,0.07219489685609981,1.1377,1.3648,0.22710000000000008,33,1.3648,71.0,2,32;34,1.3648;1.3581,0.006699999999999928,0.004909144196951882,False
WT-01,w1118_sv_feb_40xx0.75-1,1703,10,10,1.8345200000000002,0.13399486557327486,0.0730408311565286,1.5327,1.9192,0.38650000000000007,40,1.9192,132.0,1,39,1.9003,0.018899999999999917,0.009847853272196705,False
WT-01,w1118_sv_feb_40xx0.75-1,1705,8,7,0.38621428571428573,0.017855011301352575,0.046230841172357325,0.3784,0.4266,0.048199999999999965,35,0.3815,16.0,2,34;36,0.3784;0.3784,0.0030999999999999917,0.008125819134993426,False
WT-01,w1118_sv_feb_40xx0.75-1,1708,6,6,1.5114166666666666,0.10440044859418311,0.0690745648745767,1.3697,1.636,0.2663,35,1.4626,103.0,2,34;36,1.4337;1.5919,0.1293000000000002,0.08840421167783413,False
WT-01,w1118_sv_feb_40xx0.75-1,1713,9,8,1.3277625,0.1017384031650361,0.07662394680150712,1.0927,1.4234,0.3307,36,1.4234,93.0,2,35;37,1.3913;1.3513,0.07210000000000005,0.050653365181958725,False
WT-01,w1118_sv_feb_40xx0.75-1,1714,3,3,1.6147,0.008321057625085894,0.005153314934715981,1.6055,1.6217,0.016199999999999992,31,1.6055,107.0,1,32,1.6169,0.011400000000000077,0.00710059171597638,False
WT-01,w1118_sv_feb_40xx0.75-1,1715,10,10,1.58324,0.09068230502388239,0.05727641104562946,1.3394,1.6388,0.2994000000000001,34,1.6135,129.0,2,33;35,1.6268;1.6055,0.01330000000000009,0.008242950108459926,False
WT-01,w1118_sv_feb_40xx0.75-1,1716,10,10,1.5022199999999999,0.26366956509152806,0.1755199405490062,1.0497,1.8731,0.8233999999999999,35,1.6266,125.0,2,34;36,1.6189;1.6119,0.014699999999999935,0.009037255625230502,False
WT-01,w1118_sv_feb_40xx0.75-1,1718,22,20,1.9044300000000003,0.06956122710094663,0.036526008885045196,1.667,2.0374,0.37039999999999984,39,1.9504,202.0,2,38;40,1.9179;1.919,0.03249999999999997,0.016663248564397035,False
WT-01,w1118_sv_feb_40xx0.75-1,1723,8,7,1.8743142857142856,0.04710068748866365,0.025129556898572096,1.7675,1.8922,0.12470000000000003,34,1.8921,141.0,2,33;35,1.8921;1.8922,0.00010000000000021103,5.285132921104119e-05,False
WT-01,w1118_sv_feb_40xx0.75-1,1727,8,7,1.747571428571429,0.0886524245633044,0.05072892765005564,1.5958,1.8541,0.2583,33,1.8541,124.0,1,34,1.8428,0.011300000000000088,0.00609460115419885,False
WT-01,w1118_sv_feb_40xx0.75-1,1730,21,11,1.3286727272727272,0.25570162725688345,0.1924489168839524,0.8354,1.7218,0.8864,31,1.6804,166.0,0,,,,,False
WT-01,w1118_sv_feb_40xx0.75-1,1731,24,23,1.8477217391304348,0.18789527536883108,0.10169024447223173,1.291,1.9822,0.6912,38,1.9364,205.0,2,37;39,1.9487;1.9392,0.0123000000000002,0.0063519933897956005,False
WT-01,w1118_sv_feb_40xx0.75-1,1732,4,3,1.3096,0.21256441376674504,0.16231247233257867,1.0802,1.4999,0.41969999999999996,31,1.3487,51.0,1,32,1.4999,0.1512,0.11210795580929785,False
WT-01,w1118_sv_feb_40xx0.75-1,1733,11,9,1.7345777777777778,0.2935668185344598,0.1692439637446281,1.0792,2.1407,1.0614999999999999,31,2.1407,132.0,1,32,1.8733,0.26739999999999986,0.1249124118279067,False
WT-01,w1118_sv_feb_40xx0.75-1,1734,15,14,1.7154785714285719,0.14758156638369083,0.08602938494346313,1.3773,1.9554,0.5781000000000001,39,1.8355,101.0,2,38;40,1.7494;1.6685,0.16699999999999982,0.09098338327431207,False
WT-01,w1118_sv_feb_40xx0.75-1,1735,14,11,1.2705818181818183,0.260740326064772,0.20521333009304912,0.832,1.6056,0.7736,31,1.6055,91.0,1,32,1.6055,0.0,0.0,False
WT-01,w1118_sv_feb_40xx0.75-1,1736,10,10,1.73857,0.131018955795632,0.07536018440191192,1.6104,1.9778,0.36739999999999995,35,1.9778,211.0,2,34;36,1.7598;1.6366,0.34119999999999995,0.17251491556274645,False
WT-01,w1118_sv_feb_40xx0.75-1,1737,9,9,1.6523777777777777,0.07288363632835866,0.04410833727525505,1.4881,1.6922,0.20409999999999995,35,1.6922,125.0,2,34;36,1.6919;1.6922,0.00029999999999996696,0.00017728400898237026,False
WT-01,w1118_sv_feb_40xx0.75-1,1738,10,9,1.6354666666666668,0.16661007622589932,0.101873110361507,1.2107,1.7888,0.5780999999999998,35,1.6871,119.0,2,34;36,1.6419;1.7888,0.1016999999999999,0.06028095548574471,False
WT-01,w1118_sv_feb_40xx0.75-1,1739,6,6,1.8305666666666667,0.13709847069412068,0.0748940058783914,1.5565,1.9171,0.36060000000000003,36,1.8921,151.0,1,35,1.8334,0.058699999999999974,0.031023730246815696,False
WT-01,w1118_sv_feb_40xx0.75-1,1740,15,13,1.9088153846153848,0.4853748548736221,0.25428066998287646,1.5744,3.4223,1.8478999999999999,35,3.4223,129.0,2,34;36,1.936;1.7141,1.7082,0.499138006603746,True
WT-01,w1118_sv_feb_40xx0.75-1,1741,9,5,1.1192,0.18275550607300453,0.16329119556201263,0.9236,1.42,0.49639999999999995,33,1.42,68.0,2,32;34,1.1114;1.0757,0.34429999999999983,0.24246478873239427,False
WT-01,w1118_sv_feb_40xx0.75-1,1742,8,7,1.646842857142857,0.06619000068345812,0.040192056210082226,1.5994,1.7808,0.1814,35,1.6047,115.0,2,34;36,1.5999;1.6852,0.08050000000000002,0.05016513990153924,False
WT-01,w1118_sv_feb_40xx0.75-1,1743,7,7,1.626042857142857,0.05927508912246522,0.0364535835338426,1.5106,1.7128,0.20220000000000016,34,1.6338,130.0,2,33;35,1.6377;1.6291,0.0046999999999999265,0.0028767290978087444,False
WT-01,w1118_sv_feb_40xx0.75-1,1744,11,10,1.7162000000000002,0.17383355385093074,0.10128979947030109,1.4057,1.9481,0.5424,36,1.9294,111.0,2,35;37,1.7166;1.9481,0.2128000000000001,0.11029335544728937,False
WT-01,w1118_sv_feb_40xx0.75-1,1745,11,8,1.4903499999999998,0.1346298947909734,0.09033441459454049,1.338,1.6397,0.30169999999999986,38,1.6291,87.0,2,37;39,1.6397;1.4554,0.17369999999999997,0.10662328893253942,False
WT-01,w1118_sv_feb_40xx0.75-1,1747,15,8,1.3795,0.17394958218649773,0.1260961088702412,1.1834,1.6481,0.4646999999999999,41,1.6058,62.0,1,40,1.3625,0.24329999999999985,0.15151326441649013,False
WT-01,w1118_sv_feb_40xx0.75-1,1748,8,7,1.570757142857143,0.09851219648928174,0.06271637658135495,1.3482,1.6215,0.2732999999999999,38,1.6085,135.0,1,37,1.6121,0.0036000000000000476,0.0022381100404103497,False
WT-01,w1118_sv_feb_40xx0.75-1,1749,7,7,0.8791571428571426,0.13057542976051378,0.14852342476131306,0.8027,1.0703,0.26760000000000006,33,1.0703,53.0,2,32;34,1.0703;0.8027,0.26760000000000006,0.25002335793702707,False
WT-01,w1118_sv_feb_40xx0.75-1,1751,8,8,1.7144,0.12034122913021716,0.0701943707012466,1.5557,1.8886,0.3329,37,1.7914,202.0,2,36;38,1.8886;1.7237,0.09719999999999995,0.054259238584347405,False
WT-01,w1118_sv_feb_40xx0.75-1,1753,12,12,1.3600916666666665,0.25558433035740363,0.18791698870105839,0.7568,1.5422,0.7854,39,1.518,78.0,2,38;40,1.5155;1.5138,0.0041999999999999815,0.00276679841897232,False
WT-01,w1118_sv_feb_40xx0.75-1,1754,8,4,0.76065,0.006134872995153753,0.00806530335259811,0.7568,0.7698,0.013000000000000012,33,0.7576,23.0,2,32;34,0.7584;0.7698,0.012199999999999989,0.016103484688489954,False
WT-01,w1118_sv_feb_40xx0.75-1,1756,13,7,1.224342857142857,0.2777892357954309,0.2268884358452367,0.7743,1.5064,0.7321,43,1.3815,62.0,2,42;44,1.4687;0.7743,0.6072,0.43952225841476655,True
WT-01,w1118_sv_feb_40xx0.75-1,1758,10,9,1.540288888888889,0.174349960169514,0.11319302594936202,1.1461,1.6404,0.4943000000000002,39,1.6404,105.0,2,38;40,1.6216;1.3494,0.29100000000000015,0.17739575713240682,False
WT-01,w1118_sv_feb_40xx0.75-1,1760,8,7,1.3816714285714284,0.09894312700209336,0.07161118407463564,1.3379,1.6055,0.26759999999999984,34,1.6055,113.0,2,33;35,1.3379;1.3379,0.26759999999999984,0.16667704764870747,False
WT-01,w1118_sv_feb_40xx0.75-1,1762,5,4,2.417775,0.9143260956391142,0.3781683968272954,1.0681,3.0861,2.018,34,2.6969,304.0,2,33;35,2.82;1.0681,1.6287999999999998,0.6039526864177388,True
WT-01,w1118_sv_feb_40xx0.75-1,1767,7,7,1.4608285714285716,0.14385435591001655,0.09847449503903027,1.1598,1.5473,0.38749999999999996,33,1.5287,107.0,2,32;34,1.1598;1.5324,0.3689,0.24131615097795514,False
WT-01,w1118_sv_feb_40xx0.75-1,1769,11,11,2.1320272727272727,0.6195391530660659,0.29058687991057275,1.8943,3.9909,2.0965999999999996,34,3.9909,276.0,2,33;35,2.001;1.9175,2.0734,0.5195319351524719,True
WT-01,w1118_sv_feb_40xx0.75-1,1770,6,6,2.188566666666667,0.5015270348312907,0.22915775994850082,1.7735,2.875,1.1015,36,1.8947,236.0,2,35;37,1.9523;1.8497,0.057599999999999874,0.030400591122605094,False
WT-01,w1118_sv_feb_40xx0.75-1,1771,8,7,1.3014428571428571,0.3419119616565199,0.26271761359322504,0.807,1.6925,0.8854999999999998,35,1.6925,102.0,2,34;36,1.5238;1.5679,0.16869999999999985,0.09967503692762178,False
WT-01,w1118_sv_feb_40xx0.75-1,1774,9,9,1.8311111111111111,0.20004103606788062,0.10924571144483772,1.3334,2.0409,0.7075000000000002,38,1.8921,138.0,2,37;39,1.8921;1.8921,0.0,0.0,False
WT-01,w1118_sv_feb_40xx0.75-1,1775,7,6,1.6280166666666664,0.007981332386679935,0.004902488131784033,1.6166,1.6378,0.021199999999999886,35,1.6241,123.0,2,34;36,1.6378;1.6232,0.013699999999999823,0.00843544116741569,False
WT-01,w1118_sv_feb_40xx0.75-1,1776,4,4,1.55185,0.15070984263367362,0.09711624360194196,1.3522,1.7027,0.35050000000000003,35,1.7027,145.0,1,34,1.6228,0.07990000000000008,0.046925471310271964,False
WT-01,w1118_sv_feb_40xx0.75-1,1777,24,21,1.6521285714285714,0.177896155503308,0.10767694390121454,1.2718,1.8731,0.6013,52,1.8045,126.0,2,51;53,1.6999;1.6269,0.17759999999999998,0.09842061512884455,False
WT-01,w1118_sv_feb_40xx0.75-1,1778,7,7,1.6914,0.18915585284803282,0.11183389668205795,1.5137,1.8921,0.37839999999999985,34,1.8921,129.0,2,33;35,1.8921;1.5793,0.31279999999999997,0.16531895777178796,False
WT-01,w1118_sv_feb_40xx0.75-1,1779,8,8,1.2691625,0.1133175177164968,0.08928527096923901,1.0891,1.3588,0.26970000000000005,36,1.3295,92.0,2,35;37,1.203;1.3496,0.12649999999999983,0.09514855208725073,False
WT-01,w1118_sv_feb_40xx0.75-1,1781,4,4,2.0549999999999997,0.10687584697520137,0.052007711423455665,1.9368,2.1619,0.22510000000000008,33,1.9943,316.0,2,32;34,1.9368;2.1619,0.1676000000000002,0.08403951261094128,False
WT-01,w1118_sv_feb_40xx0.75-1,1782,4,3,1.7416666666666665,0.05072487884000638,0.029124332348329025,1.6966,1.7966,0.09999999999999987,34,1.7966,133.0,2,33;35,1.6966;1.7318,0.09999999999999987,0.05566069241901362,False
WT-01,w1118_sv_feb_40xx0.75-1,1783,9,5,1.1918199999999999,0.1149479316908312,0.09644739280330185,1.0703,1.3213,0.2509999999999999,39,1.2087,41.0,1,38,1.0776,0.13110000000000022,0.10846363862000513,False
WT-01,w1118_sv_feb_40xx0.75-1,1785,8,8,1.6631125,0.13333062489808667,0.08016933604797431,1.3647,1.7922,0.4275,36,1.7811,133.0,2,35;37,1.6861;1.7922,0.09499999999999997,0.05333782493964403,False
WT-01,w1118_sv_feb_40xx0.75-1,1786,7,7,1.6426571428571428,0.16000414429156573,0.09740568504348009,1.2982,1.7888,0.4905999999999999,34,1.7888,114.0,2,33;35,1.7321;1.6924,0.09640000000000004,0.0538908765652952,False
WT-01,w1118_sv_feb_40xx0.75-1,1790,9,9,1.7570333333333332,0.2577207209364431,0.14667947161111142,1.2658,1.948,0.6821999999999999,35,1.7727,135.0,2,34;36,1.8685;1.9279,0.1552,0.08755006487279292,False
WT-01,w1118_sv_feb_40xx0.75-1,1793,7,7,1.8183714285714283,0.19506746452006218,0.1072759181402853,1.376,1.8921,0.5161,34,1.8921,144.0,2,33;35,1.8921;1.8921,0.0,0.0,False
WT-01,w1118_sv_feb_40xx0.75-1,1796,14,8,1.3540999999999999,0.16249799998769213,0.12000443097828235,1.0862,1.6056,0.5193999999999999,37,1.6056,68.0,2,36;38,1.3939;1.0862,0.5193999999999999,0.32349277528649717,True
WT-01,w1118_sv_feb_40xx0.75-1,1797,17,16,2.110275,0.5995638764969083,0.2841164665727966,1.5398,3.7842,2.2443999999999997,41,3.7842,247.0,2,40;42,1.9449;3.4127,1.8392999999999997,0.48604724908831454,True
WT-01,w1118_sv_feb_40xx0.75-1,1800,11,7,0.4735142857142857,0.09079857613735708,0.1917546711402581,0.3825,0.6458,0.26330000000000003,35,0.6458,15.0,1,36,0.4766,0.16920000000000002,0.2620006193868071,False
WT-01,w1118_sv_feb_40xx0.75-1,1804,9,8,1.364525,0.11672311253560712,0.0855412048409572,1.1808,1.5277,0.3469,35,1.387,69.0,2,34;36,1.3053;1.1808,0.20619999999999994,0.1486661860129776,False
WT-01,w1118_sv_feb_40xx0.75-1,1805,8,8,1.6042874999999999,0.12638359339159264,0.07877864372289421,1.526,1.8921,0.36609999999999987,37,1.6822,138.0,2,36;38,1.526;1.5344,0.1561999999999999,0.09285459517298769,False
WT-01,w1118_sv_feb_40xx0.75-1,1809,9,8,1.45845,0.28540472515860194,0.19569044201625146,0.8558,1.7885,0.9327,33,1.7885,178.0,1,34,1.6365,0.1519999999999999,0.08498741962538435,False
WT-01,w1118_sv_feb_40xx0.75-1,1810,3,3,1.2213,0.14895636945092344,0.12196542164163059,1.1353,1.3933,0.258,33,1.3933,39.0,1,34,1.1353,0.258,0.1851718940644513,False
WT-01,w1118_sv_feb_40xx0.75-1,1811,3,3,1.8788666666666665,0.11301050098700262,0.06014822818028739,1.7492,1.9564,0.20719999999999983,35,1.931,149.0,1,34,1.7492,0.18179999999999996,0.09414810978767475,False
WT-01,w1118_sv_feb_40xx0.75-1,1813,5,5,2.4479599999999997,0.3076223463924556,0.12566477654555452,1.952,2.6489,0.6968999999999999,36,2.6489,353.0,2,35;37,2.6489;2.6489,0.0,0.0,False
WT-01,w1118_sv_feb_40xx0.75-1,1817,4,4,1.885225,0.01581336460086848,0.008388051612337244,1.8616,1.8951,0.033500000000000085,33,1.8921,129.0,1,34,1.8921,0.0,0.0,False
WT-01,w1118_sv_feb_40xx0.75-1,1819,22,20,1.35824,0.25991028897638796,0.1913581465546501,0.8028,1.8617,1.0589,54,1.8617,94.0,1,53,1.6324,0.22929999999999984,0.12316699790514038,False
WT-01,w1118_sv_feb_40xx0.75-1,1821,10,10,1.56319,0.11142976312956568,0.07128356957859612,1.3447,1.6251,0.2804,37,1.6151,123.0,2,36;38,1.6123;1.6159,0.0027999999999999137,0.001733638783976171,False
WT-01,w1118_sv_feb_40xx0.75-1,1828,8,8,1.7864625,0.1173277209662868,0.06567600549481828,1.6185,1.9474,0.32889999999999997,39,1.9474,245.0,2,38;40,1.876;1.6923,0.2551000000000001,0.13099517305124786,False
WT-01,w1118_sv_feb_40xx0.75-1,1832,7,6,1.5772166666666667,0.028295046680764924,0.017939860311370192,1.5421,1.6194,0.07729999999999992,35,1.6194,111.0,2,34;36,1.5841;1.5919,0.03529999999999989,0.021798196863035624,False
WT-01,w1118_sv_feb_40xx0.75-1,1837,8,8,1.5844624999999999,0.22496587003048132,0.1419824514814843,1.1392,1.8921,0.7528999999999999,40,1.8921,124.0,2,39;41,1.765;1.5137,0.37839999999999985,0.19998942973415773,False
WT-01,w1118_sv_feb_40xx0.75-1,1838,8,8,1.6199625,0.060976996540850203,0.03764099264078656,1.5347,1.6918,0.15710000000000002,35,1.6484,171.0,2,34;36,1.5841;1.6267,0.06430000000000002,0.03900752244600826,False
WT-01,w1118_sv_feb_40xx0.75-1,1839,6,4,1.170825,0.07969593778857233,0.06806818934390052,1.0782,1.2709,0.19269999999999987,37,1.2709,55.0,2,36;38,1.1524;1.0782,0.19269999999999987,0.15162483279565653,False
WT-01,w1118_sv_feb_40xx0.75-1,1842,8,8,1.76735,0.1184474325838863,0.0670197938064822,1.5489,1.9249,0.3760000000000001,40,1.9249,145.0,2,39;41,1.8033;1.8967,0.12160000000000015,0.06317211283703057,False
WT-01,w1118_sv_feb_40xx0.75-1,1843,3,3,1.6550666666666667,0.20528351939045988,0.12403338398682423,1.5349,1.8921,0.35719999999999996,36,1.8921,89.0,1,35,1.5349,0.35719999999999996,0.1887849479414407,False
WT-01,w1118_sv_feb_40xx0.75-1,1845,4,4,1.773675,0.18122987934296778,0.10217761390500954,1.5137,1.9032,0.38949999999999996,36,1.9032,138.0,2,35;37,1.8921;1.5137,0.38949999999999996,0.20465531736023537,False
WT-01,w1118_sv_feb_40xx0.75-1,1847,6,6,1.6840166666666667,0.08921588236780865,0.052978028147667965,1.5665,1.7957,0.22920000000000007,37,1.5937,118.0,2,36;38,1.6957;1.755,0.1613,0.10121101838489051,False
WT-01,w1118_sv_feb_40xx0.75-1,1848,10,10,1.80246,0.22151764514618497,0.12289739863641078,1.2147,1.9498,0.7351000000000001,44,1.9489,149.0,2,43;45,1.9498;1.9493,0.0008999999999999009,0.00046179896351783103,False
WT-01,w1118_sv_feb_40xx0.75-1,1852,9,8,1.2559624999999999,0.12117549183489448,0.0964801829950293,1.1515,1.4973,0.3458000000000001,36,1.3821,73.0,2,35;37,1.2226;1.4973,0.1595000000000002,0.1154040952174229,False
WT-01,w1118_sv_feb_40xx0.75-1,1853,11,10,1.51721,0.19353908275993134,0.12756248822505215,1.1212,1.697,0.5758000000000001,41,1.697,109.0,2,40;42,1.6421;1.6918,0.05490000000000017,0.03235120801414271,False
WT-01,w1118_sv_feb_40xx0.75-1,1855,10,10,1.66754,0.19044427123031146,0.11420671841773598,1.2058,1.8385,0.6327,41,1.7538,93.0,2,40;42,1.6921;1.5751,0.17870000000000008,0.10189303227277915,False
WT-01,w1118_sv_feb_40xx0.75-1,1858,5,5,1.56444,0.12519801515998566,0.0800273677226264,1.3406,1.6256,0.2849999999999999,37,1.6214,123.0,2,36;38,1.6205;1.6256,0.0041999999999999815,0.002590354015048712,False
WT-01,w1118_sv_feb_40xx0.75-1,1859,15,15,1.61478,0.09623743109028389,0.05959785920700274,1.3524,1.6958,0.3433999999999999,44,1.692,133.0,2,43;45,1.692;1.6624,0.02959999999999985,0.017494089834515277,False
WT-01,w1118_sv_feb_40xx0.75-1,1860,8,8,1.5988375,0.10555350623532801,0.06601890826011275,1.3432,1.6739,0.3307,34,1.6276,124.0,1,35,1.6739,0.04630000000000001,0.028446792823789636,False
WT-01,w1118_sv_feb_40xx0.75-1,1861,6,6,1.7195833333333335,0.08630092506263573,0.05018711416290907,1.5692,1.8274,0.2582,36,1.8274,132.0,2,35;37,1.723;1.7374,0.10439999999999983,0.05713034912991126,False
WT-01,w1118_sv_feb_40xx0.75-1,1863,15,15,1.7614866666666669,0.1446420007499633,0.08211359386765911,1.4201,1.9507,0.5306000000000002,37,1.895,146.0,2,36;38,1.8416;1.8005,0.09450000000000003,0.04986807387862798,False
WT-01,w1118_sv_feb_40xx0.75-1,1865,8,8,1.8817625000000002,0.15202146406252728,0.08078674331246757,1.5402,2.0799,0.5396999999999998,37,2.0799,152.0,2,36;38,1.9148;1.8923,0.18759999999999977,0.0901966440694263,False
WT-01,w1118_sv_feb_40xx0.75-1,1866,4,4,1.692075,0.00024999999999997247,0.0001477475880206093,1.6918,1.6924,0.0005999999999999339,35,1.6921,131.0,2,34;36,1.6918;1.692,0.00029999999999996696,0.0001772944861414615,False
WT-01,w1118_sv_feb_40xx0.75-1,1867,10,10,1.86455,0.10705711092683194,0.05741713063572012,1.6621,2.0082,0.3461000000000001,44,1.7292,146.0,0,,,,,False
WT-01,w1118_sv_feb_40xx0.75-1,1869,16,14,1.5163285714285715,0.15623624827396895,0.10303587970170267,1.0809,1.6487,0.5678000000000001,40,1.6167,81.0,2,39;41,1.6113;1.6211,0.005400000000000071,0.0033401373167563997,False
WT-01,w1118_sv_feb_40xx0.75-1,1870,9,9,1.7989666666666666,0.0960229139320402,0.0533767054783525,1.6064,1.9127,0.3063,39,1.8883,140.0,2,38;40,1.7921;1.8014,0.09620000000000006,0.05094529470952712,False
WT-01,w1118_sv_feb_40xx0.75-1,1871,7,6,3.3324666666666665,1.2026115659957153,0.3608772978961676,1.994,4.5241,2.5301,41,4.4203,421.0,1,40,4.3148,0.10550000000000015,0.023867158337669423,False
WT-01,w1118_sv_feb_40xx0.75-1,1875,7,7,1.6017285714285714,0.09684368357109843,0.06046198169813764,1.425,1.7408,0.31579999999999986,37,1.668,125.0,2,36;38,1.5972;1.5731,0.09489999999999998,0.05689448441247002,False
WT-01,w1118_sv_feb_40xx0.75-1,1877,11,9,1.8227,0.21794892750367,0.11957476683144237,1.2624,1.9339,0.6715,38,1.9007,234.0,2,37;39,1.933;1.9213,0.032299999999999995,0.016993739148734675,False
WT-01,w1118_sv_feb_40xx0.75-1,1881,11,10,1.7259499999999999,0.0686377973293303,0.03976812615042748,1.6265,1.8731,0.24659999999999993,38,1.7108,141.0,2,37;39,1.7498;1.6932,0.038999999999999924,0.02279635258358658,False
WT-01,w1118_sv_feb_40xx0.75-1,1882,4,3,1.8004666666666667,0.23525648414726713,0.13066417085233484,1.5312,1.9662,0.43500000000000005,34,1.9662,90.0,1,35,1.904,0.06220000000000003,0.03163462516529348,False
WT-01,w1118_sv_feb_40xx0.75-1,1885,7,4,1.147825,0.07071903916202484,0.06161134246250503,1.1117,1.2539,0.1422000000000001,41,1.1131,28.0,0,,,,,False
WT-01,w1118_sv_feb_40xx0.75-1,1886,4,3,1.4135666666666669,0.04779438600226323,0.03381120051095095,1.3772,1.4677,0.09050000000000002,35,1.3772,60.0,2,34;36,1.4677;1.3958,0.09050000000000002,0.06571304095265758,False
WT-01,w1118_sv_feb_40xx0.75-1,1887,5,5,1.6242399999999997,0.24129326140611548,0.14855764013083997,1.2069,1.834,0.6271,37,1.834,119.0,2,36;38,1.6781;1.7001,0.15590000000000015,0.08500545256270454,False
WT-01,w1118_sv_feb_40xx0.75-1,1888,15,14,1.5739571428571428,0.0848310149585698,0.05389664854824407,1.302,1.6357,0.3336999999999999,34,1.6076,217.0,1,35,1.6092,0.0016000000000000458,0.0009952724558348134,False
WT-01,w1118_sv_feb_40xx0.75-1,1889,9,9,1.4547888888888887,0.17782880422223815,0.12223684520855592,1.1367,1.583,0.4462999999999999,39,1.5422,113.0,2,38;40,1.5433;1.5531,0.01089999999999991,0.007067825184800875,False
WT-01,w1118_sv_feb_40xx0.75-1,1890,10,8,1.5901,0.015103452774590511,0.009498429516753984,1.566,1.6094,0.04339999999999988,38,1.6065,101.0,2,37;39,1.5921;1.5946,0.014399999999999968,0.00896358543417365,False
WT-01,w1118_sv_feb_40xx0.75-1,1891,10,8,1.5337375,0.18199842964393165,0.11866334991739567,1.0985,1.6605,0.562,40,1.6179,215.0,2,39;41,1.612;1.6605,0.04260000000000019,0.026330428333024413,False
WT-01,w1118_sv_feb_40xx0.75-1,1895,7,7,1.2804714285714287,0.10704464355718929,0.08359783839660895,1.1023,1.3959,0.29359999999999986,36,1.3812,85.0,2,35;37,1.1953;1.2359,0.18589999999999995,0.13459310744280334,False
WT-01,w1118_sv_feb_40xx0.75-1,1896,10,9,1.170388888888889,0.28606501203592005,0.24441876948054117,0.7713,1.5204,0.7491,42,1.4114,59.0,2,41;43,0.8477;0.7713,0.6401,0.45352132634263853,True
WT-01,w1118_sv_feb_40xx0.75-1,1898,9,7,1.5494571428571429,0.08913328703207832,0.057525493649808065,1.4096,1.7034,0.29380000000000006,41,1.7034,88.0,2,40;42,1.6001;1.4096,0.29380000000000006,0.1724785722672303,False
WT-01,w1118_sv_feb_40xx0.75-1,1901,8,8,1.661375,0.2543447814623741,0.15309293895861806,1.1741,1.8921,0.718,37,1.8921,115.0,2,36;38,1.8921;1.8921,0.0,0.0,False
WT-01,w1118_sv_feb_40xx0.75-1,1902,7,7,1.6038142857142856,0.10925231391251214,0.06812030226046702,1.3605,1.6896,0.32909999999999995,38,1.6355,131.0,2,37;39,1.6386;1.6335,0.0031000000000001027,0.0018954448180985037,False
WT-01,w1118_sv_feb_40xx0.75-1,1903,3,3,1.5100333333333333,0.20680353800970938,0.13695296219269512,1.2938,1.7059,0.4120999999999999,35,1.7059,94.0,0,,,,,False
WT-01,w1118_sv_feb_40xx0.75-1,1904,8,8,1.8994749999999998,0.11389450946254734,0.059961046848496215,1.6657,1.9914,0.3257000000000001,38,1.982,215.0,2,37;39,1.9502;1.9503,0.03180000000000005,0.01604439959636733,False
WT-01,w1118_sv_feb_40xx0.75-1,1905,9,8,1.6416624999999998,0.0947716645039916,0.057729079213292386,1.4134,1.6901,0.27669999999999995,38,1.6826,130.0,2,37;39,1.6741;1.6895,0.008500000000000174,0.005051705693569579,False
WT-01,w1118_sv_feb_40xx0.75-1,1907,9,8,1.5869999999999997,0.20637361403878302,0.13004008446048082,1.1501,1.7871,0.637,41,1.7871,158.0,2,40;42,1.7465;1.4676,0.3194999999999999,0.17878126573778744,False
WT-01,w1118_sv_feb_40xx0.75-1,1908,8,8,1.5685375000000001,0.1469085326462888,0.09365956035242307,1.2069,1.6519,0.44499999999999984,39,1.6205,126.0,2,38;40,1.6071;1.6282,0.013400000000000079,0.008269052761493414,False
WT-01,w1118_sv_feb_40xx0.75-1,1909,12,11,1.8113181818181816,0.15380849013095355,0.08491522454468063,1.5137,1.9153,0.40159999999999996,46,1.9077,291.0,1,47,1.8592,0.04849999999999999,0.0254232845835299,False
WT-01,w1118_sv_feb_40xx0.75-1,1916,8,8,1.7322250000000001,0.2764284446289853,0.15957998795132577,1.1371,1.8972,0.7601,36,1.8972,146.0,2,35;37,1.1371;1.8968,0.7601,0.4006430529200928,True
WT-01,w1118_sv_feb_40xx0.75-1,1917,8,7,1.7869285714285712,0.12905867805363716,0.07222374756169486,1.5603,1.9234,0.3631,39,1.8797,137.0,2,38;40,1.7532;1.7991,0.12649999999999983,0.06729797308081069,False
WT-01,w1118_sv_feb_40xx0.75-1,1918,4,3,1.5941333333333334,0.016910450417813635,0.010607927244362853,1.5747,1.6055,0.03079999999999994,40,1.5747,225.0,0,,,,,False
WT-01,w1118_sv_feb_40xx0.75-1,1920,9,8,2.9453875,0.5035888045887665,0.17097539953190083,1.9791,3.3614,1.3823,43,2.4629,274.0,2,42;44,2.7392;1.9791,0.4837999999999998,0.19643509683706192,False
WT-01,w1118_sv_feb_40xx0.75-1,1928,5,5,1.9456599999999997,0.11809389484643137,0.06069605935591593,1.8921,2.1569,0.2647999999999999,37,1.8951,241.0,2,36;38,1.8921;1.8921,0.0030000000000001137,0.001583029919265534,False
WT-01,w1118_sv_feb_40xx0.75-1,1935,7,7,1.5811571428571427,0.10440524982239252,0.06603091305253365,1.3865,1.685,0.2985,39,1.685,125.0,2,38;40,1.5652;1.6366,0.11980000000000013,0.07109792284866476,False
WT-01,w1118_sv_feb_40xx0.75-1,1936,9,9,1.7069111111111113,0.23758189874464575,0.1391882079846514,1.1022,1.8879,0.7856999999999998,41,1.8442,137.0,2,40;42,1.7523;1.8523,0.09190000000000009,0.04983190543325024,False
WT-01,w1118_sv_feb_40xx0.75-1,1937,8,5,1.1809600000000002,0.06508731059123579,0.0551138993625828,1.1408,1.2951,0.15429999999999988,36,1.2951,47.0,1,37,1.1727,0.12239999999999984,0.09451007644197347,False
WT-01,w1118_sv_feb_40xx0.75-1,1939,3,3,1.9019000000000001,0.006934695379034269,0.0036461934796962344,1.8976,1.9099,0.012299999999999978,37,1.8976,143.0,1,36,1.8982,0.000600000000000156,0.0003161888701518529,False
WT-01,w1118_sv_feb_40xx0.75-1,1941,7,7,1.572485714285714,0.10897310721108258,0.06929990283605376,1.3661,1.6629,0.29679999999999995,38,1.5599,133.0,2,37;39,1.6404;1.6629,0.10299999999999998,0.06602987370985318,False
WT-01,w1118_sv_feb_40xx0.75-1,1944,4,4,1.653175,0.02833671058303459,0.017140780971787374,1.6247,1.6903,0.06559999999999988,37,1.6903,104.0,2,36;38,1.6247;1.6584,0.06559999999999988,0.03880967875525048,False
WT-01,w1118_sv_feb_40xx0.75-1,1946,11,10,1.7167100000000002,0.2030680534533518,0.11828908403478268,1.2003,1.9006,0.7003000000000001,39,1.7802,131.0,2,38;40,1.6964;1.8181,0.0838000000000001,0.04707336254353449,False
WT-01,w1118_sv_feb_40xx0.75-1,1949,9,9,1.5535666666666668,0.1079775208087313,0.06950298505078505,1.3463,1.6551,0.30879999999999996,41,1.6207,120.0,2,40;42,1.6116;1.6245,0.009100000000000108,0.0056148577775036144,False
WT-01,w1118_sv_feb_40xx0.75-1,1950,7,7,1.4185142857142856,0.27391207487422814,0.1930978613559053,0.8269,1.5891,0.7622,36,1.5752,109.0,1,37,1.5891,0.013900000000000023,0.008824276282376857,False
WT-01,w1118_sv_feb_40xx0.75-1,1951,8,8,1.4278625,0.19830671725169285,0.13888362307413554,0.9491,1.5919,0.6428,37,1.5919,111.0,2,36;38,1.4935;1.4987,0.09840000000000004,0.061812927947735435,False
WT-01,w1118_sv_feb_40xx0.75-1,1952,8,8,1.84105,0.080697636715263,0.04383239820497162,1.7053,1.8954,0.19009999999999994,39,1.8921,138.0,1,40,1.8921,0.0,0.0,False
WT-01,w1118_sv_feb_40xx0.75-1,1953,5,5,1.9064800000000002,0.028894670788918848,0.015156031423838092,1.8921,1.9581,0.06600000000000006,38,1.8948,261.0,2,37;39,1.8921;1.9581,0.06329999999999991,0.03340721975934131,False
WT-01,w1118_sv_feb_40xx0.75-1,1956,7,7,1.3543,0.11530539160565444,0.08514021384158195,1.0959,1.4162,0.3202999999999998,39,1.4162,93.0,2,38;40,1.4105;1.3751,0.041099999999999914,0.02902132467165649,False
WT-01,w1118_sv_feb_40xx0.75-1,1958,8,7,2.850757142857143,0.72179220430154,0.2531931582141476,1.9698,3.8411,1.8713,43,2.8953,266.0,2,42;44,3.3473;1.9698,0.9255000000000002,0.3196559941974925,True
WT-01,w1118_sv_feb_40xx0.75-1,1960,14,10,1.52867,0.1723865362749913,0.11276896666709708,1.1166,1.6337,0.5170999999999999,45,1.6192,100.0,2,44;46,1.6193;1.6123,0.006899999999999906,0.004261363636363579,False
WT-01,w1118_sv_feb_40xx0.75-1,1963,6,4,1.6085500000000001,0.20298521292613084,0.12619142266397115,1.3084,1.745,0.4366000000000001,41,1.663,107.0,1,40,1.745,0.08200000000000007,0.049308478653036725,False
WT-01,w1118_sv_feb_40xx0.75-1,1964,7,6,1.9652500000000002,0.23251523605991936,0.11831331182288225,1.7785,2.4146,0.6361000000000001,42,1.9872,227.0,1,43,2.4146,0.4274,0.21507648953301126,False
WT-01,w1118_sv_feb_40xx0.75-1,1968,8,7,1.6367,0.26958934202474205,0.1647151842272512,1.1353,1.8922,0.7569000000000001,39,1.8922,86.0,2,38;40,1.8298;1.5233,0.3689,0.1949582496564845,False
WT-01,w1118_sv_feb_40xx0.75-1,1969,7,4,1.5487,0.2479519845991692,0.16010330251124763,1.1787,1.6993,0.5206,37,1.6993,61.0,2,36;38,1.6385;1.6783,0.060799999999999965,0.03577943859236154,False
WT-01,w1118_sv_feb_40xx0.75-1,1971,3,3,1.5630666666666666,0.22045428853468316,0.14103959430266347,1.309,1.7038,0.39480000000000004,39,1.7038,67.0,0,,,,,False
WT-01,w1118_sv_feb_40xx0.75-1,1972,10,10,1.76073,0.15529875187306993,0.08820134368873703,1.6055,1.9859,0.38040000000000007,37,1.7484,198.0,2,36;38,1.8934;1.6592,0.14500000000000002,0.0829329672843743,False
WT-01,w1118_sv_feb_40xx0.75-1,1973,8,8,1.70655,0.395902365308851,0.23198990085778382,0.7684,1.9232,1.1548,41,1.9165,193.0,1,40,1.8927,0.023800000000000043,0.012418471171406232,False
WT-01,w1118_sv_feb_40xx0.75-1,1974,5,5,1.61568,0.030117303996207906,0.01864063675740735,1.5668,1.6376,0.07079999999999997,40,1.6376,100.0,1,39,1.631,0.006599999999999939,0.004030288226673144,False
WT-01,w1118_sv_feb_40xx0.75-1,1975,8,7,1.822314285714286,0.10174771788712564,0.055834341356350584,1.628,1.9252,0.29720000000000013,41,1.8929,233.0,2,40;42,1.7795;1.8741,0.11339999999999995,0.059908077552961035,False
WT-01,w1118_sv_feb_40xx0.75-1,1977,22,22,1.557490909090909,0.1700862859707527,0.10920531540696457,1.0776,1.7189,0.6413000000000002,52,1.6892,126.0,2,51;53,1.6877;1.6827,0.00649999999999995,0.0038479753729575837,False
WT-01,w1118_sv_feb_40xx0.75-1,1978,7,7,1.5656,0.03488791576845294,0.022284054527627068,1.538,1.6427,0.10470000000000002,38,1.5598,120.0,2,37;39,1.6427;1.538,0.08289999999999997,0.05314783946659826,False
WT-01,w1118_sv_feb_40xx0.75-1,1979,7,7,1.6861285714285714,0.10565632516616812,0.06266208102781323,1.5289,1.8468,0.31790000000000007,37,1.8468,150.0,2,36;38,1.6568;1.6232,0.22360000000000002,0.12107429066493396,False
WT-01,w1118_sv_feb_40xx0.75-1,1980,9,8,1.8403375,0.08247461838997151,0.04481494203643164,1.7231,1.9146,0.1915,41,1.9146,149.0,2,40;42,1.7571;1.9054,0.15749999999999997,0.0822626136007521,False
WT-01,w1118_sv_feb_40xx0.75-1,1981,4,3,1.3379,0.0,0.0,1.3379,1.3379,0.0,36,1.3379,79.0,1,37,1.3379,0.0,0.0,False
WT-01,w1118_sv_feb_40xx0.75-1,1984,11,11,1.5981999999999998,0.15830291216525363,0.09905075219950797,1.1602,1.692,0.5318,43,1.6582,150.0,2,42;44,1.6682;1.6259,0.032299999999999995,0.019478953081654805,False
WT-01,w1118_sv_feb_40xx0.75-1,1986,3,3,1.8172,0.15636518154627646,0.08604731540076847,1.637,1.9171,0.2801,38,1.8975,130.0,1,37,1.9171,0.019600000000000062,0.010329380764163405,False
WT-01,w1118_sv_feb_40xx0.75-1,1987,5,5,1.6269199999999997,0.19985047410501683,0.12283976723195784,1.281,1.8008,0.5198,36,1.8008,138.0,1,37,1.6842,0.11660000000000004,0.06474900044424703,False
WT-01,w1118_sv_feb_40xx0.75-1,1988,8,8,1.600725,0.1143850858160401,0.07145829909324843,1.5137,1.7923,0.27859999999999996,40,1.7923,127.0,2,39;41,1.5137;1.5232,0.27859999999999996,0.15544272722200522,False
WT-01,w1118_sv_feb_40xx0.75-1,1989,12,11,1.6590454545454547,0.23502004750078814,0.1416598001319855,1.2041,1.8922,0.6881000000000002,42,1.5558,127.0,2,41;43,1.8922;1.8921,0.33640000000000003,0.2162231649312251,False
WT-01,w1118_sv_feb_40xx0.75-1,1992,7,6,1.8643166666666666,0.16287762788875168,0.08736585945990132,1.5422,1.9928,0.4505999999999999,43,1.9928,232.0,1,42,1.9601,0.03269999999999995,0.01640907266158167,False
WT-01,w1118_sv_feb_40xx0.75-1,1993,7,7,1.5273857142857141,0.14100738075920502,0.09231943145752643,1.2553,1.6799,0.42459999999999987,39,1.6799,143.0,2,38;40,1.6362;1.5845,0.09539999999999993,0.05678909458896359,False
WT-01,w1118_sv_feb_40xx0.75-1,1994,9,9,1.7069333333333332,0.23045743641722655,0.1350125584384627,1.136,1.8928,0.7568000000000001,42,1.8928,121.0,2,41;43,1.7897;1.7443,0.14850000000000008,0.07845519864750637,False
WT-01,w1118_sv_feb_40xx0.75-1,1999,8,8,1.8879625,0.23361361223487934,0.12373848115885741,1.4387,2.2694,0.8307,43,1.9391,235.0,2,42;44,2.2694;1.8921,0.33030000000000004,0.17033675416430305,False
WT-01,w1118_sv_feb_40xx0.75-1,2000,4,4,1.234525,0.25452772442309696,0.20617462135080045,0.9497,1.5163,0.5666,40,1.5163,102.0,1,39,1.3661,0.1501999999999999,0.09905691485853715,False
WT-01,w1118_sv_feb_40xx0.75-1,2001,9,9,1.8224222222222224,0.09267004340370434,0.05084993053404742,1.7057,1.9408,0.2351000000000001,44,1.8927,204.0,2,43;45,1.8939;1.8178,0.07489999999999997,0.03957309663443756,False
WT-01,w1118_sv_feb_40xx0.75-1,2004,19,18,1.7601944444444444,0.14079346355241412,0.07998744911210738,1.4068,1.9566,0.5497999999999998,48,1.7914,289.0,2,47;49,1.7634;1.8048,0.028000000000000025,0.01563023333705483,False
WT-01,w1118_sv_feb_40xx0.75-1,2005,14,11,1.7112181818181817,0.15632913879492727,0.09135546855213192,1.514,1.8942,0.3802000000000001,42,1.8353,107.0,2,41;43,1.8301;1.7053,0.1299999999999999,0.07083310630414641,False
WT-01,w1118_sv_feb_40xx0.75-1,2006,5,5,1.82326,0.2891079780981493,0.15856651168684077,1.3499,2.1433,0.7933999999999999,37,1.8731,185.0,1,38,2.1433,0.2702,0.14425284288078585,False
WT-01,w1118_sv_feb_40xx0.75-1,2007,8,8,1.8577875000000001,0.12772196854887574,0.06874950366975541,1.5442,1.9374,0.3932,38,1.8922,154.0,2,37;39,1.8971;1.8921,0.004899999999999904,0.002589578268681907,False
WT-01,w1118_sv_feb_40xx0.75-1,2010,6,5,1.61596,0.005494360745346157,0.003400059868651549,1.6078,1.6206,0.012800000000000145,42,1.6204,159.0,1,43,1.613,0.007400000000000073,0.00456677363613927,False
WT-01,w1118_sv_feb_40xx0.75-1,2011,3,3,1.4378,0.12003716091277727,0.08348668863039177,1.338,1.571,0.23299999999999987,39,1.4044,97.0,1,38,1.571,0.16659999999999986,0.11862717174594122,False
WT-01,w1118_sv_feb_40xx0.75-1,2012,12,12,1.8835916666666666,0.1227772073778971,0.06518249658386528,1.6761,2.1271,0.45100000000000007,39,1.9174,156.0,2,38;40,1.8916;1.8874,0.030000000000000027,0.015646187545634727,False
WT-01,w1118_sv_feb_40xx0.75-1,2015,5,5,1.7231999999999998,0.057019426514127634,0.033089267939953364,1.6636,1.7864,0.12280000000000002,41,1.7823,228.0,1,42,1.6919,0.09040000000000004,0.05072097851091289,False
WT-01,w1118_sv_feb_40xx0.75-1,2016,5,5,3.958059999999999,0.35247076190799126,0.08905139434672324,3.5175,4.2368,0.7192999999999996,38,4.2258,575.0,1,37,4.177,0.048799999999999955,0.011548109233754546,False
WT-01,w1118_sv_feb_40xx0.75-1,2017,4,4,1.793125,0.1677417136552503,0.09354713902000714,1.5605,1.9181,0.3575999999999999,41,1.9136,130.0,0,,,,,False
WT-01,w1118_sv_feb_40xx0.75-1,2022,6,6,1.5679666666666667,0.2767785444478431,0.17652068142254923,1.0954,1.7957,0.7003000000000001,41,1.7957,129.0,2,40;42,1.7348;1.7302,0.06550000000000011,0.03647602606225991,False
WT-01,w1118_sv_feb_40xx0.75-1,2023,9,9,1.8097333333333334,0.19937573197357794,0.11016856920370106,1.3866,1.9459,0.5592999999999999,39,1.9459,262.0,2,38;40,1.547;1.8921,0.39890000000000003,0.20499511794028472,False
WT-01,w1118_sv_feb_40xx0.75-1,2024,3,3,1.7035,0.19976508703975285,0.11726744176093504,1.5142,1.9123,0.3981000000000001,39,1.684,138.0,1,38,1.9123,0.22830000000000017,0.13557007125890747,False
WT-01,w1118_sv_feb_40xx0.75-1,2025,5,5,1.43692,0.31025788789328146,0.21591869268524447,0.9293,1.6662,0.7368999999999999,40,1.6662,88.0,2,39;41,1.6451;1.5924,0.07379999999999987,0.04429240187252423,False
WT-01,w1118_sv_feb_40xx0.75-1,2026,8,8,1.6161625000000002,0.07352371701897094,0.04549277502662692,1.4682,1.6783,0.21009999999999995,43,1.6783,130.0,1,42,1.6605,0.017799999999999816,0.010605970327116616,False
WT-01,w1118_sv_feb_40xx0.75-1,2027,6,6,1.5483166666666666,0.10320979443185933,0.06665935764552429,1.3822,1.6346,0.25239999999999996,41,1.6346,125.0,2,40;42,1.6055;1.6055,0.029100000000000126,0.017802520494310612,False
WT-01,w1118_sv_feb_40xx0.75-1,2028,8,8,1.2836875,0.2860873265156238,0.2228636849043274,0.796,1.6952,0.8992,41,1.6952,71.0,2,40;42,1.3431;1.4918,0.3521000000000001,0.20770410571024073,False
WT-01,w1118_sv_feb_40xx0.75-1,2029,7,7,1.8978714285714287,0.2048502031101891,0.10793681807222555,1.5579,2.2667,0.7088000000000001,40,1.8921,144.0,2,39;41,1.8921;1.8921,0.0,0.0,False
WT-01,w1118_sv_feb_40xx0.75-1,2031,10,9,1.334077777777778,0.3043594494088272,0.22814220765734503,0.7867,1.7084,0.9217,41,1.7084,93.0,2,40;42,1.5189;1.5155,0.19289999999999985,0.11291266682275805,False
WT-01,w1118_sv_feb_40xx0.75-1,2033,10,8,1.4485375,0.09601952089474904,0.06628721789718874,1.3407,1.6063,0.26560000000000006,42,1.6063,105.0,2,41;43,1.5084;1.4354,0.17090000000000005,0.10639357529726703,False
WT-01,w1118_sv_feb_40xx0.75-1,2036,6,5,1.391,0.15759389264816062,0.11329539370823913,1.1624,1.5471,0.3846999999999998,41,1.529,84.0,2,40;42,1.5471;1.3306,0.1983999999999999,0.1297580117724002,False
WT-01,w1118_sv_feb_40xx0.75-1,2037,5,3,1.2919666666666667,0.1123335361026854,0.08694770461262061,1.1625,1.3636,0.20109999999999983,39,1.3498,68.0,1,40,1.3636,0.013799999999999812,0.01022373684990355,False
WT-01,w1118_sv_feb_40xx0.75-1,2039,10,9,1.613288888888889,0.11644710649522858,0.07217994699971467,1.3219,1.6922,0.37029999999999985,44,1.6921,101.0,2,43;45,1.6871;1.6922,0.004999999999999893,0.0029549081023579537,False
WT-01,w1118_sv_feb_40xx0.75-1,2040,10,9,1.4205444444444444,0.21662691494312925,0.15249569683674985,1.072,1.6055,0.5334999999999999,41,1.343,94.0,2,40;42,1.4935;1.6055,0.26249999999999996,0.195457930007446,False
WT-01,w1118_sv_feb_40xx0.75-1,2041,5,5,1.58104,0.12506033743757444,0.07910004644890353,1.3861,1.6918,0.30569999999999986,42,1.5279,122.0,1,41,1.6541,0.12619999999999987,0.08259702860134817,False
WT-01,w1118_sv_feb_40xx0.75-1,2043,8,6,1.1128666666666667,0.12202407412747159,0.10964842220763636,0.9732,1.3379,0.36470000000000014,44,1.1288,44.0,2,43;45,0.9732;1.0703,0.15560000000000007,0.13784549964564144,False
WT-01,w1118_sv_feb_40xx0.75-1,2048,6,6,1.8241500000000002,0.11281639508511165,0.061846007776285745,1.6318,1.9301,0.2983,40,1.8659,227.0,2,39;41,1.9147;1.7542,0.11169999999999991,0.05986387266198613,False
WT-01,w1118_sv_feb_40xx0.75-1,2049,6,4,1.688725,0.12589425125874493,0.07454988305303997,1.6125,1.8769,0.26439999999999997,38,1.6383,109.0,1,39,1.8769,0.23859999999999992,0.14563877189769878,False
WT-01,w1118_sv_feb_40xx0.75-1,2051,12,10,1.73536,0.158923085519729,0.09157931813556207,1.3582,1.8921,0.5338999999999998,43,1.8053,125.0,2,42;44,1.8781;1.7728,0.0728000000000002,0.04032570763861973,False
WT-01,w1118_sv_feb_40xx0.75-1,2057,11,9,1.6439222222222223,0.1359399847154782,0.08269246736729256,1.3381,1.7997,0.4616,43,1.6622,122.0,2,42;44,1.6409;1.7616,0.09940000000000015,0.05980026470942135,False
WT-01,w1118_sv_feb_40xx0.75-1,2059,6,3,1.3502666666666665,0.2823801751776022,0.20912919066179686,1.0703,1.635,0.5647,43,1.635,75.0,1,42,1.3455,0.2895000000000001,0.1770642201834863,False
WT-01,w1118_sv_feb_40xx0.75-1,2060,5,5,1.59506,0.1922583236169503,0.12053359974982152,1.2516,1.6925,0.44089999999999985,38,1.6652,112.0,1,39,1.6925,0.02729999999999988,0.01639442709584427,False
WT-01,w1118_sv_feb_40xx0.75-1,2061,5,5,1.67618,0.20791706760148382,0.12404220763968297,1.3163,1.823,0.5066999999999999,43,1.8049,232.0,1,42,1.689,0.11589999999999989,0.06421408388276353,False
WT-01,w1118_sv_feb_40xx0.75-1,2065,17,10,1.46975,0.1915142422902276,0.13030395801342243,1.1416,1.7888,0.6472,38,1.3638,104.0,0,,,,,False
WT-01,w1118_sv_feb_40xx0.75-1,2071,12,11,1.6295454545454542,0.18407525289205154,0.11296110358786987,1.0914,1.7892,0.6978,45,1.6451,121.0,2,44;46,1.6775;1.7892,0.1440999999999999,0.08759345936417233,False
WT-01,w1118_sv_feb_40xx0.75-1,2074,6,6,1.7820833333333332,0.08403088519506785,0.04715317382935769,1.6925,1.9215,0.2290000000000001,40,1.84,144.0,2,39;41,1.7263;1.9215,0.11370000000000013,0.06179347826086964,False
WT-01,w1118_sv_feb_40xx0.75-1,2075,6,5,1.72878,0.33279247587648375,0.1925013453860432,1.1353,1.8925,0.7572000000000001,42,1.8925,90.0,1,41,1.8319,0.06059999999999999,0.03202113606340818,False
WT-01,w1118_sv_feb_40xx0.75-1,2076,6,6,1.8103166666666664,0.07040262542452994,0.03888967423260937,1.7465,1.9005,0.15400000000000014,42,1.7503,188.0,2,41;43,1.9005;1.8921,0.1502000000000001,0.08581386048106046,False
WT-01,w1118_sv_feb_40xx0.75-1,2082,6,6,1.35625,0.34040892908382997,0.2509927587714875,0.7919,1.6823,0.8903999999999999,43,1.6823,106.0,1,42,1.6317,0.05059999999999998,0.030077869583308554,False
WT-01,w1118_sv_feb_40xx0.75-1,2085,4,4,1.5146249999999999,0.3090079003844401,0.20401610985190402,1.1353,1.8922,0.7569000000000001,41,1.8922,88.0,1,40,1.5138,0.37840000000000007,0.1999788605855618,False
WT-01,w1118_sv_feb_40xx0.75-1,2086,4,3,1.7666000000000002,0.217458984638483,0.12309463638542001,1.5155,1.8922,0.37670000000000003,42,1.8921,85.0,1,41,1.8922,0.00010000000000021103,5.285132921104119e-05,False
WT-01,w1118_sv_feb_40xx0.75-1,2088,11,9,1.4164111111111108,0.3248995130976824,0.22938221152671792,0.7883,1.783,0.9946999999999999,42,1.5406,104.0,2,41;43,1.5564;1.602,0.06140000000000012,0.0398546021030768,False
WT-01,w1118_sv_feb_40xx0.75-1,2089,8,7,1.5392714285714288,0.09450636158985479,0.06139681399632325,1.3488,1.6367,0.28790000000000004,41,1.599,116.0,2,40;42,1.6367;1.5662,0.03770000000000007,0.023577235772357766,False
WT-01,w1118_sv_feb_40xx0.75-1,2090,8,6,1.2967333333333333,0.1737894895172509,0.13402099340695922,1.1072,1.5137,0.4065000000000001,44,1.4955,56.0,2,43;45,1.1948;1.1625,0.33299999999999996,0.22266800401203607,False
WT-01,w1118_sv_feb_40xx0.75-1,2092,7,6,1.5018666666666667,0.3129222501943041,0.208355546560483,0.902,1.8352,0.9331999999999999,44,1.5928,128.0,1,43,1.5545,0.0383,0.02404570567553993,False
WT-01,w1118_sv_feb_40xx0.75-1,2093,12,8,0.9607625000000002,0.2857750760775734,0.29744611813801364,0.4766,1.3529,0.8763,46,1.3529,42.0,2,45;47,1.209;1.1573,0.1956,0.14457831325301204,False
WT-01,w1118_sv_feb_40xx0.75-1,2095,8,7,1.4695714285714285,0.3964055150738349,0.2697422577541406,0.5719,1.6526,1.0807000000000002,44,1.6526,116.0,2,43;45,1.6273;1.581,0.07160000000000011,0.043325668643349934,False
WT-01,w1118_sv_feb_40xx0.75-1,2096,5,4,1.3002,0.31692439687302926,0.24375049751809663,0.9346,1.5722,0.6376000000000001,42,1.5722,90.0,1,41,1.5583,0.013900000000000023,0.008841114362040468,False
WT-01,w1118_sv_feb_40xx0.75-1,2097,6,6,1.8922333333333332,0.00028047578623955526,0.00014822473597665296,1.8921,1.8928,0.000700000000000145,39,1.8921,131.0,1,40,1.8921,0.0,0.0,False
WT-01,w1118_sv_feb_40xx0.75-1,2098,6,6,1.8315166666666667,0.15575316904213107,0.08504054146861767,1.5137,1.903,0.3893,39,1.903,162.0,1,40,1.8921,0.010900000000000132,0.005727798213347415,False
WT-01,w1118_sv_feb_40xx0.75-1,2100,9,6,1.0595166666666667,0.21056340058677497,0.19873533584820907,0.694,1.3529,0.6589,41,1.3529,61.0,1,42,1.0827,0.2702,0.19971912188631827,False
WT-01,w1118_sv_feb_40xx0.75-1,2103,10,9,1.8055444444444444,0.15714015329564168,0.08703200509915601,1.5459,1.9432,0.3973,43,1.9141,121.0,2,42;44,1.9209;1.7636,0.15049999999999986,0.07862703098061745,False
WT-01,w1118_sv_feb_40xx0.75-1,2104,7,7,1.7882142857142858,0.3431157308575414,0.1918761826245488,1.3486,2.2614,0.9128000000000001,39,2.2614,229.0,1,40,1.8735,0.38790000000000013,0.17153091005571774,False
WT-01,w1118_sv_feb_40xx0.75-1,2105,10,10,1.9255099999999998,0.0388205114741049,0.020161158069345216,1.8717,2.0119,0.14019999999999988,43,1.9486,192.0,2,42;44,1.9163;1.9333,0.03230000000000022,0.01657600328440943,False
WT-01,w1118_sv_feb_40xx0.75-1,2107,5,4,1.6286,0.22205539849325878,0.13634741403245657,1.3585,1.8799,0.5213999999999999,39,1.8799,94.0,1,40,1.7143,0.16559999999999997,0.0880897920102133,False
WT-01,w1118_sv_feb_40xx0.75-1,2110,9,9,1.580388888888889,0.28302856500910134,0.17908792386416225,0.8458,1.804,0.9582,41,1.7378,178.0,1,42,1.804,0.06620000000000004,0.038094142018644285,False
WT-01,w1118_sv_feb_40xx0.75-1,2111,5,5,1.65792,0.051569923405023574,0.031105194101659652,1.5676,1.6894,0.12179999999999991,42,1.6807,119.0,2,41;43,1.6886;1.6633,0.017400000000000082,0.010352829178318606,False
WT-01,w1118_sv_feb_40xx0.75-1,2114,13,10,1.66853,0.16278862948280165,0.09756410102473533,1.3484,1.8749,0.5265,43,1.7724,113.0,2,42;44,1.8626;1.7423,0.09020000000000006,0.050891446626043814,False
WT-01,w1118_sv_feb_40xx0.75-1,2117,5,3,1.6503333333333334,0.4237751447800276,0.25678154601900277,1.161,1.8952,0.7342,43,1.8952,112.0,1,42,1.8948,0.00039999999999995595,0.00021105951878427394,False
WT-01,w1118_sv_feb_40xx0.75-1,2121,5,4,1.750675,0.11738689236878198,0.06705236115714337,1.5973,1.8829,0.2856000000000001,42,1.7539,115.0,2,41;43,1.8829;1.7686,0.129,0.0735503734534466,False
WT-01,w1118_sv_feb_40xx0.75-1,2122,15,13,1.442592307692308,0.23089702416711821,0.16005701883748466,0.8027,1.6334,0.8307,50,1.5658,112.0,2,49;51,1.5106;1.3747,0.19110000000000005,0.1220462383446162,False
WT-01,w1118_sv_feb_40xx0.75-1,2126,14,14,1.765507142857143,0.2822082904094495,0.15984545378431503,0.8892,1.9601,1.0709,45,1.8614,228.0,2,44;46,1.9601;1.9115,0.09870000000000001,0.05302460513591921,False
WT-01,w1118_sv_feb_40xx0.75-1,2130,10,9,1.5319111111111112,0.1914748902888081,0.1249908620023843,1.0944,1.6673,0.5729,43,1.6208,130.0,2,42;44,1.617;1.6249,0.0040999999999999925,0.0025296150049358293,False
WT-01,w1118_sv_feb_40xx0.75-1,2131,6,6,1.555483333333333,0.18880298108522187,0.12137898043602004,1.1785,1.696,0.5174999999999998,39,1.696,197.0,1,40,1.6345,0.06149999999999989,0.03626179245283012,False
WT-01,w1118_sv_feb_40xx0.75-1,2132,10,10,1.54466,0.104609891183068,0.06772357100142945,1.3872,1.6379,0.2506999999999999,43,1.6347,114.0,2,42;44,1.5636;1.6379,0.07109999999999994,0.043494219122774784,False
WT-01,w1118_sv_feb_40xx0.75-1,2133,5,4,1.48635,0.09456759487266245,0.06362404203092303,1.3513,1.5556,0.20430000000000015,41,1.5478,98.0,2,40;42,1.5556;1.3513,0.19650000000000012,0.12695438687168892,False
WT-01,w1118_sv_feb_40xx0.75-1,2134,13,12,1.6632916666666668,0.16720878325306265,0.10052884085456808,1.3619,1.9255,0.5635999999999999,40,1.8287,190.0,2,39;41,1.7211;1.794,0.10759999999999992,0.05883961283972216,False
WT-01,w1118_sv_feb_40xx0.75-1,2135,10,9,1.3221222222222222,0.18145251291851663,0.13724337271446158,0.9895,1.4973,0.5078,43,1.4973,98.0,1,42,1.4079,0.08940000000000015,0.05970747345221408,False
WT-01,w1118_sv_feb_40xx0.75-1,2136,14,14,1.7767714285714287,0.15610404039797127,0.087858256772782,1.502,1.9454,0.4434,52,1.9309,155.0,1,51,1.8925,0.03839999999999999,0.019887099280128433,False
WT-01,w1118_sv_feb_40xx0.75-1,2141,9,8,1.7741125,0.30384681496485316,0.17126693767438828,1.3537,2.431,1.0773000000000001,46,1.6838,215.0,2,45;47,1.8165;1.6082,0.13270000000000004,0.07880983489725624,False
WT-01,w1118_sv_feb_40xx0.75-1,2142,3,3,1.6064666666666667,0.001001665280087778,0.0006235207370758463,1.6055,1.6075,0.0020000000000000018,42,1.6055,100.0,1,41,1.6064,0.0009000000000001229,0.0005605730302087344,False
WT-01,w1118_sv_feb_40xx0.75-1,2143,11,9,1.6399333333333335,0.08257460263301299,0.05035241430526423,1.487,1.7985,0.3114999999999999,45,1.6422,225.0,2,44;46,1.6299;1.639,0.0123000000000002,0.007489952502740348,False
WT-01,w1118_sv_feb_40xx0.75-1,2147,9,9,1.5929111111111112,0.09644129619157508,0.06054405391415966,1.3436,1.6837,0.34010000000000007,40,1.6227,157.0,1,41,1.6837,0.06099999999999994,0.03759166820730877,False
WT-01,w1118_sv_feb_40xx0.75-1,2148,7,7,1.842,0.0884003393658644,0.04799149802707079,1.7014,1.9758,0.2744,41,1.9758,203.0,2,40;42,1.8673;1.8617,0.11410000000000009,0.057748759995951054,False
WT-01,w1118_sv_feb_40xx0.75-1,2149,16,14,1.62675,0.05077144488178973,0.031210354929638685,1.4893,1.6985,0.20919999999999983,47,1.6578,190.0,2,46;48,1.6313;1.6685,0.026499999999999968,0.015985040415007822,False
WT-01,w1118_sv_feb_40xx0.75-1,2150,17,16,1.69649375,0.2136865444796809,0.1259577552111117,1.1353,1.8944,0.7591000000000001,48,1.893,217.0,2,47;49,1.7054;1.7173,0.1876,0.09910195456946645,False
WT-01,w1118_sv_feb_40xx0.75-1,2151,9,9,1.5379777777777779,0.16157878711156495,0.10505924691904843,1.1806,1.6292,0.4485999999999999,44,1.6292,131.0,2,43;45,1.6215;1.6222,0.00770000000000004,0.004726246010311834,False
WT-01,w1118_sv_feb_40xx0.75-1,2153,8,8,1.8233875,0.13586985829409387,0.07451507608453709,1.5146,1.9473,0.4327000000000001,48,1.8688,138.0,1,47,1.8921,0.023299999999999876,0.012467893835616372,False
WT-01,w1118_sv_feb_40xx0.75-1,2155,8,7,2.1345,0.36265694073968396,0.1699025255280787,1.6947,2.8051,1.1103999999999998,40,2.8051,260.0,0,,,,,False
WT-01,w1118_sv_feb_40xx0.75-1,2160,10,10,2.38117,0.9273594784835777,0.3894553847409373,1.0847,3.3842,2.2995,45,3.3326,253.0,2,44;46,3.3842;3.2372,0.09539999999999971,0.028626297785512726,False
WT-01,w1118_sv_feb_40xx0.75-1,2164,6,4,1.47345,0.2641,0.17923920051579628,1.0773,1.6055,0.5282,45,1.6055,97.0,1,44,1.6055,0.0,0.0,False
WT-01,w1118_sv_feb_40xx0.75-1,2165,10,9,1.7563444444444445,0.111783653893482,0.06364563297767066,1.561,1.9056,0.3446,44,1.8413,134.0,1,45,1.775,0.06630000000000003,0.03600716884809647,False
WT-01,w1118_sv_feb_40xx0.75-1,2168,3,3,1.7599,0.06625639591767728,0.037647818579281365,1.6885,1.8194,0.13090000000000002,42,1.8194,137.0,1,41,1.7718,0.047599999999999865,0.026162471144333222,False
WT-01,w1118_sv_feb_40xx0.75-1,2169,3,3,1.9101666666666668,0.027038922562360606,0.014155268770104147,1.8792,1.9291,0.049900000000000055,40,1.9222,252.0,1,41,1.8792,0.04299999999999993,0.02237020081157004,False
WT-01,w1118_sv_feb_40xx0.75-1,2170,6,5,1.6946,0.05590894382833574,0.03299241344761934,1.5969,1.7382,0.14129999999999998,40,1.7382,117.0,1,41,1.7169,0.021299999999999875,0.012254055919917083,False
WT-01,w1118_sv_feb_40xx0.75-1,2171,9,9,1.6684666666666665,0.4111350477641136,0.24641490056585705,0.6418,1.9561,1.3142999999999998,44,1.8841,141.0,2,43;45,1.8841;1.9561,0.07199999999999984,0.038214532137359924,False
WT-01,w1118_sv_feb_40xx0.75-1,2173,4,4,1.8167,0.1277042677438777,0.07029463738860445,1.6429,1.9498,0.30689999999999995,43,1.9498,235.0,1,42,1.8464,0.10339999999999994,0.05303108011078056,False
WT-01,w1118_sv_feb_40xx0.75-1,2175,11,10,1.81832,0.17829208121008128,0.09805319262290536,1.4177,1.9494,0.5317000000000001,48,1.893,114.0,2,47;49,1.8924;1.9049,0.011900000000000022,0.006286318013734824,False
WT-01,w1118_sv_feb_40xx0.75-1,2176,17,16,1.6045,0.18479056252958373,0.11517018543445542,1.1891,1.8915,0.7023999999999999,52,1.8292,196.0,2,51;53,1.8196;1.8915,0.06230000000000002,0.03405860485458125,False
WT-01,w1118_sv_feb_40xx0.75-1,2179,10,9,1.680688888888889,0.08835327447871476,0.05256967845912607,1.5031,1.7978,0.29469999999999996,46,1.7281,109.0,2,45;47,1.71;1.6315,0.09660000000000002,0.0558995428505295,False
WT-01,w1118_sv_feb_40xx0.75-1,2184,9,8,1.352625,0.13793613170076732,0.10197662448998601,1.1196,1.5117,0.3921000000000001,43,1.5117,87.0,1,44,1.3564,0.1553,0.10273202354964608,False
WT-01,w1118_sv_feb_40xx0.75-1,2188,7,7,1.753885714285714,0.1411534676462871,0.0804804249767056,1.5572,1.8921,0.3349,42,1.8921,136.0,2,41;43,1.5572;1.763,0.3349,0.17699910152740342,False
WT-01,w1118_sv_feb_40xx0.75-1,2190,9,9,1.8394888888888892,0.2980882018985506,0.16204947129558664,1.4406,2.4894,1.0487999999999997,42,2.4894,171.0,2,41;43,1.9501;2.0459,0.5392999999999999,0.21663854744115044,True
WT-01,w1118_sv_feb_40xx0.75-1,2194,4,3,1.6530666666666667,0.00959652714961681,0.005805287435241658,1.6424,1.661,0.01859999999999995,44,1.6424,112.0,2,43;45,1.6558;1.661,0.01859999999999995,0.01132489040428638,False
WT-01,w1118_sv_feb_40xx0.75-1,2196,11,11,1.753309090909091,0.2780814177702115,0.15860376200184204,1.0145,1.9353,0.9208000000000001,45,1.9353,116.0,2,44;46,1.8922;1.8921,0.04320000000000013,0.022322120601457204,False
WT-01,w1118_sv_feb_40xx0.75-1,2197,5,5,1.5230599999999999,0.08417608330161251,0.05526773948604291,1.376,1.5907,0.2147000000000001,45,1.5907,124.0,1,44,1.5463,0.044399999999999995,0.027912239894386116,False
WT-01,w1118_sv_feb_40xx0.75-1,2205,7,6,1.8921,0.0,0.0,1.8921,1.8921,0.0,42,1.8921,115.0,2,41;43,1.8921;1.8921,0.0,0.0,False
WT-01,w1118_sv_feb_40xx0.75-1,2211,5,5,1.72196,0.2905145831107278,0.1687115746653394,1.2088,1.9088,0.7,42,1.8585,254.0,2,41;43,1.9088;1.8536,0.05030000000000001,0.027064837234328766,False
WT-01,w1118_sv_feb_40xx0.75-1,2212,9,9,1.5668,0.18125793775721932,0.11568671033777082,1.0843,1.6365,0.5522,46,1.6307,120.0,2,45;47,1.6329;1.6331,0.0023999999999999577,0.00147176059361008,False
WT-01,w1118_sv_feb_40xx0.75-1,2214,3,3,1.5159666666666667,0.16332343167265786,0.10773550320323085,1.3274,1.6128,0.2854000000000001,41,1.6077,65.0,1,42,1.6128,0.0051000000000001044,0.003172233625676497,False
WT-01,w1118_sv_feb_40xx0.75-1,2215,8,7,1.678157142857143,0.09975257485637246,0.05944173659836106,1.6124,1.8888,0.2764,46,1.6348,120.0,2,45;47,1.624;1.7211,0.08630000000000004,0.0527893320283827,False
WT-01,w1118_sv_feb_40xx0.75-1,2216,5,5,1.52716,0.2531958490970971,0.16579523369987237,1.1603,1.7278,0.5674999999999999,41,1.6925,150.0,1,42,1.7278,0.03530000000000011,0.020856720827178796,False
WT-01,w1118_sv_feb_40xx0.75-1,2218,9,7,1.8209,0.06429987039903998,0.035312137074545544,1.7428,1.9412,0.19840000000000013,47,1.8486,137.0,2,46;48,1.7643;1.9412,0.09260000000000002,0.05009196148436656,False
WT-01,w1118_sv_feb_40xx0.75-1,2220,8,8,1.5639500000000002,0.13179571855174743,0.08427105633284147,1.3501,1.6809,0.3308,46,1.6809,127.0,2,45;47,1.5614;1.6055,0.11950000000000016,0.07109286691653291,False
WT-01,w1118_sv_feb_40xx0.75-1,2221,8,8,1.5479874999999998,0.1607478365773105,0.10384311021717586,1.154,1.6236,0.4696,46,1.6222,115.0,2,45;47,1.6073;1.6236,0.014900000000000135,0.009185057329552543,False
WT-01,w1118_sv_feb_40xx0.75-1,2222,9,4,1.1152250000000001,0.10678531031935054,0.0957522565575113,0.9645,1.2165,0.2519999999999999,47,1.2165,33.0,2,46;48,1.1424;1.1375,0.07899999999999996,0.06494040279490339,False
WT-01,w1118_sv_feb_40xx0.75-1,2223,14,12,1.5001083333333334,0.1686751070621395,0.1124419505672187,1.1848,1.6918,0.5069999999999999,48,1.5828,90.0,2,47;49,1.5878;1.6036,0.02079999999999993,0.013141268637856918,False
WT-01,w1118_sv_feb_40xx0.75-1,2224,8,7,2.986385714285714,1.0883652365337833,0.36444228598049644,0.5539,3.533,2.9791,45,3.5205,196.0,2,44;46,3.5221;3.4063,0.1142000000000003,0.03243857406618386,False
WT-01,w1118_sv_feb_40xx0.75-1,2226,6,6,1.1670166666666664,0.20107566154725606,0.17229887737729205,0.7874,1.3329,0.5455,44,1.2056,85.0,2,43;45,1.2819;1.2809,0.07630000000000003,0.06328798938287993,False
WT-01,w1118_sv_feb_40xx0.75-1,2229,10,10,1.54527,0.33188288111588066,0.21477339307427223,0.8931,1.781,0.8878999999999999,48,1.696,126.0,2,47;49,1.6918;1.651,0.04499999999999993,0.026533018867924488,False
WT-01,w1118_sv_feb_40xx0.75-1,2230,9,9,1.6614333333333333,0.09831126588545178,0.05917256137398538,1.5752,1.8921,0.31689999999999996,46,1.6086,209.0,2,45;47,1.8921;1.6055,0.28349999999999986,0.1762402088772845,False
WT-01,w1118_sv_feb_40xx0.75-1,2232,7,7,1.608385714285714,0.07586444992158556,0.04716806997709318,1.4916,1.689,0.19740000000000002,44,1.689,101.0,2,43;45,1.653;1.6412,0.047800000000000065,0.02830076968620489,False
WT-01,w1118_sv_feb_40xx0.75-1,2234,7,7,1.4683428571428574,0.1429276373687382,0.09733941679455628,1.1816,1.5867,0.4051,45,1.5345,95.0,2,44;46,1.5613;1.5638,0.029300000000000104,0.019094167481264322,False
WT-01,w1118_sv_feb_40xx0.75-1,2239,7,7,1.7309142857142856,0.20169640906216307,0.11652593703040025,1.5137,1.8942,0.38050000000000006,48,1.8942,142.0,1,47,1.8921,0.002100000000000213,0.001108647450110977,False
WT-01,w1118_sv_feb_40xx0.75-1,2242,14,13,1.5969538461538462,0.18105365970426476,0.11337438470142396,1.1519,1.8926,0.7407000000000001,47,1.6814,83.0,2,46;48,1.6246;1.7215,0.05679999999999996,0.03378137266563576,False
WT-01,w1118_sv_feb_40xx0.75-1,2246,5,4,1.4916,0.09487721890246718,0.06360768228913058,1.3938,1.5779,0.18410000000000015,43,1.3938,220.0,2,42;44,1.5779;1.4269,0.18410000000000015,0.13208494762519743,False
WT-01,w1118_sv_feb_40xx0.75-1,2250,7,7,1.7457285714285713,0.08760050826119135,0.050179913243618264,1.6698,1.9165,0.24670000000000014,46,1.7904,136.0,2,45;47,1.6698;1.7669,0.12060000000000004,0.06735924932975873,False
WT-01,w1118_sv_feb_40xx0.75-1,2251,4,3,1.8921,0.0,0.0,1.8921,1.8921,0.0,45,1.8921,175.0,1,44,1.8921,0.0,0.0,False
WT-01,w1118_sv_feb_40xx0.75-1,2255,4,4,1.5481,0.37851826904391295,0.24450505073568435,1.0877,1.8583,0.7706000000000002,42,1.8583,228.0,1,43,1.8581,0.00019999999999997797,0.00010762524888337619,False
WT-01,w1118_sv_feb_40xx0.75-1,2257,9,8,1.6467375,0.07336929948652132,0.04455433819082964,1.5221,1.7396,0.21750000000000003,44,1.6908,103.0,1,45,1.6603,0.03049999999999997,0.018038798202034523,False
WT-01,w1118_sv_feb_40xx0.75-1,2259,10,10,1.78795,0.15405327541687217,0.08616195946020425,1.3917,1.9222,0.5305,44,1.9002,207.0,2,43;45,1.8832;1.8251,0.07509999999999994,0.03952215556257233,False
WT-01,w1118_sv_feb_40xx0.75-1,2262,19,16,1.6572437500000001,0.09756172042182668,0.05886986776798927,1.5464,1.8731,0.3267,54,1.8731,129.0,2,53;55,1.8153;1.6153,0.25780000000000003,0.13763280123858845,False
WT-01,w1118_sv_feb_40xx0.75-1,2263,6,6,1.6487333333333334,0.322838558209311,0.19581005107515528,1.2036,1.8942,0.6906000000000001,46,1.8942,120.0,2,45;47,1.8513;1.8923,0.04290000000000016,0.022648083623693464,False
WT-01,w1118_sv_feb_40xx0.75-1,2264,9,9,1.5295777777777777,0.17734268224103425,0.1159422455121463,1.125,1.6299,0.5048999999999999,46,1.6068,122.0,2,45;47,1.6055;1.6163,0.009500000000000064,0.005912372417226826,False
WT-01,w1118_sv_feb_40xx0.75-1,2268,9,9,1.7390444444444444,0.1287694365048546,0.0740460871579342,1.6093,1.9557,0.34640000000000004,45,1.6864,139.0,2,44;46,1.9094;1.6583,0.2230000000000001,0.1322343453510437,False
WT-01,w1118_sv_feb_40xx0.75-1,2269,10,10,2.02663,0.6302303230653943,0.310974535591299,1.1353,3.0013,1.866,50,3.0013,203.0,2,49;51,2.8656;2.2974,0.7039,0.23453170292873088,True
WT-01,w1118_sv_feb_40xx0.75-1,2273,3,3,1.6269333333333333,0.1719618950039029,0.10569695234627699,1.429,1.7396,0.3106,44,1.7122,107.0,1,43,1.7396,0.02740000000000009,0.016002803410816547,False
WT-01,w1118_sv_feb_40xx0.75-1,2274,7,7,1.5608714285714282,0.15522467280564337,0.09944744324502831,1.3379,1.6914,0.3534999999999999,43,1.6903,112.0,2,42;44,1.6914;1.6389,0.05139999999999989,0.030408803171034664,False
WT-01,w1118_sv_feb_40xx0.75-1,2277,11,10,1.5821100000000001,0.18829429359383149,0.11901466623296197,1.1353,1.7659,0.6306,47,1.7243,91.0,2,46;48,1.7111;1.726,0.013199999999999878,0.0076552804036419874,False
WT-01,w1118_sv_feb_40xx0.75-1,2279,13,11,1.7774363636363637,0.38404830235981324,0.21606866508239372,0.9396,2.0824,1.1427999999999998,47,2.0151,179.0,2,46;48,1.9914;1.9958,0.023699999999999832,0.01176120291796925,False
WT-01,w1118_sv_feb_40xx0.75-1,2280,5,4,1.4933750000000001,0.2403316233180034,0.16093186461404763,1.1573,1.7275,0.5702,45,1.7275,130.0,1,44,1.557,0.1705000000000001,0.09869753979739514,False
WT-01,w1118_sv_feb_40xx0.75-1,2282,4,4,1.545325,0.2413442959066293,0.1561770474862112,1.2757,1.8571,0.5813999999999999,46,1.8571,164.0,1,45,1.5687,0.2884,0.1552958914436487,False
WT-01,w1118_sv_feb_40xx0.75-1,2287,15,14,1.8015928571428572,0.21417450277136782,0.11888063494602591,1.3454,2.182,0.8366,50,1.8738,182.0,2,49;51,2.0369;1.7032,0.17059999999999986,0.09104493542533881,False
WT-01,w1118_sv_feb_40xx0.75-1,2288,8,8,1.5426250000000001,0.1401740932860685,0.09086725113755352,1.3737,1.8666,0.4929000000000001,48,1.8666,123.0,2,47;49,1.5196;1.5156,0.351,0.1880424300867888,False
WT-01,w1118_sv_feb_40xx0.75-1,2290,9,8,1.6739,0.02050992790960379,0.012252779681942643,1.642,1.699,0.05700000000000016,47,1.6711,117.0,2,46;48,1.6477;1.6705,0.023400000000000087,0.014002752677876899,False
WT-01,w1118_sv_feb_40xx0.75-1,2291,3,3,1.5163666666666666,0.15455666706206272,0.10192565588494168,1.3379,1.6056,0.2676999999999998,45,1.6056,94.0,1,44,1.6056,0.0,0.0,False
WT-01,w1118_sv_feb_40xx0.75-1,2294,9,8,1.8360124999999998,0.1624232340654677,0.08846521146531829,1.5676,1.9868,0.4191999999999998,44,1.976,147.0,2,43;45,1.8663;1.7862,0.18979999999999997,0.09605263157894735,False
WT-01,w1118_sv_feb_40xx0.75-1,2295,7,7,1.685757142857143,0.013702172229596441,0.008128200605677404,1.6639,1.7034,0.03950000000000009,46,1.692,127.0,2,45;47,1.6639;1.6919,0.028100000000000014,0.01660756501182034,False
WT-01,w1118_sv_feb_40xx0.75-1,2300,11,10,1.55622,0.215990538887445,0.13879177679726837,1.0987,1.9421,0.8433999999999999,51,1.9421,199.0,2,50;52,1.5773;1.4124,0.5296999999999998,0.27274599660161675,True
WT-01,w1118_sv_feb_40xx0.75-1,2302,5,5,1.6711000000000003,0.07430575347844882,0.044465174722307946,1.6179,1.8017,0.18380000000000019,46,1.8017,147.0,2,45;47,1.6396;1.6179,0.18380000000000019,0.10201476383415672,False
WT-01,w1118_sv_feb_40xx0.75-1,2305,6,5,0.9434400000000001,0.18367757892568165,0.19468920008233873,0.7891,1.223,0.43390000000000006,44,0.7891,68.0,1,45,0.8322,0.04310000000000003,0.054619186414903084,False
WT-01,w1118_sv_feb_40xx0.75-1,2306,3,3,1.7183666666666666,0.3217483074288555,0.18724077559825544,1.3469,1.9097,0.5628,43,1.8985,146.0,1,44,1.9097,0.011199999999999877,0.005899394258625165,False
WT-01,w1118_sv_feb_40xx0.75-1,2308,13,13,1.9092999999999998,0.3079337618168341,0.16128097303558064,1.3379,2.4279,1.09,52,2.0742,198.0,2,51;53,2.1096;1.9514,0.1227999999999998,0.05920354835599258,False
WT-01,w1118_sv_feb_40xx0.75-1,2309,4,3,1.3023333333333333,0.19762520925563448,0.15174702527947362,1.1353,1.5205,0.3852,46,1.5205,63.0,1,45,1.2512,0.2692999999999999,0.17711279184478781,False
WT-01,w1118_sv_feb_40xx0.75-1,2312,10,8,1.8500625,0.13418644744746555,0.07253076447280325,1.5185,1.9127,0.3942000000000001,45,1.9051,114.0,0,,,,,False
WT-01,w1118_sv_feb_40xx0.75-1,2313,10,9,1.6911777777777777,0.053110351575229094,0.03140435752710549,1.5918,1.8033,0.2114999999999998,47,1.6943,119.0,2,46;48,1.6835;1.6925,0.01079999999999992,0.006374313875936919,False
WT-01,w1118_sv_feb_40xx0.75-1,2314,10,8,1.6864249999999998,0.06327294050382046,0.03751897683194952,1.6055,1.7916,0.18610000000000015,48,1.6882,112.0,2,47;49,1.6465;1.6533,0.04169999999999985,0.024700864826442275,False
WT-01,w1118_sv_feb_40xx0.75-1,2315,7,7,1.4750428571428569,0.19384718085081745,0.13141799908532656,1.0524,1.6413,0.5889,49,1.5308,146.0,1,48,1.5602,0.029400000000000093,0.01920564410765619,False
WT-01,w1118_sv_feb_40xx0.75-1,2316,24,23,1.6935173913043478,0.2660518586704034,0.15710016326758247,1.3379,2.0897,0.7518,54,2.0188,240.0,2,53;55,1.3409;1.8991,0.6779000000000002,0.3357935407172578,True
WT-01,w1118_sv_feb_40xx0.75-1,2317,7,7,1.786785714285714,0.18094508769763482,0.1012684880178648,1.514,1.895,0.381,46,1.8921,193.0,2,45;47,1.8922;1.8921,0.00010000000000021103,5.285132921104119e-05,False
WT-01,w1118_sv_feb_40xx0.75-1,2318,3,3,1.7383999999999997,0.08613872532142562,0.04955057830270688,1.6856,1.8378,0.1522000000000001,44,1.6856,162.0,2,43;45,1.6918;1.8378,0.1522000000000001,0.0902942572377789,False
WT-01,w1118_sv_feb_40xx0.75-1,2319,9,8,1.8739000000000001,0.13805635495281315,0.07367327763104389,1.6201,2.0149,0.3947999999999998,43,1.8904,159.0,0,,,,,False
WT-01,w1118_sv_feb_40xx0.75-1,2320,4,3,1.6893333333333331,0.04817471674367516,0.02851699886168617,1.6353,1.7278,0.09250000000000003,45,1.7278,108.0,1,46,1.6353,0.09250000000000003,0.053536288922328985,False
WT-01,w1118_sv_feb_40xx0.75-1,2321,8,6,1.2660333333333333,0.31003622799064406,0.24488788709405548,0.7568,1.523,0.7661999999999999,49,1.1485,68.0,1,48,1.1365,0.01200000000000001,0.010448410970831528,False
WT-01,w1118_sv_feb_40xx0.75-1,2322,9,8,1.6487875,0.0713898239547186,0.043298377719820536,1.5036,1.762,0.25839999999999996,48,1.762,134.0,2,47;49,1.6633;1.6348,0.12719999999999998,0.07219069239500567,False
WT-01,w1118_sv_feb_40xx0.75-1,2323,12,12,1.5797750000000004,0.19978652300074512,0.1264651757375228,1.076,1.815,0.7389999999999999,54,1.815,94.0,1,53,1.6598,0.1552,0.08550964187327824,False
WT-01,w1118_sv_feb_40xx0.75-1,2324,13,13,1.6670692307692307,0.26775952950553533,0.1606169225389541,1.0803,2.1407,1.0603999999999998,48,1.8783,185.0,2,47;49,1.8893;2.1407,0.26239999999999974,0.13970079327051044,False
WT-01,w1118_sv_feb_40xx0.75-1,2328,12,9,1.607388888888889,0.05943446904878608,0.03697578691729684,1.4554,1.6632,0.20779999999999998,48,1.6632,126.0,2,47;49,1.6231;1.6283,0.040100000000000025,0.024110149110149123,False
WT-01,w1118_sv_feb_40xx0.75-1,2331,12,10,1.64751,0.18854851099915904,0.11444453205088834,1.3685,1.9127,0.5442,47,1.8072,103.0,1,48,1.9127,0.10550000000000015,0.058377600708278084,False
WT-01,w1118_sv_feb_40xx0.75-1,2334,12,12,2.1823083333333333,0.7957720110437448,0.3646469194516868,1.761,4.6571,2.8960999999999997,54,4.6571,344.0,1,53,2.4414,2.2157,0.4757681819157845,True
WT-01,w1118_sv_feb_40xx0.75-1,2335,6,5,1.81008,0.12425625537573547,0.06864683073440703,1.6728,1.9321,0.25929999999999986,43,1.6728,214.0,1,44,1.9321,0.25929999999999986,0.15500956480153028,False
WT-01,w1118_sv_feb_40xx0.75-1,2336,3,3,1.8356000000000001,0.04494073875672273,0.024482860512487863,1.7847,1.8698,0.08509999999999995,43,1.8523,260.0,1,44,1.8698,0.01749999999999985,0.00944771365329582,False
WT-01,w1118_sv_feb_40xx0.75-1,2339,6,6,1.9120833333333334,0.026532125181874654,0.013876029731204874,1.8943,1.9615,0.06719999999999993,45,1.8995,249.0,2,44;46,1.8955;1.8981,0.0040000000000000036,0.002105817320347462,False
WT-01,w1118_sv_feb_40xx0.75-1,2340,9,5,1.6433399999999998,0.00965960661724894,0.005878032919084877,1.6359,1.6601,0.0242,52,1.6425,222.0,1,51,1.6387,0.0038000000000000256,0.00231354642313548,False
WT-01,w1118_sv_feb_40xx0.75-1,2343,7,4,1.318875,0.22558357468279172,0.1710424222786782,1.1055,1.5139,0.4084000000000001,44,1.5137,58.0,1,45,1.5139,0.00019999999999997797,0.0001321265772610015,False
WT-01,w1118_sv_feb_40xx0.75-1,2346,10,8,1.33515,0.19816691377292456,0.14842295904799052,0.8622,1.4961,0.6339,44,1.4077,92.0,1,45,1.3768,0.030899999999999928,0.021950699722952282,False
WT-01,w1118_sv_feb_40xx0.75-1,2347,10,10,1.8928299999999996,0.0014877649157190856,0.0007860002830254624,1.8921,1.8965,0.0044000000000001815,45,1.8921,187.0,2,44;46,1.8921;1.8921,0.0,0.0,False
WT-01,w1118_sv_feb_40xx0.75-1,2350,7,6,1.7493333333333334,0.1481656055455066,0.08469832634080025,1.5137,1.8921,0.37839999999999985,47,1.7864,112.0,2,46;48,1.8921;1.8014,0.1056999999999999,0.05916927899686515,False
WT-01,w1118_sv_feb_40xx0.75-1,2353,7,7,1.589157142857143,0.04165212508155521,0.02621019907865683,1.5535,1.6781,0.12459999999999982,46,1.5748,183.0,1,47,1.5645,0.010299999999999976,0.006540513081026147,False
WT-01,w1118_sv_feb_40xx0.75-1,2354,8,8,1.4247,0.21943522311346722,0.1540220559510544,0.9202,1.5976,0.6773999999999999,47,1.5615,117.0,2,46;48,1.5263;1.5227,0.03880000000000017,0.024847902657701034,False
WT-01,w1118_sv_feb_40xx0.75-1,2355,11,10,1.52009,0.3614669108876588,0.2377930983610568,0.8068,1.8921,1.0853,48,1.7327,103.0,2,47;49,1.7497;1.5369,0.19579999999999997,0.11300282795636866,False
WT-01,w1118_sv_feb_40xx0.75-1,2357,20,16,1.8514125,0.8811218704015921,0.475918721733591,0.8,3.9115,3.1115000000000004,50,3.9115,200.0,2,49;51,3.4868;1.6513,2.2602,0.5778345903106226,True
WT-01,w1118_sv_feb_40xx0.75-1,2358,5,4,1.72435,0.10639378114658146,0.06170080386614171,1.6219,1.8731,0.2512000000000001,45,1.6219,141.0,1,46,1.7127,0.09079999999999999,0.05598372279425365,False
WT-01,w1118_sv_feb_40xx0.75-1,2359,6,4,1.12415,0.17384407764814228,0.15464491184285217,0.9471,1.3126,0.36549999999999994,49,1.3126,87.0,1,48,1.0095,0.3030999999999999,0.2309157397531616,False
WT-01,w1118_sv_feb_40xx0.75-1,2362,13,3,1.0933,0.01966418063383257,0.017986079423609778,1.0801,1.1159,0.03579999999999983,55,1.0801,36.0,0,,,,,False
WT-01,w1118_sv_feb_40xx0.75-1,2363,4,4,1.2301250000000001,0.13554173711444018,0.11018533654257914,1.1025,1.3505,0.248,44,1.344,84.0,1,45,1.3505,0.00649999999999995,0.004836309523809487,False
WT-01,w1118_sv_feb_40xx0.75-1,2366,8,8,1.574225,0.09629040524817177,0.06116686321724771,1.3512,1.6273,0.2761,46,1.6229,123.0,2,45;47,1.6206;1.6155,0.007400000000000073,0.004559738739293902,False
WT-01,w1118_sv_feb_40xx0.75-1,2368,7,7,1.781642857142857,0.10331129104382956,0.057986532278138714,1.6477,1.9154,0.26770000000000005,49,1.9154,173.0,2,48;50,1.7492;1.8883,0.1661999999999999,0.08677038738644664,False
WT-01,w1118_sv_feb_40xx0.75-1,2370,8,7,0.7338857142857143,0.10948884918217973,0.1491905988233392,0.5406,0.882,0.34140000000000004,50,0.7826,57.0,2,49;51,0.7234;0.7631,0.05919999999999992,0.07564528494761043,False
WT-01,w1118_sv_feb_40xx0.75-1,2371,7,7,1.8181571428571428,0.23949181514993265,0.13172228599205857,1.2757,1.922,0.6462999999999999,48,1.8944,243.0,2,47;49,1.8921;1.9199,0.025499999999999856,0.013460726351351275,False
WT-01,w1118_sv_feb_40xx0.75-1,2373,10,10,1.78802,0.263681608510466,0.1474712858415823,1.1751,1.9686,0.7934999999999999,52,1.9441,157.0,1,51,1.8995,0.04459999999999997,0.022941206728048957,False
WT-01,w1118_sv_feb_40xx0.75-1,2374,3,3,1.3687666666666667,0.4491589956054909,0.3281486951310115,0.8508,1.6507,0.7999,44,1.6507,123.0,1,45,1.6048,0.04590000000000005,0.02780638516992794,False
WT-01,w1118_sv_feb_40xx0.75-1,2376,3,3,1.5674333333333335,0.2854610714849457,0.18212007197644495,1.2393,1.7586,0.5192999999999999,44,1.7586,112.0,0,,,,,False
WT-01,w1118_sv_feb_40xx0.75-1,2377,12,12,2.0798333333333328,0.5826245903953362,0.2801304224995607,1.3647,3.033,1.6683,46,3.033,220.0,2,45;47,2.6749;2.7897,0.35809999999999986,0.11806791955159904,False
WT-01,w1118_sv_feb_40xx0.75-1,2379,10,8,1.733025,0.1124381194892805,0.06487968695736097,1.6029,1.9514,0.34850000000000003,49,1.7668,135.0,2,48;50,1.6925;1.9514,0.1846000000000001,0.1044826805524112,False
WT-01,w1118_sv_feb_40xx0.75-1,2380,9,8,1.6258,0.09527539031670247,0.058602159131936574,1.3957,1.6874,0.29170000000000007,50,1.668,120.0,2,49;51,1.6365;1.6365,0.03149999999999986,0.018884892086330853,False
WT-01,w1118_sv_feb_40xx0.75-1,2381,11,9,1.7405555555555554,0.11455939628759301,0.06581771890126634,1.6243,1.8731,0.2487999999999999,47,1.8731,221.0,2,46;48,1.865;1.8731,0.008099999999999996,0.004324382040467672,False
WT-01,w1118_sv_feb_40xx0.75-1,2383,11,10,1.53856,0.15515623094158995,0.10084509602588781,1.1371,1.692,0.5549,47,1.6126,90.0,2,46;48,1.6066;1.5019,0.11070000000000002,0.06864690561825625,False
WT-01,w1118_sv_feb_40xx0.75-1,2385,6,5,1.93628,0.11097203251270117,0.05731197580551427,1.8611,2.1328,0.27170000000000005,44,1.8923,109.0,1,45,1.8921,0.00020000000000020002,0.00010569148655086403,False
WT-01,w1118_sv_feb_40xx0.75-1,2388,8,8,1.583325,0.14877797215985977,0.09396552960375144,1.2527,1.6918,0.43910000000000005,48,1.634,134.0,2,47;49,1.6057;1.673,0.039000000000000146,0.02386780905752763,False
WT-01,w1118_sv_feb_40xx0.75-1,2389,5,3,1.7034,0.08759834473321974,0.05142558690455545,1.6501,1.8045,0.1544000000000001,44,1.8045,65.0,1,45,1.6556,0.14890000000000003,0.08251593239124413,False
WT-01,w1118_sv_feb_40xx0.75-1,2391,7,7,1.8243428571428575,0.13782427044541,0.07554735114936649,1.54,1.9099,0.3698999999999999,44,1.8944,268.0,1,45,1.8974,0.0029999999999998916,0.0015836148648648075,False
WT-01,w1118_sv_feb_40xx0.75-1,2398,7,7,1.8035285714285716,0.2947845864032792,0.16344880312585283,1.4427,2.3978,0.9551000000000001,44,2.3978,136.0,1,45,1.7305,0.6673000000000002,0.2782967720410377,True
WT-01,w1118_sv_feb_40xx0.75-1,2399,6,6,1.5067666666666668,0.14414406219704884,0.09566448832846193,1.2187,1.5953,0.37660000000000005,49,1.5607,115.0,1,48,1.5953,0.034599999999999964,0.022169539309284274,False
WT-01,w1118_sv_feb_40xx0.75-1,2400,11,9,1.5431444444444447,0.23552437300155957,0.15262626505864907,1.1101,1.7599,0.6497999999999999,51,1.7599,97.0,2,50;52,1.7098;1.6897,0.07020000000000004,0.03988863003579751,False
WT-01,w1118_sv_feb_40xx0.75-1,2401,8,8,1.7463875,0.09818067074095012,0.05621929310702815,1.5951,1.9194,0.32430000000000003,44,1.8248,229.0,1,45,1.7059,0.1189,0.06515782551512495,False
WT-01,w1118_sv_feb_40xx0.75-1,2402,11,10,1.5112299999999999,0.24830571233416637,0.16430702959454643,1.0757,1.8389,0.7631999999999999,50,1.8389,122.0,2,49;51,1.6082;1.6845,0.2306999999999999,0.1254554353145902,False
WT-01,w1118_sv_feb_40xx0.75-1,2403,12,11,1.6765272727272729,0.0969000318979214,0.05779806477009486,1.6055,1.9408,0.33530000000000015,46,1.6343,232.0,1,47,1.6059,0.02839999999999998,0.01737747047665666,False
WT-01,w1118_sv_feb_40xx0.75-1,2405,9,9,1.6112888888888888,0.11737492752334765,0.07284536518109236,1.317,1.6918,0.3748,45,1.6693,149.0,2,44;46,1.6918;1.6581,0.022499999999999964,0.013478703648235765,False
WT-01,w1118_sv_feb_40xx0.75-1,2406,17,17,1.6301235294117646,0.41691211383427645,0.2557549206008458,0.6076,1.9315,1.3239,49,1.8146,144.0,2,48;50,1.8338;1.8476,0.03299999999999992,0.018185826077372378,False
WT-01,w1118_sv_feb_40xx0.75-1,2408,10,8,1.7248375,0.211084403819217,0.12237929881465182,1.3159,1.9448,0.6289,47,1.9448,219.0,1,48,1.9156,0.029200000000000115,0.015014397367338603,False
WT-01,w1118_sv_feb_40xx0.75-1,2409,3,3,1.6469000000000003,0.09657437548335485,0.058640096838517716,1.5464,1.739,0.1926000000000001,46,1.5464,121.0,1,45,1.739,0.1926000000000001,0.12454733574754275,False
WT-01,w1118_sv_feb_40xx0.75-1,2410,21,19,1.054005263157895,0.3555503425421937,0.3373326063637792,0.3784,1.761,1.3825999999999998,47,1.761,151.0,1,48,1.631,0.1299999999999999,0.0738216922203293,False
WT-01,w1118_sv_feb_40xx0.75-1,2412,10,8,1.4595875,0.10977595934447575,0.07521026272455454,1.3403,1.6055,0.2651999999999999,49,1.6055,98.0,2,48;50,1.6055;1.3554,0.2501,0.15577701650576145,False
WT-01,w1118_sv_feb_40xx0.75-1,2413,9,8,1.67035,0.08653872791167792,0.051808739432860136,1.6055,1.8598,0.25429999999999997,46,1.6198,145.0,1,47,1.7344,0.11460000000000004,0.07074947524385729,False
WT-01,w1118_sv_feb_40xx0.75-1,2415,11,11,1.5785727272727272,0.26501543385587595,0.16788294215226848,0.9078,1.7392,0.8314,48,1.7392,124.0,2,47;49,1.7364;1.6926,0.046599999999999975,0.02679392824287027,False
WT-01,w1118_sv_feb_40xx0.75-1,2416,10,8,1.5321500000000001,0.19220437783032637,0.12544749393357463,1.1229,1.6647,0.5418000000000001,48,1.6406,95.0,2,47;49,1.3782;1.5189,0.26239999999999997,0.15994148482262585,False
WT-01,w1118_sv_feb_40xx0.75-1,2417,4,3,1.5172666666666668,0.3786935744547739,0.2495893324320756,1.1353,1.8926,0.7573000000000001,48,1.8926,113.0,1,47,1.5239,0.3687,0.19481137060128925,False
WT-01,w1118_sv_feb_40xx0.75-1,2418,10,10,1.5774399999999997,0.09952354495294066,0.06309181011825532,1.3896,1.6781,0.2885,45,1.6196,144.0,1,46,1.6216,0.0020000000000000018,0.0012348728081007668,False
WT-01,w1118_sv_feb_40xx0.75-1,2419,12,11,1.7338181818181817,0.25880005339327816,0.14926597039251574,1.1393,1.9512,0.8119000000000001,49,1.9512,210.0,2,48;50,1.9373;1.855,0.09620000000000006,0.04930299302993033,False
WT-01,w1118_sv_feb_40xx0.75-1,2420,4,3,1.8959333333333335,0.003707200201409907,0.0019553431211065298,1.8921,1.8995,0.007400000000000073,45,1.8995,156.0,1,46,1.8962,0.0032999999999998586,0.00173729928928658,False
WT-01,w1118_sv_feb_40xx0.75-1,2421,3,3,1.8837666666666666,0.03698679944700994,0.019634490885465258,1.8431,1.9154,0.07230000000000003,47,1.8431,109.0,1,46,1.8928,0.04970000000000008,0.026965438663121958,False
WT-01,w1118_sv_feb_40xx0.75-1,2422,8,8,1.8964625000000002,0.006502293551399483,0.0034286433564594512,1.8921,1.9111,0.019000000000000128,48,1.8994,159.0,2,47;49,1.9111;1.8921,0.011700000000000044,0.006159839949457746,False
WT-01,w1118_sv_feb_40xx0.75-1,2426,7,7,1.7860999999999998,0.2815977982868474,0.15766071232677198,1.1475,1.8947,0.7472000000000001,51,1.8947,266.0,1,50,1.8921,0.0026000000000001577,0.0013722489048398996,False
WT-01,w1118_sv_feb_40xx0.75-1,2430,5,5,1.48434,0.37012749560117786,0.24935492919491348,0.8225,1.6619,0.8393999999999999,47,1.6582,211.0,2,46;48,1.6418;1.6373,0.02089999999999992,0.01260402846460012,False
WT-01,w1118_sv_feb_40xx0.75-1,2433,9,4,1.113,0.11450994134426352,0.10288404433446857,0.9537,1.2092,0.25550000000000006,50,1.2092,63.0,2,49;51,1.1814;0.9537,0.25550000000000006,0.21129672510750913,False
WT-01,w1118_sv_feb_40xx0.75-1,2434,7,7,1.862485714285714,0.16278595791786865,0.08740252699350183,1.4949,1.9455,0.4506000000000001,47,1.9163,151.0,2,46;48,1.9045;1.9455,0.029200000000000115,0.015237697646506348,False
WT-01,w1118_sv_feb_40xx0.75-1,2436,7,6,1.8062000000000002,0.21392562258878664,0.11843960945010885,1.4226,1.9687,0.5460999999999998,46,1.9036,159.0,1,45,1.4226,0.48099999999999987,0.2526791342719058,False
WT-01,w1118_sv_feb_40xx0.75-1,2443,8,7,1.6772428571428573,0.1595902655463135,0.09515036231435897,1.3506,1.8056,0.45500000000000007,45,1.8036,155.0,1,46,1.8056,0.0020000000000000018,0.0011088933244621877,False
WT-01,w1118_sv_feb_40xx0.75-1,2445,4,4,1.769825,0.07346783309721343,0.04151135456738007,1.6882,1.8479,0.15970000000000018,46,1.813,182.0,2,45;47,1.8479;1.7302,0.08279999999999998,0.045670159955874236,False
WT-01,w1118_sv_feb_40xx0.75-1,2446,4,4,2.4602749999999998,0.28832149156800646,0.11719075776813831,2.1423,2.7066,0.5642999999999998,47,2.7023,198.0,2,46;48,2.7066;2.1423,0.56,0.2072308774007327,True
WT-01,w1118_sv_feb_40xx0.75-1,2449,12,10,1.5605,0.1272676095652167,0.08155566136829011,1.3379,1.6955,0.3575999999999999,49,1.6878,94.0,2,48;50,1.6919;1.6955,0.00770000000000004,0.004562151913733879,False
WT-01,w1118_sv_feb_40xx0.75-1,2450,7,5,1.3890799999999999,0.1256689977679459,0.09046922982689688,1.3032,1.6117,0.3085,48,1.6117,68.0,2,47;49,1.3436;1.3422,0.26949999999999985,0.16721474219767937,False
WT-01,w1118_sv_feb_40xx0.75-1,2451,10,10,1.47561,0.19509076206843942,0.13221024665625702,1.0978,1.6403,0.5425,51,1.6068,102.0,2,50;52,1.6177;1.6366,0.02980000000000005,0.01854617874035353,False
WT-01,w1118_sv_feb_40xx0.75-1,2453,7,7,1.9841142857142857,0.21823654161308112,0.10999192092128678,1.7884,2.4619,0.6735,50,2.4619,185.0,2,49;51,1.9462;1.9364,0.5255000000000001,0.21345302408708725,True
WT-01,w1118_sv_feb_40xx0.75-1,2458,11,10,1.5890199999999999,0.2484226720732228,0.15633703293427573,0.9241,1.8249,0.9007999999999999,50,1.6055,219.0,2,49;51,1.5301;1.8249,0.21940000000000004,0.1366552475864217,False
WT-01,w1118_sv_feb_40xx0.75-1,2460,10,8,1.2556625,0.17381410379647397,0.13842422131462395,0.8972,1.3633,0.46609999999999996,51,1.3527,71.0,2,50;52,1.3072;1.3511,0.045500000000000096,0.033636430842019734,False
WT-01,w1118_sv_feb_40xx0.75-1,2461,9,8,1.32175,0.26030579819018357,0.19694026721405983,0.7597,1.5454,0.7857000000000001,49,1.511,87.0,2,48;50,1.5454;1.3987,0.11229999999999984,0.0743216412971541,False
WT-01,w1118_sv_feb_40xx0.75-1,2462,9,8,1.5244749999999998,0.09966943577933723,0.06537951477022401,1.3129,1.6049,0.29200000000000004,52,1.6013,209.0,2,51;53,1.4813;1.4735,0.1277999999999999,0.0798101542496721,False
WT-01,w1118_sv_feb_40xx0.75-1,2466,4,4,1.8739,0.07713144624600268,0.04116091907038939,1.7646,1.9461,0.1815,49,1.9461,161.0,1,48,1.8921,0.05400000000000005,0.02774780329890553,False
WT-01,w1118_sv_feb_40xx0.75-1,2467,7,6,1.8926333333333334,0.0010670832519849157,0.000563808759568634,1.8921,1.8948,0.0027000000000001467,46,1.8922,145.0,1,47,1.8921,0.00010000000000021103,5.284853609566168e-05,False
WT-01,w1118_sv_feb_40xx0.75-1,2469,8,8,1.828775,0.19933247710438812,0.10899781389421231,1.5137,2.016,0.5023,52,2.016,251.0,2,51;53,1.936;1.8935,0.12250000000000005,0.060763888888888916,False
WT-01,w1118_sv_feb_40xx0.75-1,2472,10,10,1.74343,0.22109585678815624,0.12681659532539663,1.3779,2.0812,0.7033,50,2.0812,181.0,2,49;51,1.7556;1.8859,0.3255999999999999,0.1564482029598308,False
WT-01,w1118_sv_feb_40xx0.75-1,2474,5,4,1.31185,0.14496308725557233,0.11050279167250245,1.0945,1.3884,0.29390000000000005,50,1.3884,44.0,1,49,1.0945,0.29390000000000005,0.21168251224431003,False
WT-01,w1118_sv_feb_40xx0.75-1,2475,7,7,2.0982,0.4198843054937871,0.20011643575149515,1.8922,3.0342,1.1419999999999997,50,3.0342,160.0,1,49,2.1061,0.9280999999999997,0.305879638784523,True
WT-01,w1118_sv_feb_40xx0.75-1,2476,7,7,1.721657142857143,0.09289253391496466,0.053955303644723736,1.6062,1.8701,0.2639,51,1.8701,252.0,2,50;52,1.692;1.7961,0.17810000000000015,0.09523554890112836,False
WT-01,w1118_sv_feb_40xx0.75-1,2477,3,3,1.7846,0.09113797232767469,0.051069131641642215,1.6899,1.8717,0.18179999999999996,48,1.8717,122.0,1,47,1.7922,0.0794999999999999,0.042474755569802805,False
WT-01,w1118_sv_feb_40xx0.75-1,2478,4,4,1.895025,0.005850000000000022,0.0030870305141093243,1.8921,1.9038,0.011700000000000044,49,1.9038,137.0,1,48,1.8921,0.011700000000000044,0.006145603529782564,False
WT-01,w1118_sv_feb_40xx0.75-1,2479,9,8,1.7709875,0.16509998215367214,0.09322481505582177,1.5516,1.9229,0.37129999999999996,46,1.9229,194.0,1,47,1.9149,0.008000000000000007,0.0041603827552134836,False
WT-01,w1118_sv_feb_40xx0.75-1,2480,4,4,1.9041750000000002,0.021977469523734253,0.011541727794837265,1.8921,1.9371,0.04500000000000015,48,1.8947,280.0,2,47;49,1.9371;1.8921,0.04239999999999999,0.022378212909695463,False
WT-01,w1118_sv_feb_40xx0.75-1,2483,15,14,1.8215285714285714,0.17760852989119047,0.09750521220312088,1.5627,2.27,0.7073,46,2.27,172.0,0,,,,,False
WT-01,w1118_sv_feb_40xx0.75-1,2484,7,7,1.7673857142857143,0.11938318458604112,0.06754789496207375,1.6056,1.8903,0.2847000000000002,47,1.8903,242.0,2,46;48,1.8112;1.8351,0.07910000000000017,0.04184520975506542,False
WT-01,w1118_sv_feb_40xx0.75-1,2488,9,9,1.6787333333333332,0.14138858688027123,0.08422337489393068,1.3739,1.8465,0.47260000000000013,51,1.8329,138.0,2,50;52,1.6645;1.6921,0.16839999999999988,0.09187626166184729,False
WT-01,w1118_sv_feb_40xx0.75-1,2491,10,10,1.5240500000000001,0.18869521132709696,0.1238116934005426,1.0789,1.6931,0.6142000000000001,51,1.6118,119.0,2,50;52,1.614;1.6931,0.08130000000000015,0.05044050130289127,False
WT-01,w1118_sv_feb_40xx0.75-1,2492,5,3,1.0720333333333334,0.002193931022920586,0.002046513811374571,1.0703,1.0745,0.0041999999999999815,46,1.0745,37.0,1,47,1.0703,0.0041999999999999815,0.0039087947882735985,False
WT-01,w1118_sv_feb_40xx0.75-1,2494,10,9,1.8602,0.10093961065904705,0.05426277317441514,1.5911,1.8986,0.3075000000000001,48,1.8926,121.0,2,47;49,1.8924;1.8922,0.00039999999999995595,0.0002113494663425742,False
WT-01,w1118_sv_feb_40xx0.75-1,2495,10,8,1.6519000000000001,0.035912114947465816,0.021739884343765246,1.6065,1.6924,0.08589999999999987,52,1.6924,94.0,2,51;53,1.6844;1.618,0.0743999999999998,0.043961238477901086,False
WT-01,w1118_sv_feb_40xx0.75-1,2501,7,6,1.5303166666666665,0.07808409355730953,0.05102479457888424,1.3935,1.6069,0.21340000000000003,47,1.6069,108.0,2,46;48,1.4957;1.5956,0.11119999999999997,0.06920156823697801,False
WT-01,w1118_sv_feb_40xx0.75-1,2505,6,4,1.7416250000000002,0.06170550353628651,0.03542984484965851,1.6918,1.8189,0.1271,51,1.8189,97.0,1,50,1.7639,0.05499999999999994,0.030238055967892648,False
WT-01,w1118_sv_feb_40xx0.75-1,2507,13,12,1.7995333333333334,0.16336588234742136,0.09078235969367318,1.3637,1.9162,0.5525,54,1.9072,307.0,2,53;55,1.9162;1.9092,0.008999999999999897,0.0047189597315435705,False
WT-01,w1118_sv_feb_40xx0.75-1,2508,10,8,1.8518000000000001,0.15189757827468572,0.08202698902402296,1.5686,1.9808,0.4121999999999999,50,1.974,168.0,2,49;51,1.9591;1.9808,0.014899999999999913,0.007548125633231972,False
WT-01,w1118_sv_feb_40xx0.75-1,2513,7,7,1.5361,0.20468839732627736,0.13325200008220647,1.0721,1.6206,0.5485,51,1.6206,114.0,2,50;52,1.6205;1.6158,0.0048000000000001375,0.0029618659755646904,False
WT-01,w1118_sv_feb_40xx0.75-1,2515,3,3,1.7058666666666669,0.060405739241675846,0.03541058654936445,1.6536,1.772,0.11840000000000006,49,1.772,123.0,1,48,1.692,0.08000000000000007,0.045146726862302526,False
WT-01,w1118_sv_feb_40xx0.75-1,2516,9,8,1.5871875,0.11972434335947361,0.07543175797407277,1.3425,1.7772,0.43469999999999986,50,1.5816,104.0,2,49;51,1.5509;1.7772,0.1956,0.1236722306525038,False
WT-01,w1118_sv_feb_40xx0.75-1,2519,13,13,1.8282461538461539,0.28381769270485535,0.1552404155795853,0.9933,2.0419,1.0486,52,1.9466,320.0,1,53,1.9753,0.028699999999999948,0.014743655604643966,False
WT-01,w1118_sv_feb_40xx0.75-1,2521,9,9,1.4930777777777777,0.27539067149132784,0.18444496032966584,0.8239,1.6623,0.8384000000000001,51,1.6342,124.0,2,50;52,1.6348;1.6392,0.004999999999999893,0.00305960102802588,False
WT-01,w1118_sv_feb_40xx0.75-1,2523,6,6,0.99025,0.22754888485773778,0.2297893308333631,0.6435,1.1353,0.4918,49,1.1353,55.0,2,48;50,1.1353;1.1353,0.0,0.0,False
WT-01,w1118_sv_feb_40xx0.75-1,2524,8,8,1.5586875,0.19618660532040114,0.12586654176696813,1.074,1.6508,0.5768,50,1.6327,118.0,2,49;51,1.6278;1.6226,0.010099999999999998,0.006186072150425674,False
WT-01,w1118_sv_feb_40xx0.75-1,2525,10,8,1.4665875000000002,0.19323733325702286,0.1317598392574755,1.1646,1.6881,0.5234999999999999,52,1.6881,101.0,2,51;53,1.5615;1.5432,0.14490000000000003,0.08583614714768084,False
WT-01,w1118_sv_feb_40xx0.75-1,2527,11,11,1.6513909090909094,0.19812361017579633,0.11997378033579183,1.3502,1.8717,0.5214999999999999,52,1.8717,122.0,2,51;53,1.7839;1.694,0.17769999999999997,0.09494042848747127,False
WT-01,w1118_sv_feb_40xx0.75-1,2530,7,7,1.5858285714285714,0.1315638718682009,0.08296222822475914,1.3889,1.7974,0.4085000000000001,53,1.7974,133.0,1,52,1.6254,0.17200000000000015,0.0956937799043063,False
WT-01,w1118_sv_feb_40xx0.75-1,2531,6,6,1.7227166666666667,0.1056940758352457,0.06135313942237302,1.6133,1.8931,0.27980000000000005,51,1.6638,151.0,1,50,1.7398,0.07600000000000007,0.04567856713547305,False
WT-01,w1118_sv_feb_40xx0.75-1,2532,8,8,1.5941375,0.19267664205309665,0.12086576098554651,1.1935,1.758,0.5645,52,1.758,141.0,2,51;53,1.6655;1.6799,0.09250000000000003,0.052616609783845296,False
WT-01,w1118_sv_feb_40xx0.75-1,2533,10,10,1.4386500000000002,0.29599647238888954,0.20574599269376811,1.0578,1.7243,0.6664999999999999,54,1.7243,84.0,2,53;55,1.6571;1.5747,0.14959999999999996,0.08675984457460996,False
WT-01,w1118_sv_feb_40xx0.75-1,2534,6,6,1.7844333333333333,0.07799558107140858,0.04370887923602745,1.7151,1.9191,0.20399999999999996,52,1.9191,144.0,1,51,1.8301,0.08899999999999997,0.04637590537230992,False
WT-01,w1118_sv_feb_40xx0.75-1,2536,6,6,1.46545,0.12479507602465732,0.08515819442809876,1.2983,1.5918,0.2935000000000001,47,1.567,159.0,1,48,1.5918,0.024800000000000155,0.015826419910657405,False
WT-01,w1118_sv_feb_40xx0.75-1,2537,16,15,1.5404733333333336,0.30176841988202685,0.1958933097719057,0.7612,1.8932,1.1320000000000001,55,1.7584,172.0,2,54;56,1.7239;1.6376,0.12080000000000002,0.06869881710646043,False
WT-01,w1118_sv_feb_40xx0.75-1,2539,4,4,1.597075,0.23365911602160963,0.146304410263519,1.2505,1.739,0.48850000000000016,50,1.7354,127.0,2,49;51,1.739;1.6634,0.07200000000000006,0.041488993891898154,False
WT-01,w1118_sv_feb_40xx0.75-1,2540,6,6,1.4051666666666665,0.10009932400704141,0.07123662009752682,1.3419,1.6055,0.26359999999999983,50,1.397,84.0,2,49;51,1.3419;1.371,0.05509999999999993,0.03944166070150317,False
WT-01,w1118_sv_feb_40xx0.75-1,2543,8,8,1.6912250000000002,0.21069164842082783,0.1245793128772504,1.2943,1.8922,0.5979000000000001,54,1.731,142.0,2,53;55,1.6845;1.6024,0.12860000000000005,0.07429231658001158,False
WT-01,w1118_sv_feb_40xx0.75-1,2547,5,5,1.8212,0.15753353611215618,0.08649985510221622,1.5568,1.947,0.3902000000000001,51,1.9077,213.0,2,50;52,1.8957;1.947,0.03930000000000011,0.020600723384179963,False
WT-01,w1118_sv_feb_40xx0.75-1,2554,3,3,1.8236999999999999,0.06368508459600253,0.034920811863794775,1.762,1.8892,0.12719999999999998,48,1.8199,142.0,1,49,1.8892,0.06929999999999992,0.03807901533051262,False
WT-01,w1118_sv_feb_40xx0.75-1,2556,5,5,2.36348,0.4933482613732413,0.208738073253525,1.5204,2.6768,1.1564,49,2.6489,232.0,2,48;50,2.6768;2.6489,0.027900000000000258,0.010532673940126188,False
WT-01,w1118_sv_feb_40xx0.75-1,2558,7,7,1.9336142857142857,0.10430762881290821,0.05394438259147248,1.8921,2.1701,0.27800000000000025,54,2.1701,245.0,1,53,1.8921,0.27800000000000025,0.1281046956361459,False
WT-01,w1118_sv_feb_40xx0.75-1,2559,4,3,1.5,0.19861271359104887,0.13240847572736592,1.2709,1.6236,0.3527,48,1.6236,107.0,1,49,1.6055,0.018100000000000005,0.01114806602611481,False
WT-01,w1118_sv_feb_40xx0.75-1,2560,5,5,1.92536,0.2355541933398766,0.12234293500429873,1.6987,2.3259,0.6271999999999998,50,2.3259,237.0,2,49;51,1.8731;1.6987,0.6271999999999998,0.26965905670923074,True
WT-01,w1118_sv_feb_40xx0.75-1,2561,8,8,1.534825,0.2961064034141395,0.19292518913500856,0.8424,1.7157,0.8733,52,1.7083,127.0,2,51;53,1.6307;1.7157,0.07759999999999989,0.04542527659076268,False
WT-01,w1118_sv_feb_40xx0.75-1,2562,11,11,1.591490909090909,0.08439922339151532,0.053031546023549585,1.3382,1.6327,0.2945,54,1.6175,181.0,2,53;55,1.61;1.6231,0.00749999999999984,0.004636785162287382,False
WT-01,w1118_sv_feb_40xx0.75-1,2563,6,6,1.7879833333333333,0.18456014105615184,0.10322251757910784,1.4491,1.9512,0.5021,52,1.752,136.0,1,53,1.7699,0.017900000000000027,0.010216894977168964,False
WT-01,w1118_sv_feb_40xx0.75-1,2567,9,8,1.568975,0.09866523124760236,0.06288515192887227,1.3401,1.6292,0.2890999999999999,52,1.6202,127.0,2,51;53,1.6234;1.6292,0.008999999999999897,0.005554869769164237,False
WT-01,w1118_sv_feb_40xx0.75-1,2569,15,12,1.8345,0.17523902118379497,0.09552413256134913,1.5204,2.1018,0.5813999999999999,54,2.0352,245.0,2,53;55,1.9861;2.1018,0.06659999999999977,0.03272405660377347,False
WT-01,w1118_sv_feb_40xx0.75-1,2571,5,3,1.4596,0.12868228316283484,0.08816270427708607,1.3127,1.5524,0.23970000000000002,48,1.5524,74.0,1,49,1.5137,0.03869999999999996,0.024929141973718087,False
WT-01,w1118_sv_feb_40xx0.75-1,2572,6,4,1.4155249999999997,0.18145729295530294,0.1281908076192953,1.1543,1.5631,0.40879999999999983,50,1.5631,52.0,1,49,1.1543,0.40879999999999983,0.26153157187639936,False
WT-01,w1118_sv_feb_40xx0.75-1,2576,10,10,1.58764,0.21904288367552344,0.1379676020228285,1.1443,1.8101,0.6658,55,1.7784,118.0,2,54;56,1.6918;1.5705,0.20789999999999997,0.11690283400809716,False
WT-01,w1118_sv_feb_40xx0.75-1,2578,13,11,1.4909000000000001,0.11131536282113082,0.07466319861904273,1.3388,1.6056,0.2667999999999999,55,1.6056,82.0,2,54;56,1.3584;1.6055,0.24719999999999986,0.15396113602391623,False
WT-01,w1118_sv_feb_40xx0.75-1,2580,8,8,1.3128625,0.267797140374682,0.20397957925881954,0.6882,1.4845,0.7962999999999999,53,1.4755,93.0,2,52;54,1.4432;1.425,0.05049999999999999,0.034225686208065056,False
WT-01,w1118_sv_feb_40xx0.75-1,2581,5,5,1.5019,0.4231566199411277,0.28174753308551015,0.8468,1.8809,1.0341,49,1.8731,247.0,1,50,1.8809,0.007800000000000029,0.00416421974267259,False
WT-01,w1118_sv_feb_40xx0.75-1,2584,4,4,1.7670499999999998,0.1163598011915341,0.0658497502569447,1.6257,1.8732,0.24750000000000005,50,1.8508,179.0,1,49,1.6257,0.22510000000000008,0.12162308191052522,False
WT-01,w1118_sv_feb_40xx0.75-1,2586,11,8,1.6629375,0.058368336266947284,0.03509953697414803,1.6066,1.7916,0.18500000000000005,57,1.6832,119.0,2,56;58,1.667;1.6553,0.027900000000000036,0.016575570342205345,False
WT-01,w1118_sv_feb_40xx0.75-1,2587,9,8,1.746775,0.060346564584430655,0.03454741714555719,1.6807,1.8228,0.1420999999999999,54,1.7303,133.0,2,53;55,1.8199;1.8228,0.09250000000000003,0.053458937756458436,False
WT-01,w1118_sv_feb_40xx0.75-1,2590,7,7,1.6458857142857142,0.04211236669401792,0.02558644645159579,1.6057,1.7259,0.12020000000000008,50,1.7259,246.0,2,49;51,1.6495;1.6063,0.11959999999999993,0.06929717828379392,False
WT-01,w1118_sv_feb_40xx0.75-1,2597,8,5,1.5904399999999999,0.18336933494998553,0.11529472029751864,1.2757,1.7568,0.48109999999999986,53,1.7568,110.0,1,52,1.6548,0.10199999999999987,0.05806010928961741,False
WT-01,w1118_sv_feb_40xx0.75-1,2598,8,8,1.3665249999999998,0.05646778474746213,0.04132217467478615,1.2526,1.4452,0.1926000000000001,50,1.4452,105.0,2,49;51,1.3735;1.2526,0.1926000000000001,0.13326875172986444,False
WT-01,w1118_sv_feb_40xx0.75-1,2602,4,4,1.7691999999999999,0.22179223010135712,0.12536300593565292,1.4384,1.8999,0.4615,51,1.8999,138.0,2,50;52,1.8921;1.8464,0.05349999999999988,0.028159376809305692,False
WT-01,w1118_sv_feb_40xx0.75-1,2603,8,7,1.8068428571428572,0.1303594755172897,0.07214765523296579,1.5413,1.8921,0.3508,52,1.8921,170.0,2,51;53,1.8921;1.8878,0.0042999999999999705,0.0022726071560699597,False
WT-01,w1118_sv_feb_40xx0.75-1,2605,3,3,1.6364999999999998,0.18849116690179402,0.1151794481526392,1.4227,1.7787,0.35599999999999987,49,1.7787,265.0,1,50,1.7081,0.0706,0.039691909821779954,False
WT-01,w1118_sv_feb_40xx0.75-1,2606,9,8,1.5080375,0.19605079471183703,0.13000392544073808,1.0714,1.6223,0.5509000000000002,54,1.6223,119.0,2,53;55,1.6089;1.6157,0.013400000000000079,0.008259877951057188,False
WT-01,w1118_sv_feb_40xx0.75-1,2607,3,3,1.9711333333333332,0.03694595151479168,0.018743507042374107,1.93,2.0015,0.07150000000000012,50,2.0015,269.0,2,49;51,1.93;1.9819,0.07150000000000012,0.03572320759430433,False
WT-01,w1118_sv_feb_40xx0.75-1,2608,8,8,1.5431499999999998,0.19323684209502376,0.12522233230406882,1.0749,1.6757,0.6008,54,1.6078,118.0,2,53;55,1.6134;1.6263,0.018500000000000183,0.011506406269436612,False
WT-01,w1118_sv_feb_40xx0.75-1,2609,11,10,1.5970499999999999,0.11816234829909039,0.07398788284592868,1.3379,1.7216,0.38369999999999993,55,1.6328,243.0,2,54;56,1.7216;1.6068,0.08879999999999999,0.054385105340519345,False
WT-01,w1118_sv_feb_40xx0.75-1,2610,9,4,1.624975,0.014490772926245215,0.008917535916703466,1.6157,1.6466,0.03090000000000015,53,1.6187,136.0,1,54,1.6157,0.0030000000000001137,0.001853339099277268,False
WT-01,w1118_sv_feb_40xx0.75-1,2611,7,6,1.5895333333333335,0.10154964631482799,0.06388645282566874,1.3908,1.6601,0.2692999999999999,53,1.6601,134.0,2,52;54,1.6371;1.6379,0.02299999999999991,0.013854587073067833,False
WT-01,w1118_sv_feb_40xx0.75-1,2613,9,8,1.6634875,0.23339069290722436,0.14030204188923834,1.1354,1.8926,0.7572000000000001,51,1.7884,123.0,2,50;52,1.6889;1.7819,0.09949999999999992,0.0556363229702527,False
WT-01,w1118_sv_feb_40xx0.75-1,2615,7,7,1.4096571428571427,0.2864500588068995,0.20320548174310843,0.7601,1.5224,0.7623,51,1.5214,114.0,2,50;52,1.5141;1.5155,0.007300000000000084,0.004798212172998609,False
WT-01,w1118_sv_feb_40xx0.75-1,2617,9,8,1.2392875,0.17487806721500881,0.14111178174153197,0.9316,1.5203,0.5887,55,1.5203,72.0,2,54;56,1.1702;1.2779,0.3501000000000001,0.23028349667828724,False
WT-01,w1118_sv_feb_40xx0.75-1,2618,4,4,1.690875,0.013861547532653026,0.008197854680359593,1.6729,1.7044,0.03149999999999986,53,1.7044,129.0,1,52,1.6876,0.016799999999999926,0.009856841117108618,False
WT-01,w1118_sv_feb_40xx0.75-1,2620,8,8,1.7940625,0.13589959463305462,0.07574964341156154,1.533,1.8921,0.3591,55,1.8921,122.0,2,54;56,1.7558;1.6557,0.23639999999999994,0.12494054225463769,False
WT-01,w1118_sv_feb_40xx0.75-1,2622,6,6,1.6433666666666664,0.25096910301203745,0.15271643760493955,1.1808,1.9417,0.7608999999999999,55,1.9417,130.0,1,54,1.6674,0.2743,0.14126796106504608,False
WT-01,w1118_sv_feb_40xx0.75-1,2624,8,8,1.266875,0.12609987821451016,0.09953616435284472,1.054,1.3545,0.3005,53,1.3401,57.0,2,52;54,1.0749;1.338,0.2652000000000001,0.1978956794269085,False
WT-01,w1118_sv_feb_40xx0.75-1,2626,6,6,1.2516666666666667,0.23815563538717,0.19027081389121436,0.8132,1.4261,0.6128999999999999,55,1.4261,102.0,1,54,1.3655,0.06059999999999999,0.04249351377883738,False
WT-01,w1118_sv_feb_40xx0.75-1,2627,3,3,4.3123,1.7300410948876332,0.40118755533882927,2.321,5.4461,3.1251,51,5.4461,321.0,2,50;52,5.1698;2.321,3.1251,0.5738234700060594,True
WT-01,w1118_sv_feb_40xx0.75-1,2628,8,8,1.9147875,0.05032563781442383,0.026282622909552016,1.8485,2.002,0.15349999999999975,51,1.9241,255.0,2,50;52,2.002;1.8485,0.07789999999999986,0.04048646120264012,False
WT-01,w1118_sv_feb_40xx0.75-1,2630,9,8,1.7230374999999998,0.13300096602764094,0.0771898267029249,1.6064,1.9142,0.30779999999999985,54,1.6685,132.0,2,53;55,1.8921;1.6278,0.2235999999999998,0.13401258615522912,False
WT-01,w1118_sv_feb_40xx0.75-1,2632,14,12,1.801525,0.1703993551257537,0.09458617289560438,1.3978,1.9343,0.5365,64,1.9343,154.0,1,63,1.9068,0.027499999999999858,0.014217029416326247,False
WT-01,w1118_sv_feb_40xx0.75-1,2633,7,6,1.5803333333333331,0.038125197267249195,0.02412478207166159,1.5577,1.6553,0.09759999999999991,51,1.6553,124.0,2,50;52,1.5856;1.5605,0.0948,0.057270585392376,False
WT-01,w1118_sv_feb_40xx0.75-1,2634,4,4,1.93495,0.020719475540338032,0.010708015990251962,1.907,1.9516,0.04459999999999997,53,1.9497,166.0,1,52,1.9516,0.0019000000000000128,0.0009745088988049509,False
WT-01,w1118_sv_feb_40xx0.75-1,2637,15,15,2.0057066666666663,0.7681299531670283,0.3829722291563215,0.7917,3.3579,2.5662,63,3.2229,234.0,2,62;64,3.1467;2.8937,0.32920000000000016,0.10214403177262718,False
WT-01,w1118_sv_feb_40xx0.75-1,2638,10,10,1.66553,0.23553534318417882,0.14141765274968257,1.1954,1.8923,0.6969000000000001,54,1.8757,123.0,2,53;55,1.8923;1.7672,0.10849999999999982,0.05784507117342849,False
WT-01,w1118_sv_feb_40xx0.75-1,2641,9,9,1.666722222222222,0.15172209609824291,0.09103022331816849,1.3433,1.8667,0.5234000000000001,56,1.7951,131.0,2,55;57,1.6275;1.7835,0.16759999999999997,0.09336527212968636,False
WT-01,w1118_sv_feb_40xx0.75-1,2643,7,6,1.6739999999999997,0.28570739577406806,0.17067347417805742,1.1182,1.9092,0.7909999999999999,56,1.9092,147.0,1,55,1.8496,0.0596000000000001,0.03121726377540336,False
WT-01,w1118_sv_feb_40xx0.75-1,2646,11,10,1.84496,0.11815340499160873,0.0640411743298547,1.6598,2.007,0.3472000000000002,54,2.007,147.0,2,53;55,1.8412;1.9003,0.16580000000000017,0.08261086198305938,False
WT-01,w1118_sv_feb_40xx0.75-1,2651,3,3,1.4835666666666665,0.39961724604092524,0.26936251334009836,1.023,1.7384,0.7154,50,1.7384,126.0,1,51,1.6893,0.04909999999999992,0.028244362632305522,False
WT-01,w1118_sv_feb_40xx0.75-1,2652,10,10,1.77868,0.24972099453412222,0.14039680804536073,1.1485,1.9836,0.8351,50,1.9836,188.0,0,,,,,False
WT-01,w1118_sv_feb_40xx0.75-1,2653,8,8,1.732775,0.15113624647979051,0.08722208392883699,1.6056,1.9521,0.34650000000000003,54,1.8895,168.0,2,53;55,1.6169;1.8901,0.27259999999999995,0.14427097115639057,False
WT-01,w1118_sv_feb_40xx0.75-1,2654,8,7,1.709042857142857,0.18383900435927494,0.10756839923055718,1.3773,1.9143,0.5369999999999999,57,1.9143,147.0,1,56,1.8921,0.022199999999999998,0.011596928381131483,False
WT-01,w1118_sv_feb_40xx0.75-1,2656,17,11,1.4944727272727272,0.1539638080258415,0.10302215973309264,1.1428,1.6082,0.46540000000000004,58,1.5882,97.0,2,57;59,1.6082;1.4595,0.12870000000000004,0.08103513411409144,False
WT-01,w1118_sv_feb_40xx0.75-1,2657,9,6,1.01895,0.4303443865092235,0.4223410241024815,0.4799,1.5731,1.0932,56,1.5731,63.0,2,55;57,1.1858;1.3782,0.3873,0.24620176721123896,False
WT-01,w1118_sv_feb_40xx0.75-1,2660,14,12,1.7516416666666668,0.07230497855778965,0.04127840752691408,1.6411,1.8617,0.2205999999999999,56,1.7935,116.0,2,55;57,1.8421;1.7115,0.08200000000000007,0.04572065793141905,False
WT-01,w1118_sv_feb_40xx0.75-1,2663,11,10,1.37734,0.1700313382879756,0.12344906725135085,1.0132,1.6138,0.6005999999999998,61,1.5185,145.0,1,60,1.6138,0.09529999999999994,0.06275930194270658,False
WT-01,w1118_sv_feb_40xx0.75-1,2664,9,8,2.5267875,0.6147252125659771,0.2432833044195355,1.5866,3.0985,1.5119,55,3.0523,227.0,2,54;56,3.0663;2.6552,0.3971,0.1300986141598139,False
WT-01,w1118_sv_feb_40xx0.75-1,2665,13,13,1.3042769230769231,0.2187153064063196,0.16769085041414958,1.0273,1.6617,0.6343999999999999,57,1.6617,76.0,2,56;58,1.5623;1.4369,0.2247999999999999,0.13528314376842987,False
WT-01,w1118_sv_feb_40xx0.75-1,2667,11,9,1.504,0.14447586303601026,0.09606107914628342,1.2217,1.6366,0.41490000000000005,57,1.6055,108.0,2,56;58,1.4032;1.6142,0.20229999999999992,0.12600436001245713,False
WT-01,w1118_sv_feb_40xx0.75-1,2673,6,5,1.81174,0.12751371690920157,0.07038190739797189,1.6002,1.8922,0.29200000000000004,51,1.8922,129.0,1,52,1.8922,0.0,0.0,False
WT-01,w1118_sv_feb_40xx0.75-1,2674,7,7,1.4174,0.3197170884808421,0.22556588717429246,0.7646,1.6521,0.8875,57,1.6056,96.0,2,56;58,1.3412;1.6126,0.26439999999999997,0.16467364225211759,False
WT-01,w1118_sv_feb_40xx0.75-1,2675,11,9,1.656922222222222,0.4138438013845857,0.2497665827847664,0.7806,1.9239,1.1433,61,1.9239,264.0,1,60,1.8921,0.03180000000000005,0.01652892561983474,False
WT-01,w1118_sv_feb_40xx0.75-1,2676,7,7,1.5308571428571427,0.21338283168320468,0.13938781464934985,1.1353,1.8493,0.714,52,1.6513,108.0,2,51;53,1.1353;1.5137,0.516,0.3124810755162599,True
WT-01,w1118_sv_feb_40xx0.75-1,2679,13,11,2.4406272727272733,0.6253677767376715,0.25623239718978297,1.8701,3.3506,1.4805,59,3.3506,228.0,2,58;60,2.3861;3.232,0.9645000000000001,0.2878588909449054,True
WT-01,w1118_sv_feb_40xx0.75-1,2681,8,6,1.5259333333333334,0.1815994897202816,0.11900879661864755,1.1952,1.6926,0.49740000000000006,58,1.6926,122.0,0,,,,,False
WT-01,w1118_sv_feb_40xx0.75-1,2683,4,4,1.94115,0.1822174616586822,0.0938708815180085,1.7864,2.2045,0.4180999999999999,53,2.2045,161.0,2,52;54,1.8725;1.7864,0.4180999999999999,0.18965751871172598,False
WT-01,w1118_sv_feb_40xx0.75-1,2685,5,5,1.76422,0.10200643116980421,0.057819563982838995,1.6349,1.8862,0.2513000000000001,55,1.8862,138.0,1,54,1.6952,0.19100000000000006,0.10126179620400809,False
WT-01,w1118_sv_feb_40xx0.75-1,2686,9,8,1.7077375,0.1399510214069806,0.0819511320721016,1.4037,1.8305,0.42680000000000007,55,1.8305,134.0,2,54;56,1.8266;1.7832,0.04730000000000012,0.02583993444414101,False
WT-01,w1118_sv_feb_40xx0.75-1,2688,8,8,1.3772375000000001,0.2775616685016657,0.20153507909976723,0.7737,1.5471,0.7733999999999999,54,1.5471,179.0,2,53;55,1.5153;1.533,0.03179999999999983,0.020554585999612067,False
WT-01,w1118_sv_feb_40xx0.75-1,2690,16,15,1.42156,0.19253036421005687,0.135435974710921,1.1353,1.5921,0.4568000000000001,62,1.5859,106.0,2,61;63,1.5612;1.5462,0.03970000000000007,0.025033104231036045,False
WT-01,w1118_sv_feb_40xx0.75-1,2691,10,10,1.83185,0.14398347320284904,0.07860003450219671,1.5323,1.9435,0.4112,60,1.9025,269.0,2,59;61,1.8921;1.8921,0.010400000000000187,0.005466491458607194,False
WT-01,w1118_sv_feb_40xx0.75-1,2695,8,7,1.6348142857142858,0.15444183833589728,0.09447057056295437,1.338,1.8619,0.5239,52,1.6891,137.0,2,51;53,1.6299;1.6495,0.05920000000000014,0.035048250547629,False
WT-01,w1118_sv_feb_40xx0.75-1,2696,9,9,1.7561777777777778,0.05307155023592625,0.030219919023848272,1.6606,1.8294,0.16879999999999984,54,1.8294,210.0,2,53;55,1.7005;1.8018,0.12890000000000001,0.07046026019459933,False
WT-01,w1118_sv_feb_40xx0.75-1,2697,9,9,1.9096555555555557,0.18060481105933418,0.09457454802983711,1.6596,2.2503,0.5907000000000002,56,1.8921,143.0,2,55;57,1.8962;2.129,0.2369000000000001,0.12520479890069242,False
WT-01,w1118_sv_feb_40xx0.75-1,2699,9,8,1.554,0.169326919638567,0.10896198174939961,1.1358,1.6387,0.5029000000000001,56,1.6056,130.0,2,55;57,1.6101;1.6055,0.0045000000000001705,0.002802690582959748,False
WT-01,w1118_sv_feb_40xx0.75-1,2701,11,11,1.7360909090909091,0.34675032935686,0.19973051384643975,1.2788,2.4598,1.181,61,2.4598,209.0,1,60,1.8921,0.5677000000000001,0.2307911212293683,True
WT-01,w1118_sv_feb_40xx0.75-1,2702,5,5,1.55424,0.11473265882040734,0.07381913914222214,1.349,1.6056,0.25659999999999994,51,1.6055,91.0,1,52,1.6056,9.999999999998899e-05,6.228589224539956e-05,False
WT-01,w1118_sv_feb_40xx0.75-1,2708,10,9,1.8301,0.14991729386565114,0.08191754213739748,1.4984,1.9223,0.42389999999999994,57,1.9223,139.0,2,56;58,1.8995;1.6559,0.26639999999999997,0.13858398793112417,False
WT-01,w1118_sv_feb_40xx0.75-1,2711,6,6,1.6177833333333334,0.25093982877707294,0.15511337248111487,1.1918,1.945,0.7532000000000001,56,1.945,144.0,1,55,1.7321,0.2129000000000001,0.10946015424164529,False
WT-01,w1118_sv_feb_40xx0.75-1,2713,8,8,1.8400750000000001,0.13137685978023025,0.07139755704535426,1.5386,1.9136,0.375,57,1.8975,263.0,2,56;58,1.7635;1.9081,0.1339999999999999,0.07061923583662709,False
WT-01,w1118_sv_feb_40xx0.75-1,2715,12,10,1.80655,0.09151014819254871,0.05065464459469636,1.6592,1.9048,0.24560000000000004,56,1.9048,181.0,2,55;57,1.8942;1.8922,0.012599999999999945,0.006614867702645918,False
WT-01,w1118_sv_feb_40xx0.75-1,2717,4,3,0.9112666666666667,0.1442880914467072,0.15833794510941607,0.7804,1.066,0.2856000000000001,53,0.8874,24.0,2,52;54,0.7804;1.066,0.1786000000000001,0.20126211404101882,False
WT-01,w1118_sv_feb_40xx0.75-1,2719,8,7,1.5964714285714285,0.051089226336078375,0.03200134084566398,1.5572,1.688,0.13080000000000003,55,1.5598,130.0,2,54;56,1.5743;1.5584,0.014499999999999957,0.009296063597897138,False
WT-01,w1118_sv_feb_40xx0.75-1,2720,11,10,1.41365,0.26851317886134046,0.18994318173617264,0.8077,1.6071,0.7994,52,1.6055,122.0,1,53,1.6055,0.0,0.0,False
WT-01,w1118_sv_feb_40xx0.75-1,2721,4,4,1.72305,0.06221395877668181,0.0361068795314598,1.6366,1.7841,0.14749999999999996,54,1.7841,235.0,2,53;55,1.7424;1.7291,0.05499999999999994,0.03082786839302726,False
WT-01,w1118_sv_feb_40xx0.75-1,2722,8,8,1.7314375,0.18743037516825883,0.10825130861972138,1.5137,1.8939,0.38019999999999987,55,1.8921,125.0,2,54;56,1.8921;1.5142,0.3778999999999999,0.19972517308810311,False
WT-01,w1118_sv_feb_40xx0.75-1,2725,4,3,1.8985333333333332,0.015638520816667143,0.008237158938479077,1.8823,1.9135,0.031199999999999894,55,1.8998,134.0,2,54;56,1.9135;1.8823,0.01749999999999985,0.009211495946941704,False
WT-01,w1118_sv_feb_40xx0.75-1,2733,9,9,1.5299,0.35622289370561233,0.23284063906504499,0.6095,1.744,1.1345,55,1.6388,126.0,2,54;56,1.6326;1.6717,0.03289999999999993,0.02007566512082007,False
WT-01,w1118_sv_feb_40xx0.75-1,2734,10,9,3.0213222222222225,0.3126136424477416,0.1034691500788718,2.2271,3.2477,1.0206,56,3.1512,199.0,2,55;57,3.0184;3.1911,0.13279999999999959,0.042142675806042015,False
WT-01,w1118_sv_feb_40xx0.75-1,2735,3,3,1.5422666666666667,0.024484757163046014,0.0158758259464723,1.514,1.5569,0.04289999999999994,52,1.5569,126.0,1,53,1.5559,0.0009999999999998899,0.0006423020104052218,False
WT-01,w1118_sv_feb_40xx0.75-1,2738,9,7,1.8488000000000002,0.16801305504831068,0.09087681471674094,1.5332,2.0339,0.5007000000000001,59,1.9451,150.0,2,58;60,1.9179;2.0339,0.08879999999999999,0.045653179785101014,False
WT-01,w1118_sv_feb_40xx0.75-1,2739,8,8,1.9141624999999998,0.03196895536521109,0.01670127555273447,1.8678,1.956,0.08820000000000006,56,1.9267,207.0,2,55;57,1.9117;1.9426,0.015900000000000025,0.008252452379716627,False
WT-01,w1118_sv_feb_40xx0.75-1,2742,7,6,1.66495,0.048241589940631116,0.028974798006325186,1.6058,1.7265,0.12070000000000003,52,1.6764,118.0,1,53,1.6536,0.02279999999999993,0.013600572655690726,False
WT-01,w1118_sv_feb_40xx0.75-1,2743,8,7,1.848542857142857,0.06557374619827805,0.03547320850306391,1.7556,1.9142,0.15859999999999985,56,1.8921,132.0,2,55;57,1.8649;1.8921,0.02719999999999989,0.01437556154537281,False
WT-01,w1118_sv_feb_40xx0.75-1,2744,5,5,1.95228,0.07522823273213321,0.038533526303672225,1.8618,2.0576,0.19579999999999997,52,2.0576,245.0,1,53,1.9938,0.06379999999999986,0.03100699844478998,False
WT-01,w1118_sv_feb_40xx0.75-1,2745,8,8,1.8092375,0.11161675421471712,0.0616927043656331,1.5506,1.8833,0.3327,54,1.8833,242.0,2,53;55,1.8506;1.8797,0.03269999999999995,0.017363139170604763,False
WT-01,w1118_sv_feb_40xx0.75-1,2753,4,3,1.9427666666666668,0.25583309663398385,0.13168493212462493,1.6603,2.1589,0.49859999999999993,52,2.1589,199.0,1,53,2.0091,0.14979999999999993,0.06938718791977393,False
WT-01,w1118_sv_feb_40xx0.75-1,2754,7,7,1.8746428571428573,0.13482206616058634,0.07191880077150728,1.5798,1.9635,0.38369999999999993,54,1.9635,154.0,2,53;55,1.9107;1.8538,0.10970000000000013,0.055869620575502994,False
WT-01,w1118_sv_feb_40xx0.75-1,2755,10,10,1.4832100000000001,0.18855826361572645,0.12712850076235085,1.0866,1.6426,0.556,57,1.6329,107.0,2,56;58,1.6365;1.564,0.06889999999999996,0.04219486802621101,False
WT-01,w1118_sv_feb_40xx0.75-1,2756,9,8,1.6174625,0.1878868575765745,0.11616149219940153,1.1729,1.7413,0.5684,57,1.7236,134.0,2,56;58,1.6911;1.6925,0.03249999999999997,0.018855883035507063,False
WT-01,w1118_sv_feb_40xx0.75-1,2757,11,11,1.7779727272727273,0.16722707969051598,0.09405491834907355,1.5137,2.0627,0.5489999999999999,56,2.0627,206.0,2,55;57,1.8923;1.9475,0.17039999999999988,0.0826101711349202,False
WT-01,w1118_sv_feb_40xx0.75-1,2758,8,6,1.0818,0.15983416405762566,0.14774834910115145,0.7568,1.1715,0.41469999999999996,56,1.1381,68.0,2,55;57,1.1353;1.1534,0.015300000000000091,0.013443458395571648,False
WT-01,w1118_sv_feb_40xx0.75-1,2761,6,6,1.37315,0.12762969482060202,0.0929466517282176,1.1593,1.5285,0.3692,55,1.5285,82.0,2,54;56,1.4366;1.44,0.09189999999999987,0.06012430487405945,False
WT-01,w1118_sv_feb_40xx0.75-1,2763,9,9,1.4684666666666668,0.20345065126462483,0.1385463190161789,1.1446,1.7917,0.6471,57,1.5427,121.0,2,56;58,1.5153;1.514,0.028699999999999948,0.018603746677902346,False
WT-01,w1118_sv_feb_40xx0.75-1,2764,11,10,1.53545,0.18012458188709282,0.1173106137530319,1.0814,1.6251,0.5437000000000001,59,1.6117,100.0,2,58;60,1.6055;1.6219,0.010199999999999987,0.006328721226034614,False
WT-01,w1118_sv_feb_40xx0.75-1,2769,8,8,1.571875,0.11961505817771083,0.07609705490430908,1.2769,1.6349,0.3580000000000001,55,1.6055,119.0,1,56,1.6055,0.0,0.0,False
WT-01,w1118_sv_feb_40xx0.75-1,2771,6,6,1.5801166666666664,0.1551707500357805,0.09820208425693074,1.3034,1.7066,0.4032,58,1.7066,130.0,1,57,1.6569,0.049699999999999855,0.029122231337161526,False
WT-01,w1118_sv_feb_40xx0.75-1,2774,9,9,1.5362222222222224,0.3506287380470181,0.22824089703624784,0.7956,1.7755,0.9799000000000001,55,1.7755,149.0,2,54;56,1.6357;1.6991,0.13980000000000015,0.07873838355392855,False
WT-01,w1118_sv_feb_40xx0.75-1,2775,14,14,1.672907142857143,0.25743498795225567,0.15388480409772462,0.8758,1.919,1.0432000000000001,66,1.7424,206.0,1,65,1.881,0.13860000000000006,0.07954545454545459,False
WT-01,w1118_sv_feb_40xx0.75-1,2777,4,4,2.038725,0.1475706469232054,0.07238379228351317,1.9363,2.2532,0.3169000000000002,53,1.9469,101.0,1,54,2.0185,0.07159999999999989,0.03677641378601874,False
WT-01,w1118_sv_feb_40xx0.75-1,2778,7,7,1.6221142857142856,0.1794546314863586,0.11063007894498453,1.3425,1.8481,0.5056,54,1.8174,153.0,2,53;55,1.6095;1.8481,0.20789999999999997,0.11439418950148562,False
WT-01,w1118_sv_feb_40xx0.75-1,2780,5,5,1.8872399999999998,0.2722599731873931,0.14426356647135136,1.5216,2.2875,0.7659,53,2.2875,139.0,1,54,1.8957,0.39180000000000015,0.17127868852459022,False
WT-01,w1118_sv_feb_40xx0.75-1,2788,8,7,1.5874428571428572,0.0860371403744309,0.05419857476273758,1.3936,1.6365,0.24290000000000012,55,1.6208,123.0,2,54;56,1.3936;1.6115,0.22720000000000007,0.14017769002961505,False
WT-01,w1118_sv_feb_40xx0.75-1,2792,6,6,1.8417166666666667,0.12192232636669414,0.06620037086777417,1.6719,2.0028,0.3309000000000002,58,2.0028,265.0,1,57,1.9648,0.038000000000000034,0.018973437187936905,False
WT-01,w1118_sv_feb_40xx0.75-1,2794,3,3,1.6317333333333333,0.04235803741125573,0.025958921440138748,1.6055,1.6806,0.07510000000000017,55,1.6806,123.0,1,54,1.6091,0.07150000000000012,0.04254432940616453,False
WT-01,w1118_sv_feb_40xx0.75-1,2795,7,7,2.0000142857142857,0.14689943758198923,0.07344919415389352,1.9043,2.3278,0.42349999999999977,58,1.98,251.0,2,57;59,2.3278;1.9195,0.3477999999999999,0.1756565656565656,False
WT-01,w1118_sv_feb_40xx0.75-1,2797,7,6,1.6822666666666668,0.28287206766781814,0.16814936256706317,1.1735,1.8933,0.7198,57,1.6056,236.0,2,56;58,1.6356;1.8933,0.28770000000000007,0.17918535127055313,False
WT-01,w1118_sv_feb_40xx0.75-1,2799,6,6,1.5192666666666668,0.21122766548600264,0.13903264655272454,1.0881,1.6055,0.5173999999999999,55,1.6055,134.0,1,56,1.6055,0.0,0.0,False
WT-01,w1118_sv_feb_40xx0.75-1,2801,7,7,2.4240285714285714,0.7088733048866718,0.29243603530172335,1.7498,3.3485,1.5987,54,3.0273,372.0,2,53;55,1.8921;3.1429,1.1352,0.3749876127242097,True
WT-01,w1118_sv_feb_40xx0.75-1,2803,3,3,1.7313999999999998,0.1824943012808893,0.1054027384087382,1.533,1.8921,0.3591,55,1.8921,93.0,1,54,1.7691,0.123,0.06500713492944347,False
WT-01,w1118_sv_feb_40xx0.75-1,2805,8,7,1.664057142857143,0.020309838103971287,0.012205012424693434,1.6353,1.6876,0.05230000000000001,53,1.6377,131.0,1,54,1.6665,0.02880000000000016,0.017585638395310594,False
WT-01,w1118_sv_feb_40xx0.75-1,2807,4,4,1.788175,0.08639712090110406,0.04831580852047705,1.6665,1.8694,0.20289999999999986,56,1.8694,112.0,1,55,1.7991,0.07030000000000003,0.03760564887129562,False
WT-01,w1118_sv_feb_40xx0.75-1,2808,6,6,1.7695999999999998,0.2100366444218722,0.11869159381886993,1.3845,1.9999,0.6154,57,1.9999,167.0,1,56,1.7381,0.26180000000000003,0.13090654532726637,False
WT-01,w1118_sv_feb_40xx0.75-1,2810,10,9,1.7894111111111113,0.1744611163300038,0.09749638596000137,1.376,1.9904,0.6144000000000001,59,1.8914,134.0,2,58;60,1.8831;1.8557,0.035700000000000065,0.01887490747594378,False
WT-01,w1118_sv_feb_40xx0.75-1,2811,10,9,1.559522222222222,0.2754930887417041,0.17665223670179164,0.8756,1.7906,0.9149999999999999,61,1.7702,163.0,1,60,1.6207,0.14949999999999997,0.08445373404135124,False
WT-01,w1118_sv_feb_40xx0.75-1,2812,4,4,1.444525,0.11972759010910286,0.08288370925328593,1.3397,1.5765,0.23680000000000012,53,1.5153,65.0,1,54,1.3466,0.16870000000000007,0.11133108955322382,False
WT-01,w1118_sv_feb_40xx0.75-1,2813,13,12,1.5119583333333333,0.1503770198735851,0.09945844178262304,1.2343,1.6878,0.4535,58,1.6878,67.0,2,57;59,1.6335;1.6208,0.06699999999999995,0.03969664652209975,False
WT-01,w1118_sv_feb_40xx0.75-1,2814,10,9,1.6722555555555556,0.2696131817581955,0.16122726030868217,1.0071,1.9481,0.9409999999999998,60,1.8672,115.0,2,59;61,1.7569;1.9481,0.11030000000000006,0.0590724078834619,False
WT-01,w1118_sv_feb_40xx0.75-1,2815,4,3,1.5810000000000002,0.1272347829801269,0.08047740858958057,1.4387,1.6838,0.24509999999999987,56,1.6838,95.0,1,55,1.6205,0.06329999999999991,0.03759353842499104,False
WT-01,w1118_sv_feb_40xx0.75-1,2816,10,8,1.713975,0.1905790106116471,0.111191242936243,1.2684,1.841,0.5726,61,1.7897,139.0,1,60,1.7865,0.0032000000000000917,0.0017880091635470144,False
WT-01,w1118_sv_feb_40xx0.75-1,2817,14,12,1.3368833333333334,0.4173215739218452,0.3121600542968186,0.7378,2.4094,1.6716000000000002,65,2.4094,89.0,2,64;66,1.3718;1.565,1.0376000000000003,0.4306466340167677,True
WT-01,w1118_sv_feb_40xx0.75-1,2821,8,8,2.0575125,0.5582144069326255,0.2713054753896394,1.5461,3.3951,1.8489999999999998,54,3.3951,251.0,2,53;55,2.0379;1.8964,1.4986999999999997,0.44143029660392913,True
WT-01,w1118_sv_feb_40xx0.75-1,2823,8,7,1.744642857142857,0.11996895233271616,0.06876418966870118,1.5619,1.8989,0.33699999999999997,60,1.8989,218.0,1,59,1.7994,0.09949999999999992,0.05239875717520666,False
WT-01,w1118_sv_feb_40xx0.75-1,2825,14,12,2.0933333333333333,0.7940638894988619,0.3793298835185646,1.406,3.4803,2.0743,60,3.2499,213.0,2,59;61,3.3618;3.4803,0.23040000000000038,0.070894489061202,False
WT-01,w1118_sv_feb_40xx0.75-1,2829,10,10,1.68648,0.18343752675562933,0.10876946465752889,1.3428,1.9533,0.6105,55,1.8787,207.0,2,54;56,1.7417;1.7032,0.1755,0.09341565976473093,False
WT-01,w1118_sv_feb_40xx0.75-1,2830,3,3,1.6055333333333335,0.26755000155734127,0.16664244584811355,1.338,1.8731,0.5350999999999999,55,1.8731,146.0,2,54;56,1.338;1.6055,0.5350999999999999,0.28567615183385825,True
WT-01,w1118_sv_feb_40xx0.75-1,2833,10,9,1.3514222222222223,0.192815726652274,0.14267615515099039,1.1353,1.514,0.37870000000000004,58,1.5137,96.0,2,57;59,1.1709;1.5139,0.3428,0.2264649534253815,False
WT-01,w1118_sv_feb_40xx0.75-1,2836,8,8,0.9081250000000001,0.1834044846779925,0.20195951513061802,0.7869,1.3496,0.5626999999999999,57,0.8346,74.0,2,56;58,0.9237;0.8328,0.08909999999999996,0.10675772825305531,False
WT-01,w1118_sv_feb_40xx0.75-1,2839,8,8,1.6795125,0.1776864528761669,0.10579644562107571,1.3382,1.8742,0.536,59,1.8735,255.0,2,58;60,1.6055;1.7742,0.268,0.1430477715505738,False
WT-01,w1118_sv_feb_40xx0.75-1,2844,11,10,1.56802,0.27023348258702345,0.1723405840403971,1.0377,1.8758,0.8380999999999998,59,1.8758,118.0,2,58;60,1.8096;1.6477,0.22809999999999997,0.12160145004797952,False
WT-01,w1118_sv_feb_40xx0.75-1,2845,6,6,1.2564833333333334,0.4196165650527475,0.3339611071000391,0.4642,1.5521,1.0879,55,1.5521,69.0,2,54;56,0.4642;1.1373,1.0879,0.7009213323883771,True
WT-01,w1118_sv_feb_40xx0.75-1,2846,6,6,1.6129,0.010253974839056348,0.006357477115169166,1.6055,1.6272,0.021700000000000053,57,1.6055,119.0,1,56,1.6056,9.999999999998899e-05,6.228589224539956e-05,False
WT-01,w1118_sv_feb_40xx0.75-1,2847,13,10,1.59082,0.1407099680588092,0.08845121890522448,1.3433,1.775,0.4317,59,1.7241,204.0,2,58;60,1.6055;1.775,0.11860000000000004,0.06878951336929415,False
WT-01,w1118_sv_feb_40xx0.75-1,2848,8,8,1.3353625,0.3519449507989242,0.26355761135940553,0.7944,1.7735,0.9791000000000001,58,1.5465,80.0,2,57;59,1.5137;1.5179,0.03279999999999994,0.021209182023924952,False
WT-01,w1118_sv_feb_40xx0.75-1,2850,5,5,1.5634199999999998,0.12608862756014114,0.08064923536870525,1.338,1.6259,0.2878999999999998,55,1.6208,125.0,2,54;56,1.6186;1.6138,0.007000000000000117,0.004318854886475887,False
WT-01,w1118_sv_feb_40xx0.75-1,2853,9,8,1.678,0.07234941010718154,0.04311645417591272,1.5375,1.7612,0.2237,59,1.6951,142.0,2,58;60,1.6331;1.6919,0.062000000000000055,0.036576013214559645,False
WT-01,w1118_sv_feb_40xx0.75-1,2855,8,8,1.861225,0.08527896659116561,0.04581873045503129,1.6653,1.9407,0.2754000000000001,60,1.8233,162.0,1,59,1.9407,0.11740000000000017,0.06438874568090834,False
WT-01,w1118_sv_feb_40xx0.75-1,2858,9,8,1.922425,0.09655272060974181,0.050224440802497786,1.8564,2.1591,0.30269999999999997,57,1.8968,188.0,2,56;58,1.8972;2.1591,0.2623,0.13828553353015605,False
WT-01,w1118_sv_feb_40xx0.75-1,2864,9,9,1.7972111111111113,0.24382743100625717,0.13566988847265296,1.1747,1.919,0.7443,58,1.8942,136.0,2,57;59,1.8972;1.9016,0.007399999999999851,0.00390666244324773,False
WT-01,w1118_sv_feb_40xx0.75-1,2868,12,12,1.9586916666666667,0.5114762510408356,0.26113158071033926,1.3501,2.9687,1.6186,58,1.9066,247.0,2,57;59,1.8734;2.574,0.6673999999999998,0.3500472044477078,True
WT-01,w1118_sv_feb_40xx0.75-1,2869,13,13,1.6451076923076924,0.10044809158248905,0.06105867236058231,1.402,1.8731,0.4711000000000001,65,1.8731,143.0,2,64;66,1.6055;1.6055,0.26760000000000006,0.14286476963322836,False
WT-01,w1118_sv_feb_40xx0.75-1,2872,8,8,1.428425,0.3280655324343424,0.22966941381895611,0.8953,1.6061,0.7108000000000001,55,1.6055,121.0,2,54;56,0.8985;1.6055,0.707,0.44036125817502336,True
WT-01,w1118_sv_feb_40xx0.75-1,2873,3,3,1.9908,0.24926806855271286,0.12521000027763354,1.8051,2.2741,0.46899999999999986,56,2.2741,152.0,1,55,1.8932,0.3808999999999998,0.16749483312079497,False
WT-01,w1118_sv_feb_40xx0.75-1,2874,9,8,1.5762874999999998,0.09654016836085821,0.06124527940547535,1.338,1.6218,0.28379999999999983,58,1.6058,120.0,2,57;59,1.6059;1.6055,0.00029999999999996696,0.0001868227674679082,False
WT-01,w1118_sv_feb_40xx0.75-1,2878,7,6,1.7444666666666666,0.05969953656994897,0.034222228323813754,1.6923,1.8561,0.16380000000000017,54,1.7332,265.0,1,55,1.6923,0.04090000000000016,0.023597969074544287,False
WT-01,w1118_sv_feb_40xx0.75-1,2879,9,9,1.6021333333333334,0.06498749879784572,0.04056310261183779,1.4292,1.6311,0.20189999999999997,57,1.624,131.0,2,56;58,1.6253;1.6226,0.0014000000000000679,0.0008620689655172831,False
WT-01,w1118_sv_feb_40xx0.75-1,2881,3,3,1.9400666666666666,0.2346442484556853,0.12094648729718152,1.6692,2.0811,0.41190000000000015,54,2.0811,176.0,1,55,2.0699,0.011200000000000099,0.005381769256643168,False
WT-01,w1118_sv_feb_40xx0.75-1,2882,7,7,1.7684428571428568,0.28046670543425084,0.1585952886752475,1.1591,1.9463,0.7871999999999999,60,1.9463,223.0,1,59,1.8921,0.054200000000000026,0.027847711041463302,False
WT-01,w1118_sv_feb_40xx0.75-1,2884,6,5,1.5470000000000002,0.24990235092931798,0.16153998120835034,1.1164,1.7056,0.5892,57,1.6869,155.0,1,58,1.5391,0.14780000000000015,0.087616337660798,False
WT-01,w1118_sv_feb_40xx0.75-1,2885,8,5,0.9410600000000002,0.21036226610302525,0.22353757050881473,0.6831,1.1363,0.45320000000000005,58,1.1363,32.0,2,57;59,0.762;0.9876,0.3743000000000001,0.3294024465370061,False
WT-01,w1118_sv_feb_40xx0.75-1,2886,9,9,1.6401222222222223,0.10977293356945714,0.06692972760330289,1.3513,1.6908,0.33950000000000014,59,1.6808,123.0,2,58;60,1.6808;1.632,0.04880000000000018,0.029033793431699293,False
WT-01,w1118_sv_feb_40xx0.75-1,2889,9,8,1.7215124999999998,0.08697860882341787,0.050524529344641925,1.6217,1.8569,0.23520000000000008,57,1.8569,145.0,2,56;58,1.6346;1.7803,0.22229999999999994,0.11971565512413158,False
WT-01,w1118_sv_feb_40xx0.75-1,2890,8,7,1.7009857142857143,0.056085810105926906,0.032972534475093296,1.6475,1.8212,0.17369999999999997,58,1.6646,234.0,2,57;59,1.6475;1.6945,0.029899999999999816,0.01796227321879119,False
WT-01,w1118_sv_feb_40xx0.75-1,2892,4,4,1.71025,0.030391281644576985,0.017770081359203032,1.692,1.7557,0.06370000000000009,57,1.6956,229.0,2,56;58,1.6977;1.692,0.0036000000000000476,0.0021231422505308137,False
WT-01,w1118_sv_feb_40xx0.75-1,2895,9,9,1.9436555555555555,0.2800270081220342,0.14407234209869763,1.6366,2.531,0.8944000000000001,61,2.0643,219.0,1,62,1.9468,0.11749999999999972,0.056920021314731256,False
WT-01,w1118_sv_feb_40xx0.75-1,2896,6,5,1.6309999999999998,0.017573844200970957,0.010774889148357425,1.6097,1.6556,0.04590000000000005,55,1.6401,134.0,1,56,1.6097,0.030399999999999983,0.018535455155173457,False
WT-01,w1118_sv_feb_40xx0.75-1,2898,6,6,1.8651666666666664,0.5435965881668746,0.29144665615237675,0.986,2.5662,1.5801999999999998,60,2.5662,215.0,1,59,2.2867,0.27949999999999964,0.10891590678824709,False
WT-01,w1118_sv_feb_40xx0.75-1,2899,4,4,1.771025,0.0965976664659487,0.05454336695752386,1.6826,1.859,0.1763999999999999,58,1.6924,148.0,1,57,1.859,0.16660000000000008,0.09844008508626807,False
WT-01,w1118_sv_feb_40xx0.75-1,2900,8,7,1.6272142857142857,0.017677992775522545,0.010863961145573751,1.6121,1.666,0.05389999999999984,55,1.6244,138.0,1,56,1.6211,0.0033000000000000806,0.0020315193302142824,False
WT-01,w1118_sv_feb_40xx0.75-1,2902,6,6,1.9136833333333334,0.050097441717782965,0.026178543150355577,1.8921,2.0159,0.12379999999999991,61,1.8923,222.0,0,,,,,False
WT-01,w1118_sv_feb_40xx0.75-1,2903,3,3,1.763766666666667,0.041158514712430226,0.023335578050250536,1.7214,1.8036,0.08220000000000005,57,1.7663,148.0,1,56,1.7214,0.04489999999999994,0.025420370265526775,False
WT-01,w1118_sv_feb_40xx0.75-1,2905,12,11,2.379372727272727,0.5625562035759789,0.23643046636950796,1.8921,3.2168,1.3247000000000002,60,3.2016,265.0,2,59;61,3.2168;1.8921,1.3095,0.40901424287856075,True
WT-01,w1118_sv_feb_40xx0.75-1,2906,10,9,1.6578000000000002,0.25953453045789493,0.1565535833380956,1.1526,1.893,0.7404,61,1.8924,129.0,2,60;62,1.6905;1.7841,0.2019000000000002,0.10668991756499692,False
WT-01,w1118_sv_feb_40xx0.75-1,2907,3,3,1.1898,0.31441785890753726,0.264261101788147,0.9541,1.5468,0.5927,55,1.5468,47.0,1,56,1.0685,0.47829999999999995,0.30921903284199637,False
WT-01,w1118_sv_feb_40xx0.75-1,2910,11,10,1.53725,0.25661585752508226,0.16693176615715222,1.1389,1.8921,0.7531999999999999,59,1.8921,119.0,2,58;60,1.5137;1.5137,0.37839999999999985,0.19998942973415773,False
WT-01,w1118_sv_feb_40xx0.75-1,2911,10,8,1.5566375,0.1122621286797747,0.0721183504057783,1.3534,1.6363,0.28290000000000015,64,1.6088,147.0,2,63;65,1.6363;1.6152,0.02750000000000008,0.017093485827946345,False
WT-01,w1118_sv_feb_40xx0.75-1,2913,7,7,1.7474714285714283,0.16754850754618017,0.09588054191143623,1.4786,1.9529,0.47430000000000017,59,1.8563,149.0,1,58,1.7157,0.14060000000000006,0.07574206755373596,False
WT-01,w1118_sv_feb_40xx0.75-1,2918,12,12,1.7169333333333332,0.17360998260643334,0.10111632131305819,1.4805,2.0276,0.5471000000000001,61,1.9113,194.0,2,60;62,1.6201;1.7185,0.2911999999999999,0.15235703447915028,False
WT-01,w1118_sv_feb_40xx0.75-1,2919,9,9,1.5720333333333332,0.28215167463617863,0.17948199230477216,0.8735,1.8731,0.9995999999999999,58,1.631,119.0,2,57;59,1.6291;1.6895,0.058499999999999996,0.035867565910484366,False
WT-01,w1118_sv_feb_40xx0.75-1,2920,8,8,1.8160625000000001,0.27574418236318754,0.15183628446883712,1.1364,1.966,0.8295999999999999,62,1.8921,153.0,1,61,1.9253,0.03320000000000012,0.017546641298028708,False
WT-01,w1118_sv_feb_40xx0.75-1,2921,10,8,1.747925,0.16766255864512075,0.09592091116330549,1.5137,1.8921,0.37839999999999985,59,1.5565,142.0,2,58;60,1.8921;1.5137,0.3355999999999999,0.2156119498875682,False
WT-01,w1118_sv_feb_40xx0.75-1,2923,12,12,1.542908333333333,0.2520020002024996,0.1633292106589825,1.0041,1.8936,0.8895,59,1.8936,108.0,2,58;60,1.6546;1.75,0.23899999999999988,0.12621461765948452,False
WT-01,w1118_sv_feb_40xx0.75-1,2926,4,3,1.8587999999999998,0.058778652587482896,0.03162182730120664,1.8112,1.9245,0.11330000000000018,57,1.9245,254.0,2,56;58,1.8407;1.8112,0.11330000000000018,0.05887243439854516,False
WT-01,w1118_sv_feb_40xx0.75-1,2929,12,10,1.5787,0.09965351083741213,0.06312377958916332,1.3822,1.7201,0.33789999999999987,63,1.6485,84.0,2,62;64,1.5608;1.6743,0.08770000000000011,0.05319987867758575,False
WT-01,w1118_sv_feb_40xx0.75-1,2934,9,8,1.6115875,0.06002543359752954,0.03724615237927171,1.4636,1.64,0.1763999999999999,58,1.6311,127.0,2,57;59,1.6257;1.6313,0.005400000000000071,0.0033106492551039615,False
WT-01,w1118_sv_feb_40xx0.75-1,2938,8,8,1.6019125,0.0636851729211753,0.0397557125755466,1.5116,1.7058,0.19419999999999993,59,1.5671,125.0,2,58;60,1.6129;1.5588,0.04580000000000006,0.029225958777359496,False
WT-01,w1118_sv_feb_40xx0.75-1,2939,4,3,1.6877000000000002,0.19209312845596527,0.1138194752953518,1.4933,1.8774,0.3840999999999999,56,1.6924,128.0,1,57,1.8774,0.18500000000000005,0.10931221933349093,False
WT-01,w1118_sv_feb_40xx0.75-1,2949,6,4,1.1544249999999998,0.2331355310400655,0.20194948224446418,0.821,1.3563,0.5353000000000001,58,1.3563,51.0,2,57;59,0.821;1.2554,0.5353000000000001,0.394676693946767,True
WT-01,w1118_sv_feb_40xx0.75-1,2952,8,7,1.7310714285714286,0.06352418736947667,0.03669645649567457,1.6385,1.8305,0.19199999999999995,60,1.7479,129.0,2,59;61,1.6899;1.7128,0.05800000000000005,0.03318267635448255,False
WT-01,w1118_sv_feb_40xx0.75-1,2953,11,11,1.9767545454545457,0.5169850836603245,0.2615322599607055,1.6396,3.0757,1.4361,66,3.0757,195.0,1,65,2.9438,0.1318999999999999,0.042884546607276364,False
WT-01,w1118_sv_feb_40xx0.75-1,2954,11,8,1.1309,0.25866759143182755,0.2287272008416549,0.7568,1.5149,0.7580999999999999,63,1.3036,47.0,1,62,1.1424,0.1612,0.12365756366983738,False
WT-01,w1118_sv_feb_40xx0.75-1,2955,8,8,1.637975,0.11092504225827456,0.06772083960883075,1.3665,1.692,0.3254999999999999,60,1.6608,131.0,2,59;61,1.692;1.6918,0.031199999999999894,0.018786127167629993,False
WT-01,w1118_sv_feb_40xx0.75-1,2959,3,3,1.9016333333333335,0.019174549103781646,0.010083199935379223,1.8795,1.9132,0.03370000000000006,56,1.9132,254.0,1,57,1.9122,0.001000000000000112,0.0005226845076312523,False
WT-01,w1118_sv_feb_40xx0.75-1,2961,8,8,1.5925249999999997,0.19937625413846485,0.12519505448169724,1.126,1.7529,0.6269,58,1.6921,132.0,2,57;59,1.7407;1.6412,0.050899999999999945,0.030080964482004577,False
WT-01,w1118_sv_feb_40xx0.75-1,2963,9,9,1.7966555555555555,0.1639146127646275,0.09123318727275045,1.4297,1.9706,0.5408999999999999,59,1.9194,151.0,2,58;60,1.7185;1.7026,0.2168000000000001,0.11295196415546531,False
WT-01,w1118_sv_feb_40xx0.75-1,2964,9,9,1.4967666666666666,0.2206801814844278,0.14743793164226965,1.0709,1.6126,0.5417000000000001,59,1.6056,132.0,2,58;60,1.6055;1.6126,0.007000000000000117,0.004359740906826182,False
WT-01,w1118_sv_feb_40xx0.75-1,2965,4,4,1.5733,0.06440000000000001,0.040933070615902886,1.4767,1.6055,0.12880000000000003,58,1.6055,136.0,2,57;59,1.6055;1.6055,0.0,0.0,False
WT-01,w1118_sv_feb_40xx0.75-1,2966,7,7,1.5568285714285715,0.19908365673995537,0.12787769982745945,1.1411,1.7386,0.5974999999999999,60,1.6673,127.0,1,59,1.6344,0.03289999999999993,0.019732501649373197,False
WT-01,w1118_sv_feb_40xx0.75-1,2968,8,8,1.5342,0.28848656814486184,0.1880371321502163,0.821,1.6601,0.8391,56,1.6195,185.0,1,57,1.6265,0.007000000000000117,0.004322321704229773,False
WT-01,w1118_sv_feb_40xx0.75-1,2969,8,8,1.8004875,0.24527858468921188,0.13622898503278244,1.2125,1.9413,0.7288000000000001,59,1.8921,146.0,2,58;60,1.9251;1.8522,0.039899999999999824,0.02108768035516084,False
WT-01,w1118_sv_feb_40xx0.75-1,2973,8,7,1.641857142857143,0.2293966423551346,0.13971778443278013,1.1419,1.8641,0.7222000000000002,60,1.6863,123.0,1,61,1.7106,0.02429999999999999,0.01441024728695961,False
WT-01,w1118_sv_feb_40xx0.75-1,2976,5,4,2.132975,0.27403056246825214,0.12847340567435256,1.9254,2.5117,0.5862999999999998,58,2.1572,235.0,1,59,1.9376,0.21960000000000002,0.10179862785091787,False
WT-01,w1118_sv_feb_40xx0.75-1,2977,6,6,1.8665833333333335,0.06141870779059645,0.032904348117646205,1.7829,1.9213,0.13840000000000008,56,1.9123,251.0,0,,,,,False
WT-01,w1118_sv_feb_40xx0.75-1,2978,8,7,1.818742857142857,0.14827423755936,0.081525674163906,1.5833,1.9581,0.3748,59,1.876,222.0,1,60,1.8535,0.022499999999999964,0.01199360341151384,False
WT-01,w1118_sv_feb_40xx0.75-1,2980,5,5,1.7973599999999998,0.1638091206251959,0.09113873716183508,1.5138,1.8921,0.37829999999999986,56,1.8921,124.0,1,57,1.8921,0.0,0.0,False
WT-01,w1118_sv_feb_40xx0.75-1,2981,7,6,1.7285833333333336,0.07209772303385643,0.04170913929548653,1.6453,1.8423,0.19700000000000006,57,1.7856,149.0,2,56;58,1.6919;1.7141,0.09370000000000012,0.05247535842293913,False
WT-01,w1118_sv_feb_40xx0.75-1,2982,8,8,1.5489375,0.24030206548960714,0.1551399365627129,1.0704,1.8765,0.8061,57,1.8765,200.0,2,56;58,1.3436;1.6291,0.5329000000000002,0.2839861444177992,True
WT-01,w1118_sv_feb_40xx0.75-1,2984,8,8,1.786775,0.25721878264010417,0.14395700781581575,1.5001,2.3079,0.8078000000000001,57,2.3079,333.0,2,56;58,1.8166;1.9951,0.49130000000000007,0.2128775076909745,False
WT-01,w1118_sv_feb_40xx0.75-1,2985,7,7,1.896985714285714,0.010727290520199537,0.00565491370831897,1.8921,1.9209,0.02880000000000016,62,1.9209,227.0,1,61,1.8921,0.02880000000000016,0.014992972044354291,False
WT-01,w1118_sv_feb_40xx0.75-1,2986,10,10,1.6166,0.010804628637764461,0.006683551056392714,1.6055,1.637,0.031500000000000083,59,1.6249,120.0,2,58;60,1.6166;1.6257,0.008299999999999974,0.005108006646562849,False
WT-01,w1118_sv_feb_40xx0.75-1,2989,9,8,1.5936375,0.20795860122011925,0.13049303948992116,1.1763,1.8921,0.7158,61,1.7601,135.0,2,60;62,1.5191;1.6297,0.2410000000000001,0.13692403840690875,False
WT-01,w1118_sv_feb_40xx0.75-1,2990,6,6,1.808,0.14735387337969777,0.08150103616133726,1.5342,1.8964,0.3622000000000001,58,1.8921,165.0,1,57,1.8921,0.0,0.0,False
WT-01,w1118_sv_feb_40xx0.75-1,2996,7,7,1.841342857142857,0.12661025310169868,0.06875973836733214,1.5754,1.9462,0.3708,56,1.8161,154.0,1,57,1.9359,0.1197999999999999,0.06596553053245961,False
WT-01,w1118_sv_feb_40xx0.75-1,2998,9,7,0.9388142857142857,0.0989209015421148,0.10536791253325678,0.7995,1.122,0.3225000000000001,62,1.122,35.0,2,61;63,0.7995;0.8926,0.3225000000000001,0.287433155080214,False
WT-01,w1118_sv_feb_40xx0.75-1,2999,8,8,1.6009125,0.328944482669297,0.20547311778082625,0.8219,1.8608,1.0389,63,1.6693,158.0,1,62,1.8608,0.1915,0.11471874438387349,False
WT-01,w1118_sv_feb_40xx0.75-1,3000,10,8,1.5401875,0.18473164658498553,0.11994101145801113,1.083,1.6055,0.5225,60,1.6055,124.0,2,59;61,1.6055;1.6055,0.0,0.0,False
WT-01,w1118_sv_feb_40xx0.75-1,3002,9,9,1.285188888888889,0.15407298144422052,0.1198835305660201,1.1353,1.5138,0.37850000000000006,61,1.2729,84.0,2,60;62,1.1353;1.178,0.13759999999999994,0.10809961505224287,False
WT-01,w1118_sv_feb_40xx0.75-1,3003,5,5,1.65354,0.05378952500255046,0.03252992065662183,1.6055,1.728,0.12250000000000005,58,1.6929,236.0,2,57;59,1.6055;1.6227,0.08740000000000014,0.05162738496071838,False
WT-01,w1118_sv_feb_40xx0.75-1,3004,8,8,1.3665375000000002,0.2256556918183098,0.1651295275967983,0.8339,1.5434,0.7095000000000001,59,1.5434,112.0,2,58;60,1.4086;1.3904,0.15300000000000002,0.09913178696384606,False
WT-01,w1118_sv_feb_40xx0.75-1,3006,8,7,1.7304714285714284,0.08257900690219262,0.04772052605940152,1.6504,1.8391,0.18869999999999987,58,1.8391,268.0,2,57;59,1.8153;1.6618,0.1773,0.09640585068783646,False
WT-01,w1118_sv_feb_40xx0.75-1,3007,6,6,1.3867,0.013957793521900231,0.010065474523617387,1.3683,1.4055,0.0371999999999999,58,1.3815,98.0,2,57;59,1.4055;1.3756,0.02400000000000002,0.017372421281216084,False
WT-01,w1118_sv_feb_40xx0.75-1,3012,8,8,1.5690125,0.22762331312625123,0.14507425092295392,1.0939,1.7286,0.6346999999999998,61,1.7286,127.0,2,60;62,1.7045;1.6987,0.029899999999999816,0.0172972347564502,False
WT-01,w1118_sv_feb_40xx0.75-1,3016,6,5,1.40162,0.1764381393010026,0.12588157938742497,1.1104,1.5137,0.4033,59,1.5137,61.0,2,58;60,1.1104;1.5137,0.4033,0.26643324304683885,False
WT-01,w1118_sv_feb_40xx0.75-1,3022,10,9,1.5995666666666668,0.20996032958632924,0.13126075577947938,1.3065,1.8423,0.5358,63,1.7911,115.0,2,62;64,1.6337;1.8423,0.15739999999999998,0.08787895706549048,False
WT-01,w1118_sv_feb_40xx0.75-1,3025,5,5,1.6881799999999998,0.3126876988306384,0.18522177660595343,1.372,2.1905,0.8185,61,2.1905,176.0,0,,,,,False
WT-01,w1118_sv_feb_40xx0.75-1,3026,6,5,1.71764,0.10911559466913974,0.06352646344352701,1.6055,1.8777,0.2722,62,1.8777,271.0,1,61,1.6844,0.19330000000000003,0.10294509240027695,False
WT-01,w1118_sv_feb_40xx0.75-1,3028,3,3,1.6313333333333333,0.08249420181645085,0.05056857487726861,1.5374,1.692,0.15459999999999985,59,1.692,146.0,1,58,1.6646,0.02739999999999987,0.016193853427895904,False
WT-01,w1118_sv_feb_40xx0.75-1,3030,3,3,1.6257,0.31497142727555466,0.19374511119859425,1.2627,1.8267,0.5640000000000001,57,1.7877,145.0,1,58,1.8267,0.038999999999999924,0.021815740896123467,False
WT-01,w1118_sv_feb_40xx0.75-1,3032,4,4,2.101925,0.1907706541897888,0.09075997202078515,1.8944,2.2705,0.3761000000000001,57,2.2573,272.0,1,58,2.2705,0.013200000000000323,0.005847694147875924,False
WT-01,w1118_sv_feb_40xx0.75-1,3035,7,5,1.41768,0.16449956534896984,0.11603434156436561,1.1613,1.5628,0.40149999999999997,57,1.4796,70.0,1,58,1.5329,0.0532999999999999,0.036023249526899094,False
WT-01,w1118_sv_feb_40xx0.75-1,3036,10,10,1.83834,0.12039642113544,0.06549192267776363,1.5245,1.9138,0.3893,64,1.8852,193.0,2,63;65,1.7786;1.7909,0.10660000000000003,0.05654572459155529,False
WT-01,w1118_sv_feb_40xx0.75-1,3038,9,7,1.7715285714285716,0.17798756243331268,0.1004711780006926,1.486,1.8922,0.4062000000000001,61,1.8921,88.0,2,60;62,1.8921;1.8922,0.00010000000000021103,5.285132921104119e-05,False
WT-01,w1118_sv_feb_40xx0.75-1,3043,10,10,1.7482599999999997,0.33953833100582653,0.19421500864049202,0.8429,1.898,1.0551,63,1.8958,137.0,2,62;64,1.8716;1.8921,0.0242,0.012765059605443612,False
WT-01,w1118_sv_feb_40xx0.75-1,3044,8,7,2.3563,0.2936602288359797,0.12462769122606616,1.9066,2.8013,0.8946999999999998,61,2.3083,292.0,2,60;62,2.6063;2.4398,0.29800000000000004,0.12909933717454405,False
WT-01,w1118_sv_feb_40xx0.75-1,3045,9,8,1.4636,0.1286824663381035,0.08792188189266432,1.1868,1.5536,0.3668,65,1.5156,87.0,2,64;66,1.5536;1.5151,0.038000000000000034,0.02507257851675906,False
WT-01,w1118_sv_feb_40xx0.75-1,3046,6,6,1.2278,0.14877931307812928,0.12117552783688652,1.0004,1.348,0.34760000000000013,60,1.348,105.0,1,61,1.3396,0.008400000000000185,0.006231454005934855,False
WT-01,w1118_sv_feb_40xx0.75-1,3048,4,4,1.726975,0.18220986755204371,0.10550810958586182,1.5075,1.9079,0.40039999999999987,61,1.841,114.0,1,60,1.9079,0.06689999999999996,0.03633894622487776,False
WT-01,w1118_sv_feb_40xx0.75-1,3050,3,3,1.8781999999999999,0.13294686908686493,0.07078419182561226,1.7285,1.9825,0.254,60,1.9236,348.0,1,59,1.9825,0.05889999999999995,0.030619671449365747,False
WT-01,w1118_sv_feb_40xx0.75-1,3051,8,3,1.0056,0.12918641569453038,0.12846700049177642,0.86,1.1065,0.24650000000000005,62,1.1065,27.0,1,63,0.86,0.24650000000000005,0.22277451423407144,False
WT-01,w1118_sv_feb_40xx0.75-1,3054,4,4,2.349875,0.08836233643357325,0.03760299438632832,2.2675,2.4406,0.1730999999999998,58,2.4104,307.0,1,59,2.281,0.12939999999999996,0.053684035844673066,False
WT-01,w1118_sv_feb_40xx0.75-1,3056,4,4,1.78115,0.20940172714983357,0.11756546453124866,1.4764,1.9249,0.4485000000000001,62,1.9249,160.0,0,,,,,False
WT-01,w1118_sv_feb_40xx0.75-1,3057,4,4,1.743475,0.1491111973215515,0.08552528560578815,1.5445,1.8663,0.3218000000000001,58,1.714,231.0,1,59,1.8663,0.1523000000000001,0.08885647607934662,False
WT-01,w1118_sv_feb_40xx0.75-1,3059,7,6,1.6050000000000002,0.13348990973103547,0.08317128332151742,1.3652,1.7789,0.41369999999999996,62,1.6232,135.0,2,61;63,1.6223;1.6316,0.008399999999999963,0.005174963035978292,False
WT-01,w1118_sv_feb_40xx0.75-1,3062,8,8,1.8629875,0.18158068208689732,0.09746747205061618,1.4695,2.1051,0.6356000000000002,63,1.9397,132.0,2,62;64,1.8922;1.9419,0.047499999999999876,0.024488322936536515,False
WT-01,w1118_sv_feb_40xx0.75-1,3065,9,8,1.6664375,0.13178985369031368,0.0790847863723144,1.3747,1.8307,0.45599999999999996,61,1.7284,128.0,2,60;62,1.7174;1.691,0.03739999999999988,0.021638509604258203,False
WT-01,w1118_sv_feb_40xx0.75-1,3071,3,3,1.6601,0.28677930539005075,0.1727482111861037,1.3368,1.8838,0.5469999999999999,58,1.8838,191.0,0,,,,,False
WT-01,w1118_sv_feb_40xx0.75-1,3073,4,3,1.6383333333333334,0.07967743302424685,0.04863322463331445,1.547,1.6936,0.14660000000000006,61,1.6936,58.0,1,60,1.6744,0.019199999999999884,0.011336797354747215,False
WT-01,w1118_sv_feb_40xx0.75-1,3077,7,7,1.489485714285714,0.19716144339577343,0.13236880455098732,1.1777,1.7049,0.5272000000000001,61,1.7049,119.0,1,60,1.6055,0.09940000000000015,0.05830253973840117,False
WT-01,w1118_sv_feb_40xx0.75-1,3078,8,8,1.4756749999999998,0.20479106251424714,0.13877788978890823,1.0703,1.622,0.5517000000000001,58,1.6055,128.0,1,59,1.622,0.01650000000000018,0.010277172220492172,False
WT-01,w1118_sv_feb_40xx0.75-1,3079,6,5,1.68662,0.18005520542322567,0.10675505177409593,1.3772,1.839,0.4618,58,1.7263,243.0,1,59,1.839,0.11270000000000002,0.0652841336963448,False
WT-01,w1118_sv_feb_40xx0.75-1,3082,7,7,1.8921285714285714,7.559289460192106e-05,3.995124630714067e-05,1.8921,1.8923,0.00020000000000020002,61,1.8921,164.0,2,60;62,1.8921;1.8921,0.0,0.0,False
WT-01,w1118_sv_feb_40xx0.75-1,3086,9,8,1.6800000000000002,0.15342417391942226,0.09132391304727515,1.5137,1.8921,0.37839999999999985,65,1.8921,125.0,2,64;66,1.58;1.5137,0.37839999999999985,0.19998942973415773,False
WT-01,w1118_sv_feb_40xx0.75-1,3088,8,8,1.6050749999999998,0.16291578674710613,0.1015004200720254,1.2293,1.7929,0.5635999999999999,59,1.7929,126.0,2,58;60,1.6177;1.6219,0.17520000000000002,0.09771877963076582,False
WT-01,w1118_sv_feb_40xx0.75-1,3089,9,8,1.5076749999999999,0.04724863565679511,0.031338740548722446,1.3965,1.5578,0.1613,62,1.5143,83.0,2,61;63,1.5164;1.5278,0.013500000000000068,0.008915010235752538,False
WT-01,w1118_sv_feb_40xx0.75-1,3090,9,9,1.5189555555555556,0.13368404084922691,0.08801050192698508,1.1886,1.6612,0.4725999999999999,65,1.6612,72.0,2,64;66,1.5306;1.1886,0.4725999999999999,0.2844931374909703,False
WT-01,w1118_sv_feb_40xx0.75-1,3094,9,6,1.2609666666666666,0.1447095942453943,0.11476084029083057,1.0443,1.3698,0.3254999999999999,61,1.3622,51.0,2,60;62,1.0443;1.3411,0.31790000000000007,0.2333724856849215,False
WT-01,w1118_sv_feb_40xx0.75-1,3095,7,6,1.7669500000000002,0.1690965493438586,0.09569967986862025,1.5058,1.9776,0.4718,64,1.9776,228.0,2,63;65,1.9011;1.5058,0.4718,0.2385720064724919,False
WT-01,w1118_sv_feb_40xx0.75-1,3097,7,7,1.4151285714285715,0.13755954727905678,0.09720639527487633,1.1643,1.5167,0.35240000000000005,63,1.5137,106.0,2,62;64,1.3337;1.3492,0.17999999999999994,0.1189139195349144,False
WT-01,w1118_sv_feb_40xx0.75-1,3098,4,3,1.4301333333333333,0.2800441096208477,0.19581678371772868,1.1072,1.6061,0.4989000000000001,59,1.6061,72.0,1,60,1.5771,0.029000000000000137,0.018056160886619845,False
WT-01,w1118_sv_feb_40xx0.75-1,3100,6,6,1.4798166666666666,0.2443251719873879,0.16510502786655187,1.0068,1.6731,0.6663000000000001,59,1.6232,115.0,1,60,1.6093,0.013900000000000023,0.00856333169048794,False
WT-01,w1118_sv_feb_40xx0.75-1,3102,8,7,1.8360285714285713,0.09904776144678408,0.05394674297999476,1.6254,1.8972,0.27180000000000004,63,1.8789,138.0,2,62;64,1.8972;1.8667,0.018299999999999983,0.009739741338016916,False
WT-01,w1118_sv_feb_40xx0.75-1,3105,8,7,1.6932428571428573,0.013210331454693193,0.007801793699566541,1.6773,1.7183,0.040999999999999925,61,1.6918,127.0,2,60;62,1.7002;1.6831,0.00869999999999993,0.005142451826456986,False
WT-01,w1118_sv_feb_40xx0.75-1,3107,7,7,1.7873428571428571,0.1097493789981346,0.06140365210823267,1.6343,1.9184,0.2841,60,1.7844,185.0,2,59;61,1.8894;1.69,0.10499999999999998,0.058843308675184926,False
WT-01,w1118_sv_feb_40xx0.75-1,3108,7,5,1.4005400000000001,0.06517175768689999,0.04653330692939865,1.3356,1.4774,0.14180000000000015,66,1.3406,117.0,1,65,1.3356,0.0050000000000001155,0.0037296732806207035,False
WT-01,w1118_sv_feb_40xx0.75-1,3109,3,3,1.6225333333333332,0.029675972323301172,0.018289899944511367,1.6053,1.6568,0.0515000000000001,61,1.6568,222.0,1,60,1.6053,0.0515000000000001,0.031084017382906868,False
WT-01,w1118_sv_feb_40xx0.75-1,3111,7,7,1.5611285714285716,0.20909750288868997,0.1339399628675985,1.0886,1.6713,0.5827,65,1.6713,174.0,1,64,1.6365,0.03479999999999994,0.020822114521629836,False
WT-01,w1118_sv_feb_40xx0.75-1,3113,7,7,1.8329285714285715,0.08181841101458998,0.044638079350152356,1.7074,1.8954,0.18799999999999994,61,1.8924,259.0,2,60;62,1.8073;1.7393,0.1531,0.08090255759881632,False
WT-01,w1118_sv_feb_40xx0.75-1,3115,4,4,1.565025,0.279666305621539,0.1786976601789358,1.146,1.723,0.5770000000000002,59,1.6918,101.0,1,60,1.723,0.031200000000000117,0.018441896205225274,False
WT-01,w1118_sv_feb_40xx0.75-1,3116,5,5,1.5811,0.09591553575933352,0.06066380099888276,1.4935,1.7428,0.24929999999999986,62,1.5826,132.0,2,61;63,1.551;1.7428,0.1601999999999999,0.10122583091115879,False
WT-01,w1118_sv_feb_40xx0.75-1,3118,8,8,1.4327625,0.10429445865981023,0.07279256587174095,1.2604,1.5477,0.2873000000000001,63,1.5477,106.0,2,62;64,1.4965;1.5455,0.051200000000000134,0.03308134651418242,False
WT-01,w1118_sv_feb_40xx0.75-1,3119,3,3,1.9455,0.04215732439327709,0.021669146437048103,1.9105,1.9923,0.08179999999999987,61,1.9105,187.0,1,60,1.9337,0.023199999999999887,0.012143417953415277,False
WT-01,w1118_sv_feb_40xx0.75-1,3120,7,6,1.8871000000000002,0.07732955450537655,0.04097798447637992,1.7527,1.9493,0.1966000000000001,61,1.9377,200.0,1,62,1.9338,0.0039000000000000146,0.002012695463694078,False
WT-01,w1118_sv_feb_40xx0.75-1,3121,3,3,1.7119333333333333,0.017752840148363175,0.010370053437651296,1.6917,1.7249,0.03320000000000012,62,1.6917,207.0,0,,,,,False
WT-01,w1118_sv_feb_40xx0.75-1,3123,7,7,1.6958285714285712,0.17649324552029097,0.10407493333575134,1.3997,1.9114,0.5117,62,1.6571,227.0,2,61;63,1.9114;1.6281,0.25429999999999997,0.15346086536720777,False
WT-01,w1118_sv_feb_40xx0.75-1,3125,5,5,1.7511400000000001,0.2429675451577844,0.13874821268304327,1.3772,2.036,0.6588,59,2.036,177.0,1,60,1.85,0.18599999999999994,0.09135559921414535,False
WT-01,w1118_sv_feb_40xx0.75-1,3127,8,6,1.7634666666666663,0.07648259061163311,0.04337059047234602,1.6878,1.8753,0.1875,61,1.8129,145.0,2,60;62,1.7201;1.6885,0.12440000000000007,0.06861933918031886,False
WT-01,w1118_sv_feb_40xx0.75-1,3134,3,3,1.6056,0.23992500911743236,0.14943012525998528,1.332,1.7801,0.44809999999999994,59,1.7047,123.0,0,,,,,False
WT-01,w1118_sv_feb_40xx0.75-1,3139,5,5,1.86166,1.1335822281599162,0.6089093755894825,0.8375,3.7703,2.9328000000000003,61,3.7703,196.0,2,60;62,1.7139;1.2149,2.5554,0.6777709996551998,True
WT-01,w1118_sv_feb_40xx0.75-1,3142,7,6,1.6269166666666666,0.12997792761337076,0.07989218518467701,1.5137,1.7904,0.27669999999999995,63,1.7904,131.0,2,62;64,1.5137;1.5396,0.27669999999999995,0.1545464700625558,False
WT-01,w1118_sv_feb_40xx0.75-1,3144,8,7,1.842985714285714,0.11019490957044291,0.05979151586269954,1.6335,1.94,0.3065,65,1.94,148.0,1,64,1.896,0.04400000000000004,0.02268041237113404,False
WT-01,w1118_sv_feb_40xx0.75-1,3145,3,3,1.7486,0.20510321791722336,0.11729567535012202,1.5137,1.8922,0.37850000000000006,59,1.8922,151.0,1,60,1.8399,0.05230000000000001,0.027639784377972737,False
WT-01,w1118_sv_feb_40xx0.75-1,3146,3,3,1.8526999999999998,0.04569671760641025,0.0246649309690777,1.803,1.8929,0.08990000000000009,61,1.8622,161.0,1,60,1.803,0.05920000000000014,0.031790355493502384,False
WT-01,w1118_sv_feb_40xx0.75-1,3147,8,8,1.7209625,0.2077373543512508,0.12070998313516465,1.3306,1.8928,0.5622,61,1.8921,145.0,2,60;62,1.8922;1.8824,0.00969999999999982,0.0051265789334600815,False
WT-01,w1118_sv_feb_40xx0.75-1,3148,6,5,0.95638,0.24977971695075643,0.2611720413964705,0.6192,1.1353,0.5161,63,1.1353,44.0,2,62;64,1.1353;0.7568,0.37849999999999995,0.33339205496344576,False
WT-01,w1118_sv_feb_40xx0.75-1,3150,7,7,1.5463285714285715,0.05584776075146059,0.036116360897261175,1.4528,1.606,0.1532,61,1.606,212.0,2,60;62,1.5137;1.606,0.09230000000000005,0.057471980074719826,False
WT-01,w1118_sv_feb_40xx0.75-1,3151,7,7,1.6496428571428574,0.0853418197045047,0.05173351270244926,1.5335,1.7642,0.2306999999999999,64,1.7207,116.0,2,63;65,1.6679;1.7642,0.05279999999999996,0.03068518626140522,False
WT-01,w1118_sv_feb_40xx0.75-1,3152,6,6,1.7733,0.3035093474672568,0.17115510487072508,1.154,1.9138,0.7598,65,1.8921,125.0,1,66,1.8931,0.001000000000000112,0.0005285132921093557,False
WT-01,w1118_sv_feb_40xx0.75-1,3154,7,7,1.772957142857143,0.1104275759210965,0.06228440228574339,1.5794,1.8922,0.3128000000000002,60,1.5794,175.0,1,61,1.6872,0.10780000000000012,0.06825376725338744,False
WT-01,w1118_sv_feb_40xx0.75-1,3157,7,6,1.30345,0.291378116885946,0.22354376223556408,0.8127,1.6055,0.7928,64,1.5518,90.0,2,63;65,1.3621;1.6055,0.18969999999999998,0.1222451346823044,False
WT-01,w1118_sv_feb_40xx0.75-1,3159,7,6,1.6958166666666667,0.1576101699341342,0.09294057136726702,1.4411,1.8685,0.4274,65,1.8685,128.0,2,64;66,1.7874;1.6376,0.2309000000000001,0.12357506020872362,False
WT-01,w1118_sv_feb_40xx0.75-1,3163,7,7,1.7730857142857144,0.16541716384715976,0.09329338255584439,1.5559,1.9309,0.375,65,1.9005,141.0,2,64;66,1.9309;1.893,0.030399999999999983,0.01599579058142593,False
WT-01,w1118_sv_feb_40xx0.75-1,3165,4,4,2.7387,0.5683661085368595,0.20753135010656862,2.1815,3.2771,1.0955999999999997,65,3.1774,181.0,1,64,2.3188,0.8586,0.27022093535595143,True
WT-01,w1118_sv_feb_40xx0.75-1,3167,7,7,1.5676285714285714,0.18406484105957258,0.1174161050738156,1.155,1.6896,0.5346,61,1.6289,130.0,2,60;62,1.6095;1.6068,0.02210000000000001,0.01356743814844374,False
WT-01,w1118_sv_feb_40xx0.75-1,3168,7,7,1.6642285714285716,0.07654311887830967,0.04599315273899255,1.5603,1.7925,0.23219999999999996,65,1.7925,106.0,2,64;66,1.6543;1.6822,0.13819999999999988,0.0770990237099023,False
WT-01,w1118_sv_feb_40xx0.75-1,3169,7,7,1.6245142857142858,0.12478993587320292,0.07681676730736399,1.3454,1.6922,0.3468,65,1.6922,132.0,2,64;66,1.6918;1.6879,0.0042999999999999705,0.0025410707954142365,False
WT-01,w1118_sv_feb_40xx0.75-1,3170,7,7,1.7319285714285715,0.20431619053390196,0.11797033313294954,1.3316,1.879,0.5474000000000001,63,1.879,140.0,2,62;64,1.6858;1.8459,0.19320000000000004,0.10282064928153276,False
WT-01,w1118_sv_feb_40xx0.75-1,3171,7,6,1.9084999999999999,0.03353159703921068,0.017569608089709553,1.8921,1.9759,0.0838000000000001,64,1.9759,152.0,2,63;65,1.9067;1.8921,0.0838000000000001,0.04241105319095101,False
WT-01,w1118_sv_feb_40xx0.75-1,3174,7,7,1.6805857142857141,0.03531630542074622,0.021014283960967994,1.6281,1.7331,0.10499999999999998,65,1.7023,202.0,2,64;66,1.6577;1.7331,0.04459999999999997,0.026199847265464357,False
WT-01,w1118_sv_feb_40xx0.75-1,3175,7,6,1.62335,0.1255806473944135,0.0773589474816974,1.4239,1.7277,0.30380000000000007,65,1.7277,116.0,2,64;66,1.6908;1.5087,0.21900000000000008,0.1267581177287724,False
WT-01,w1118_sv_feb_40xx0.75-1,3176,3,3,1.9686666666666666,0.07047909855647512,0.035800422565090646,1.9163,2.0488,0.13250000000000006,62,1.9409,153.0,1,61,2.0488,0.10789999999999988,0.05559276624246477,False
WT-01,w1118_sv_feb_40xx0.75-1,3177,7,7,1.6272714285714287,0.27810503839548173,0.17090267395626088,1.1368,1.8921,0.7552999999999999,63,1.8921,155.0,2,62;64,1.8666;1.527,0.3651,0.19296020294910418,False
WT-01,w1118_sv_feb_40xx0.75-1,3179,7,7,1.8384142857142856,0.12236832962510395,0.06656189008973011,1.6127,1.9497,0.33699999999999997,65,1.9497,151.0,2,64;66,1.8591;1.7991,0.15060000000000007,0.07724265271580247,False
WT-01,w1118_sv_feb_40xx0.75-1,3181,3,3,1.8206,0.12392824536803546,0.06807000184995905,1.6775,1.8922,0.2147000000000001,60,1.8922,139.0,1,61,1.8921,0.00010000000000021103,5.284853609566168e-05,False
WT-01,w1118_sv_feb_40xx0.75-1,3182,7,7,1.5434999999999999,0.20587358580773132,0.1333810079739108,1.0918,1.6617,0.5698999999999999,65,1.639,132.0,2,64;66,1.6506;1.5071,0.1318999999999999,0.08047589993898713,False
WT-01,w1118_sv_feb_40xx0.75-1,3183,7,7,1.3655571428571427,0.3239523362942089,0.23723088996217792,0.7595,1.5615,0.8020000000000002,63,1.5398,84.0,2,62;64,1.5581;1.541,0.018299999999999983,0.011884660345499403,False
WT-01,w1118_sv_feb_40xx0.75-1,3184,6,4,1.048,0.13127058568722347,0.1252581924496407,0.8833,1.1626,0.2793000000000001,61,1.0017,35.0,1,62,1.1626,0.16090000000000004,0.1606269342118399,False
WT-01,w1118_sv_feb_40xx0.75-1,3189,5,5,1.7141000000000002,0.05383549015287218,0.03140743839500156,1.6664,1.8044,0.1379999999999999,61,1.692,253.0,2,60;62,1.6664;1.6886,0.025599999999999845,0.015130023640661848,False
WT-01,w1118_sv_feb_40xx0.75-1,3190,4,4,1.54125,0.05130623743756701,0.03328871853207916,1.5137,1.6181,0.10440000000000005,63,1.5195,132.0,1,62,1.6181,0.09860000000000002,0.06488976637051663,False
WT-01,w1118_sv_feb_40xx0.75-1,3195,7,6,1.5773333333333335,0.07066859745789966,0.04480257657939539,1.4331,1.6084,0.1753,65,1.6055,115.0,2,64;66,1.6055;1.6055,0.0,0.0,False
WT-01,w1118_sv_feb_40xx0.75-1,3199,4,3,1.6109,0.045726250666329474,0.028385530241684446,1.5844,1.6637,0.07929999999999993,63,1.6637,78.0,1,62,1.5844,0.07929999999999993,0.047664843421289856,False
WT-01,w1118_sv_feb_40xx0.75-1,3200,6,6,1.5973166666666667,0.14734861270696334,0.09224758983730841,1.3437,1.795,0.45130000000000003,60,1.6272,214.0,1,61,1.795,0.16779999999999995,0.10312192723697146,False
WT-01,w1118_sv_feb_40xx0.75-1,3202,7,7,1.6546285714285713,0.2449120639078831,0.14801633921770804,1.2211,1.8921,0.6709999999999998,64,1.7194,134.0,2,63;65,1.8921;1.8921,0.17269999999999985,0.10044201465627536,False
WT-01,w1118_sv_feb_40xx0.75-1,3205,7,6,1.6654,0.14512190737445532,0.08713937034613625,1.4619,1.904,0.44209999999999994,63,1.7037,121.0,2,62;64,1.6246;1.6085,0.09519999999999995,0.05587838234430942,False
WT-01,w1118_sv_feb_40xx0.75-1,3213,6,6,1.5114666666666665,0.23317221675548458,0.15426884488939083,1.0811,1.6888,0.6077000000000001,65,1.6888,125.0,2,64;66,1.6461;1.4043,0.2845,0.16846281383230693,False
WT-01,w1118_sv_feb_40xx0.75-1,3215,6,6,1.7088166666666667,0.1689189795927819,0.09885143496539432,1.5195,1.8995,0.3799999999999999,62,1.8995,126.0,2,61;63,1.7671;1.8946,0.13240000000000007,0.06970255330350096,False
WT-01,w1118_sv_feb_40xx0.75-1,3218,4,4,1.98705,0.12626988292278307,0.06354640443007628,1.8044,2.092,0.2876000000000001,63,2.0111,222.0,2,62;64,2.092;2.0407,0.0809000000000002,0.04022674158420775,False
WT-01,w1118_sv_feb_40xx0.75-1,3221,6,6,1.9167333333333332,0.27127410983480654,0.1415293954131021,1.5906,2.3153,0.7247000000000001,65,2.3153,212.0,2,64;66,2.0896;2.0125,0.30279999999999996,0.13078218805338399,False
WT-01,w1118_sv_feb_40xx0.75-1,3222,5,5,1.80252,0.11114102302930268,0.061658690627179,1.6895,1.9624,0.2728999999999999,65,1.9624,172.0,1,64,1.8694,0.09299999999999997,0.04739094985731756,False
WT-01,w1118_sv_feb_40xx0.75-1,3224,6,6,2.30625,0.7274406910532295,0.3154214378550589,1.0249,2.8791,1.8542000000000003,65,2.8138,266.0,2,64;66,2.8791;2.6167,0.19710000000000027,0.07004762243229806,False
WT-01,w1118_sv_feb_40xx0.75-1,3228,5,5,1.7807,0.11987518508849106,0.06731913578283319,1.6288,1.9058,0.2769999999999999,61,1.889,308.0,0,,,,,False
WT-01,w1118_sv_feb_40xx0.75-1,3236,6,6,1.5613166666666667,0.10906046793713416,0.06985160042515451,1.3387,1.6067,0.268,65,1.6055,128.0,2,64;66,1.6055;1.6055,0.0,0.0,False
WT-01,w1118_sv_feb_40xx0.75-1,3238,6,6,1.7207999999999999,0.19454999357491634,0.11305787632201089,1.3662,1.9048,0.5386,65,1.9048,131.0,2,64;66,1.7394;1.8365,0.1654,0.0868332633347333,False
WT-01,w1118_sv_feb_40xx0.75-1,3241,5,5,1.7486599999999999,0.33613479885307923,0.19222421674486706,1.1475,1.9109,0.7634000000000001,63,1.8954,187.0,1,64,1.8974,0.0020000000000000018,0.0010551862403714266,False
WT-01,w1118_sv_feb_40xx0.75-1,3242,6,6,1.6156333333333333,0.26241990524094516,0.1624254091734584,1.1404,1.8237,0.6833,65,1.8237,140.0,2,64;66,1.8181;1.6414,0.18230000000000013,0.09996161649394096,False
WT-01,w1118_sv_feb_40xx0.75-1,3244,6,6,1.9460166666666667,0.041068645785643614,0.021103953778561477,1.8748,2.0031,0.12829999999999986,64,1.9537,267.0,2,63;65,2.0031;1.9505,0.04939999999999989,0.025285355991196135,False
WT-01,w1118_sv_feb_40xx0.75-1,3245,5,5,1.8612799999999996,0.8060072034417558,0.433039200680046,1.2121,3.2701,2.058,62,3.2701,195.0,2,61;63,1.6061;1.6126,1.6639999999999997,0.5088529402770557,True
WT-01,w1118_sv_feb_40xx0.75-1,3248,6,5,1.78968,0.08801429997449274,0.04917879172505294,1.7086,1.904,0.19540000000000002,63,1.904,142.0,2,62;64,1.7086;1.7554,0.19540000000000002,0.10262605042016808,False
WT-01,w1118_sv_feb_40xx0.75-1,3256,3,3,1.9243333333333332,0.052296494465053085,0.027176421859546034,1.8928,1.9847,0.09189999999999987,61,1.9847,219.0,1,62,1.8955,0.08919999999999995,0.04494382022471908,False
WT-01,w1118_sv_feb_40xx0.75-1,3257,6,5,1.5605600000000002,0.12228296283620217,0.07835838598721111,1.3576,1.638,0.2804,65,1.6374,125.0,2,64;66,1.6375;1.5323,0.10509999999999997,0.06418712593135457,False
WT-01,w1118_sv_feb_40xx0.75-1,3260,6,6,1.5376833333333335,0.08753752147888741,0.056928185134924224,1.4036,1.6162,0.21260000000000012,65,1.6162,123.0,2,64;66,1.6062;1.5147,0.10150000000000015,0.06280163346120539,False
WT-01,w1118_sv_feb_40xx0.75-1,3261,6,6,1.6095833333333331,0.09223176061784066,0.057301637453486313,1.4994,1.735,0.23560000000000003,65,1.6384,135.0,2,64;66,1.5542;1.4994,0.139,0.0848388671875,False
WT-01,w1118_sv_feb_40xx0.75-1,3264,4,4,1.7961999999999998,0.13392151930639573,0.07455824479812702,1.6187,1.9163,0.29759999999999986,61,1.8807,206.0,1,62,1.7691,0.11160000000000014,0.059339607592917606,False
WT-01,w1118_sv_feb_40xx0.75-1,3267,5,5,1.4961799999999998,0.09683533446010291,0.0647217142724157,1.3244,1.5488,0.22439999999999993,61,1.5485,84.0,1,62,1.5488,0.00029999999999996696,0.0001937358734258747,False
WT-01,w1118_sv_feb_40xx0.75-1,3280,4,3,1.3522333333333334,0.013203534880225475,0.00976424301542545,1.3379,1.3639,0.0259999999999998,66,1.3639,75.0,1,65,1.3549,0.008999999999999897,0.006598724246645573,False
WT-01,w1118_sv_feb_40xx0.75-1,3281,5,5,1.44652,0.14878283503146453,0.10285570543889094,1.1805,1.5185,0.33799999999999986,65,1.5139,107.0,2,64;66,1.5141;1.5056,0.008299999999999974,0.005482528568597644,False
WT-01,w1118_sv_feb_40xx0.75-1,3282,4,3,1.7289666666666668,0.12432137118505948,0.07190501331338149,1.5986,1.8462,0.24760000000000004,64,1.5986,192.0,1,63,1.8462,0.24760000000000004,0.15488552483423,False
WT-01,w1118_sv_feb_40xx0.75-1,3283,5,5,1.46678,0.09787143096941003,0.06672536506457004,1.3709,1.6133,0.24239999999999995,65,1.4852,112.0,2,64;66,1.4819;1.3709,0.11430000000000007,0.07695933207648806,False
WT-01,w1118_sv_feb_40xx0.75-1,3284,3,3,1.6212666666666669,0.05294991344028175,0.03265959544406539,1.5656,1.671,0.10539999999999994,64,1.6272,144.0,1,63,1.671,0.04380000000000006,0.02691740412979355,False
WT-01,w1118_sv_feb_40xx0.75-1,3286,4,3,1.4772666666666667,0.10003910901908987,0.06771905931162724,1.3618,1.5379,0.17610000000000015,64,1.5379,89.0,1,65,1.5321,0.005800000000000027,0.0037713765524416587,False
WT-01,w1118_sv_feb_40xx0.75-1,3287,5,5,1.5380800000000001,0.11242180393500181,0.07309229944801428,1.3647,1.6195,0.2547999999999999,64,1.6195,125.0,2,63;65,1.6055;1.6175,0.014000000000000012,0.008644643408459409,False
WT-01,w1118_sv_feb_40xx0.75-1,3288,3,3,1.5923666666666667,0.04220928018023206,0.02650726184101153,1.5437,1.619,0.07529999999999992,62,1.6144,127.0,1,63,1.619,0.0045999999999999375,0.0028493557978195847,False
WT-01,w1118_sv_feb_40xx0.75-1,3289,3,3,1.7789333333333335,0.2911317628382951,0.16365524069009244,1.4428,1.9513,0.5085,62,1.9513,107.0,1,63,1.9427,0.008599999999999941,0.004407318198124297,False
WT-01,w1118_sv_feb_40xx0.75-1,3290,4,3,1.4673666666666667,0.23925395155218085,0.16304987498160936,1.1911,1.6055,0.4143999999999999,62,1.6055,92.0,1,63,1.6055,0.0,0.0,False
WT-01,w1118_sv_feb_40xx0.75-1,3291,5,5,1.8081800000000001,0.07331130199362167,0.04054425001582899,1.6889,1.8895,0.2005999999999999,62,1.8156,121.0,1,63,1.8152,0.000400000000000178,0.00022031284423891715,False
WT-01,w1118_sv_feb_40xx0.75-1,3293,5,5,1.42242,0.15696391942099305,0.11034991030848347,1.1652,1.5694,0.4041999999999999,63,1.5014,112.0,2,62;64,1.4831;1.393,0.10840000000000005,0.07219928067137342,False
WT-01,w1118_sv_feb_40xx0.75-1,3294,5,5,2.05616,0.2847121318103604,0.13846788762078846,1.7829,2.4432,0.6603000000000001,65,2.4432,295.0,2,64;66,1.8921;1.7829,0.6603000000000001,0.2702603143418468,True
WT-01,w1118_sv_feb_40xx0.75-1,3295,5,5,1.56874,0.062997801548943,0.040158217135371696,1.5137,1.6523,0.13860000000000006,65,1.6523,110.0,2,64;66,1.6178;1.5449,0.10740000000000016,0.06500030260848523,False
WT-01,w1118_sv_feb_40xx0.75-1,3296,5,5,1.69016,0.07213811752464848,0.04268123581474445,1.5999,1.7682,0.1682999999999999,63,1.7577,226.0,2,62;64,1.6469;1.6781,0.11080000000000001,0.06303692325197702,False
WT-01,w1118_sv_feb_40xx0.75-1,3297,4,3,1.5191,0.15234175396128274,0.10028421694508773,1.3432,1.6086,0.2654000000000001,62,1.6055,84.0,1,63,1.6086,0.0031000000000001027,0.001930862659607663,False
WT-01,w1118_sv_feb_40xx0.75-1,3298,5,5,1.26,0.11942045469683991,0.09477813864828565,1.0704,1.3396,0.2691999999999999,66,1.3396,75.0,1,65,1.3391,0.0004999999999999449,0.00037324574499846593,False
WT-01,w1118_sv_feb_40xx0.75-1,3299,5,5,1.6269399999999998,0.3017524946044357,0.18547241730145902,1.1353,1.8553,0.72,66,1.8121,121.0,1,65,1.5375,0.27459999999999996,0.15153689090006067,False
WT-01,w1118_sv_feb_40xx0.75-1,3300,5,5,1.8003999999999998,0.14558337817209765,0.08086168527665945,1.5486,1.9132,0.36460000000000004,65,1.8774,129.0,2,64;66,1.8114;1.5486,0.3288,0.17513582614253756,False
WT-01,w1118_sv_feb_40xx0.75-1,3302,5,5,1.72424,0.05973644616145152,0.03464508778444504,1.6611,1.7988,0.13769999999999993,62,1.7988,257.0,1,63,1.6986,0.10019999999999984,0.055703802535023265,False
WT-01,w1118_sv_feb_40xx0.75-1,3303,4,3,1.7811666666666668,0.19318181418894828,0.10845802237612891,1.5581,1.8931,0.33499999999999996,65,1.8923,93.0,2,64;66,1.5581;1.8931,0.33420000000000005,0.1766104740263172,False
WT-01,w1118_sv_feb_40xx0.75-1,3304,5,5,1.7791000000000001,0.1500909391002668,0.08436340795923039,1.5972,1.9516,0.35440000000000005,65,1.8934,234.0,2,64;66,1.7926;1.6607,0.2326999999999999,0.1229006020914756,False
WT-01,w1118_sv_feb_40xx0.75-1,3305,5,5,1.7874200000000002,0.1489248535335858,0.08331833230778764,1.5575,1.9375,0.3799999999999999,62,1.9375,144.0,1,63,1.8921,0.04540000000000011,0.023432258064516185,False
WT-01,w1118_sv_feb_40xx0.75-1,3306,5,5,2.3365,0.6104663790906096,0.26127386222581195,1.612,3.0822,1.4701999999999997,65,3.0822,181.0,2,64;66,2.1799;2.8378,0.9022999999999999,0.2927454415677114,True
WT-01,w1118_sv_feb_40xx0.75-1,3311,3,3,1.4749666666666668,0.30837226420891567,0.20907066659738005,1.2237,1.8191,0.5953999999999999,65,1.8191,101.0,0,,,,,False
WT-01,w1118_sv_feb_40xx0.75-1,3312,5,5,1.60244,0.1491195258844394,0.09305779054719017,1.3794,1.791,0.41159999999999997,65,1.6367,128.0,2,64;66,1.5674;1.6377,0.06930000000000014,0.04234129651127277,False
WT-01,w1118_sv_feb_40xx0.75-1,3313,4,4,1.96065,0.13345587285691105,0.068067157757331,1.8921,2.1608,0.26870000000000016,65,2.1608,296.0,1,64,1.8923,0.26849999999999996,0.12425953350610883,False
WT-01,w1118_sv_feb_40xx0.75-1,3316,5,5,3.02506,1.1830434429893097,0.39108098450586426,1.5879,4.0597,2.4718,65,4.0597,366.0,2,64;66,3.7951;1.8921,2.1676,0.5339310786511319,True
WT-01,w1118_sv_feb_40xx0.75-1,3317,5,5,1.6145399999999999,0.1540223295499714,0.09539703540944876,1.3767,1.786,0.4093,65,1.786,142.0,2,64;66,1.7062;1.612,0.17399999999999993,0.09742441209406491,False
WT-01,w1118_sv_feb_40xx0.75-1,3321,5,5,1.36606,0.1134921274802794,0.08307989947753348,1.1669,1.4482,0.2812999999999999,63,1.4241,103.0,2,62;64,1.3966;1.3945,0.02959999999999985,0.020785057229127064,False
WT-01,w1118_sv_feb_40xx0.75-1,3323,4,4,1.9319000000000002,0.012906587465321745,0.006680774090440367,1.9183,1.9477,0.029400000000000093,63,1.9364,141.0,2,62;64,1.9477;1.9252,0.011300000000000088,0.0058355711629829,False
WT-01,w1118_sv_feb_40xx0.75-1,3324,3,3,1.6359333333333332,0.03858397767640511,0.023585299529160792,1.6113,1.6804,0.06909999999999994,62,1.6161,155.0,1,63,1.6804,0.0642999999999998,0.03978714188478423,False
WT-01,w1118_sv_feb_40xx0.75-1,3327,5,5,1.7780999999999998,0.15780704990588987,0.08875037956576677,1.6055,1.9066,0.30110000000000015,63,1.8933,242.0,2,62;64,1.6055;1.8795,0.28780000000000006,0.1520097184809592,False
WT-01,w1118_sv_feb_40xx0.75-1,3339,5,4,1.46335,0.1288961985475134,0.0880829593381716,1.3505,1.6087,0.2582,65,1.535,76.0,2,64;66,1.3592;1.6087,0.17579999999999996,0.11452768729641692,False
WT-01,w1118_sv_feb_40xx0.75-1,3344,5,5,1.7468800000000002,0.17299405192086806,0.0990303008339829,1.5137,1.9229,0.4092,63,1.9229,129.0,2,62;64,1.6455;1.7503,0.2774000000000001,0.14426127203702746,False
WT-01,w1118_sv_feb_40xx0.75-1,3347,5,4,1.626525,0.02502630282988942,0.015386362232298563,1.5923,1.6516,0.05929999999999991,65,1.6516,125.0,2,64;66,1.6354;1.5923,0.05929999999999991,0.03590457737951072,False
WT-01,w1118_sv_feb_40xx0.75-1,3348,5,4,1.89235,0.00033166247903561503,0.00017526487121072477,1.8921,1.8928,0.000700000000000145,65,1.8921,143.0,2,64;66,1.8921;1.8924,0.000300000000000189,0.00015855398763288885,False
WT-01,w1118_sv_feb_40xx0.75-1,3349,4,4,1.395225,0.17903585069290828,0.12832041476672815,1.1353,1.5137,0.37840000000000007,63,1.5137,112.0,1,64,1.5137,0.0,0.0,False
WT-01,w1118_sv_feb_40xx0.75-1,3352,4,4,1.350225,0.14390444456884113,0.10657812184550067,1.1371,1.4411,0.30400000000000005,66,1.4334,109.0,1,65,1.4411,0.00770000000000004,0.005371843170085141,False
WT-01,w1118_sv_feb_40xx0.75-1,3354,4,4,1.660425,0.08149250988076552,0.049079307936682186,1.5614,1.761,0.1996,65,1.761,137.0,2,64;66,1.6602;1.5614,0.1996,0.11334469051675185,False
WT-01,w1118_sv_feb_40xx0.75-1,3355,3,3,1.7811666666666668,0.2071236426227903,0.11628537996975219,1.5422,1.9091,0.3669,65,1.9091,135.0,1,64,1.8922,0.016899999999999915,0.00885233879838663,False
WT-01,w1118_sv_feb_40xx0.75-1,3356,3,3,1.5048333333333332,0.13741842428631368,0.09131803585312682,1.352,1.6182,0.2662,65,1.6182,115.0,1,66,1.5443,0.07390000000000008,0.04566802620195283,False
WT-01,w1118_sv_feb_40xx0.75-1,3357,4,4,1.6670499999999997,0.1567157192711269,0.09400780976642988,1.5284,1.8921,0.3636999999999999,63,1.8921,129.0,1,64,1.6177,0.2744,0.14502404735479096,False
WT-01,w1118_sv_feb_40xx0.75-1,3361,4,3,1.7121333333333333,0.14131292698593903,0.08253616948793262,1.6292,1.8753,0.24609999999999999,65,1.8753,130.0,2,64;66,1.6292;1.6319,0.24609999999999999,0.1312323361595478,False
WT-01,w1118_sv_feb_40xx0.75-1,3362,3,3,1.7586333333333333,0.1309754684409768,0.07447571131426493,1.6303,1.8921,0.2617999999999998,65,1.8921,128.0,1,66,1.6303,0.2617999999999998,0.13836477987421375,False
WT-01,w1118_sv_feb_40xx0.75-1,3363,3,3,1.5538999999999998,0.2366155320345645,0.1522720458424381,1.281,1.7018,0.42080000000000006,63,1.7018,103.0,1,64,1.6789,0.02289999999999992,0.013456340345516465,False
WT-01,w1118_sv_feb_40xx0.75-1,3367,3,3,1.6748,0.18822877038327582,0.11238880486223776,1.5622,1.8921,0.32989999999999986,65,1.5701,199.0,1,64,1.8921,0.32199999999999984,0.2050824788230048,False
WT-01,w1118_sv_feb_40xx0.75-1,3368,4,4,1.647175,0.04350757596863631,0.02641345088933253,1.5898,1.6944,0.1045999999999998,65,1.6595,139.0,2,64;66,1.645;1.5898,0.06969999999999987,0.042000602591141835,False
WT-01,w1118_sv_feb_40xx0.75-1,3369,4,4,1.7724,0.15490472340549635,0.0873982867329589,1.5559,1.8968,0.3409,65,1.8968,135.0,2,64;66,1.8704;1.5559,0.3409,0.17972374525516657,False
WT-01,w1118_sv_feb_40xx0.75-1,3371,4,4,1.54075,0.1418543971824631,0.0920684064140601,1.3281,1.6185,0.2904,63,1.6068,121.0,1,64,1.6096,0.0027999999999999137,0.0017425939756036306,False
WT-01,w1118_sv_feb_40xx0.75-1,3375,4,4,1.5431249999999999,0.13606256832795716,0.08817339381317597,1.406,1.6952,0.2892000000000001,65,1.6952,125.0,2,64;66,1.6178;1.4535,0.24170000000000003,0.14257904672015104,False
WT-01,w1118_sv_feb_40xx0.75-1,3376,3,3,1.7499333333333336,0.12300655809075106,0.07029213956193629,1.673,1.8918,0.21879999999999988,65,1.8918,327.0,1,64,1.685,0.20679999999999987,0.10931388095993227,False
WT-01,w1118_sv_feb_40xx0.75-1,3380,4,4,1.6309250000000002,0.20459619375736193,0.12544794748830382,1.3542,1.8447,0.49049999999999994,65,1.8447,110.0,2,64;66,1.6881;1.6367,0.20799999999999996,0.11275546159267087,False
WT-01,w1118_sv_feb_40xx0.75-1,3384,4,4,1.540875,0.12924999999999998,0.08388091181958302,1.347,1.6055,0.25849999999999995,65,1.6055,83.0,2,64;66,1.6055;1.6055,0.0,0.0,False
WT-01,w1118_sv_feb_40xx0.75-1,3386,4,4,1.5650499999999998,0.03881447324559913,0.02480078799118184,1.5137,1.6029,0.08919999999999995,65,1.5852,120.0,2,64;66,1.5584;1.5137,0.0714999999999999,0.04510471864748921,False
WT-01,w1118_sv_feb_40xx0.75-1,3388,4,3,1.6335,0.023323164450820087,0.014278031497288086,1.6171,1.6602,0.043099999999999916,65,1.6602,137.0,2,64;66,1.6232;1.6171,0.043099999999999916,0.02596072762317788,False
WT-01,w1118_sv_feb_40xx0.75-1,3389,4,3,1.7859333333333334,0.20823153779707176,0.1165953588023471,1.5458,1.9166,0.3708,65,1.9166,128.0,2,64;66,1.5458;1.8954,0.3708,0.19346759887300427,False
WT-01,w1118_sv_feb_40xx0.75-1,3392,3,3,1.5239,0.009429740187301005,0.0061878995913780465,1.5137,1.5323,0.01859999999999995,64,1.5323,113.0,1,65,1.5257,0.006599999999999939,0.004307250538406277,False
WT-01,w1118_sv_feb_40xx0.75-1,3396,3,3,1.2563333333333333,0.1502526649791389,0.11959617801470328,1.0834,1.3549,0.2715000000000001,66,1.3549,76.0,1,65,1.3307,0.0242,0.01786109675990848,False
WT-01,w1118_sv_feb_40xx0.75-1,3397,3,3,1.7559666666666667,0.1024801118916901,0.0583610804447826,1.6853,1.8735,0.18819999999999992,66,1.6853,118.0,1,65,1.7091,0.023800000000000043,0.014122114757016581,False
WT-01,w1118_sv_feb_40xx0.75-1,3405,3,3,1.6768666666666665,0.03755866522299932,0.022398122623344723,1.634,1.704,0.07000000000000006,65,1.704,130.0,2,64;66,1.6926;1.634,0.07000000000000006,0.04107981220657281,False
WT-01,w1118_sv_feb_40xx0.75-1,3407,3,3,1.7364,0.11859860876081138,0.06830143328772828,1.6055,1.8367,0.23120000000000007,65,1.767,134.0,2,64;66,1.8367;1.6055,0.16149999999999998,0.09139784946236558,False
WT-01,w1118_sv_feb_40xx0.75-1,3410,3,3,1.7730666666666668,0.10776684709748786,0.0607799182757677,1.7014,1.897,0.1956,66,1.7014,206.0,1,65,1.897,0.1956,0.11496414717291642,False
WT-01,w1118_sv_feb_40xx0.75-1,3415,3,3,1.6477333333333333,0.16819549141797271,0.10207688830189314,1.4709,1.8057,0.3348,66,1.6666,116.0,1,65,1.8057,0.1391,0.08346333853354133,False
WT-01,w1118_sv_feb_40xx0.75-1,3417,3,3,1.64,0.21832514742924133,0.13312508989587887,1.5137,1.8921,0.37839999999999985,65,1.8921,117.0,2,64;66,1.5142;1.5137,0.37839999999999985,0.19998942973415773,False
WT-01,w1118_sv_feb_40xx0.75-1,3419,3,3,1.9186333333333334,0.1086296613882844,0.056618249824502365,1.8406,2.0427,0.20209999999999995,65,2.0427,140.0,2,64;66,1.8406;1.8726,0.20209999999999995,0.0989376805208792,False
WT-01,w1118_sv_feb_40xx0.75-1,3422,3,3,1.4272,0.3089978802516289,0.2165063622839328,1.0704,1.6057,0.5352999999999999,64,1.6057,111.0,1,65,1.6055,0.00019999999999997797,0.0001245562682941882,False
WT-01,w1118_sv_feb_40xx0.75-1,3424,3,3,1.7137,0.1553753841507721,0.09066661851594333,1.6222,1.8931,0.2708999999999999,66,1.6258,220.0,1,65,1.8931,0.2673000000000001,0.16441136671177273,False
WT-01,w1118_sv_feb_40xx0.75-1,3431,3,3,1.6307333333333334,0.03210861774248983,0.019689680149517497,1.6063,1.6671,0.060799999999999965,65,1.6671,228.0,2,64;66,1.6188;1.6063,0.060799999999999965,0.036470517665406973,False
WT-01,w1118_sv_feb_40xx0.75-1,3434,3,3,1.8859000000000001,0.07877353616538993,0.041769731250538164,1.8017,1.9578,0.1560999999999999,65,1.9578,228.0,2,64;66,1.8017;1.8982,0.1560999999999999,0.07973235264071912,False
WT-01,w1118_sv_feb_40xx0.75-1,3437,3,3,1.528533333333333,0.012778627991037687,0.008360058437960805,1.5138,1.5366,0.02279999999999993,64,1.5138,165.0,1,65,1.5366,0.02279999999999993,0.015061434799841412,False
WT-01,w1118_sv_feb_40xx0.75-1,3446,3,3,1.6317000000000002,0.058158490351796384,0.03564288187276851,1.5757,1.6918,0.11609999999999987,65,1.6918,142.0,2,64;66,1.6276;1.5757,0.11609999999999987,0.06862513299444371,False
